# generated by make-samples
v 2.6000246832864637 -0.0035075824666840703 -0.002728165161008942
v 2.6304709913786444 0.09073835268045277 -0.12334854332401234
v 2.717174741244621 0.17117019617720597 -0.22519022392326446
v 2.84693607293875 0.22554292896767186 -0.2927487342846628
v 3 0.24557879537455207 -0.3157389036251059
v 3.15306392706125 0.2282275163629804 -0.2906606870689153
v 3.282825258755379 0.1761306668727327 -0.2213320157521719
v 3.3695290086213556 0.09721951997958252 -0.11830755141687933
v 3.3999753167135363 0.0035075824666841 0.0027281651610089035
v 3.369529008621356 -0.09073835268045273 0.1233485433240123
v 3.282825258755379 -0.17117019617720597 0.22519022392326446
v 3.1530639270612504 -0.2255429289676718 0.29274873428466275
v 3 -0.24557879537455207 0.3157389036251059
v 2.84693607293875 -0.22822751636298036 0.2906606870689153
v 2.7171747412446217 -0.1761306668727327 0.2213320157521719
v 2.6304709913786444 -0.09721951997958266 0.1183075514168795
v 2.6000246832864637 -0.0035075824666841306 -0.002728165161008865
v 2.5933182239728265 0.10455180102900599 0.08133449477498354
v 2.62355796841639 0.20138618251060553 -0.037270774987587435
v 2.7096822111415997 0.28903262438404254 -0.13349585299911026
v 2.8385793169117464 0.35414775039106033 -0.19269134341483501
v 2.990625869828498 0.3868183728671776 -0.20584526942742437
v 3.1426741605157145 0.3820706857003357 -0.17095506504209784
v 3.271576215037453 0.340627481223795 -0.09333244759603113
v 3.357707864092815 0.26879811163552464 0.015205243055391587
v 3.387956344898463 0.17751794732048215 0.13813412740710698
v 3.3577166004548995 0.08068356583888264 0.2567393971696779
v 3.27159235772969 -0.006962876034554394 0.3529644751812008
v 3.1426952519595432 -0.07207800204157211 0.41215996559692547
v 2.9906486990427914 -0.10474862451768949 0.4253138916095149
v 2.838600408355575 -0.10000093735084756 0.39042368722418835
v 2.7096983538338364 -0.05855773287430685 0.31280106977812167
v 2.623566704778475 0.013271636713963322 0.20426337912669915
v 2.5933182239728265 0.10455180102900594 0.08133449477498363
v 2.572414373017673 0.21100873891498612 0.16427475613467557
v 2.6020939623440253 0.3105252241734201 0.04776664167214022
v 2.6866740040773363 0.4054034279301272 -0.04280317995007735
v 2.8132779535836985 0.4811990037362075 -0.09364627440747206
v 2.962631507218427 0.5263727622637911 -0.09702224146270447
v 3.1119969403339702 0.5340474082781941 -0.05241712073483304
v 3.2386347197395096 0.5030545464945629 0.03337836249175005
v 3.3232653914948806 0.4381125591684638 0.14730262363378982
v 3.353004703004278 0.3491082751697143 0.27201172665840945
v 3.3233251136779263 0.2495917899112804 0.38851984112094484
v 3.238745071944615 0.15471358615457323 0.47908966274316245
v 3.112141122438253 0.07891801034849291 0.5299327572005571
v 2.9627875688035243 0.03374425182090926 0.5333087242557896
v 2.8134221356879805 0.026069605806506302 0.4887036035279181
v 2.6867843562824416 0.05706246759013742 0.40290812030133505
v 2.6021536845270705 0.12200445491623642 0.2889838591592955
v 2.572414373017673 0.21100873891498606 0.16427475613467565
v 2.5377495142993305 0.31426650402463296 0.2449737295726308
v 2.56650164914143 0.41651868481038606 0.1306218346912269
v 2.648567425788594 0.5185559579750294 0.045697440169924164
v 2.771453073674411 0.6048440736494307 0.00312951523303745
v 2.916450366869437 0.6622464484258788 0.009398640573007322
v 3.061484781888464 0.6820240910984825 0.06355039868658613
v 3.184476143785093 0.6611660348551152 0.15734067528789117
v 3.2667001326300324 0.6028477296800789 0.27649075097534836
v 3.2956388914839567 0.51594760887952 0.40286110682366794
v 3.2668867566418576 0.4136954280937669 0.5172130017050719
v 3.184820979994693 0.3116581549291235 0.6021373962263746
v 3.0619353321088765 0.2253700392547223 0.6447053211632613
v 2.9169380389138504 0.1679676644782741 0.6384361958232915
v 2.771903623894823 0.14819002180567042 0.5842844377097125
v 2.648912261998195 0.1690480780490377 0.4904941611084076
v 2.5666882731532548 0.22736638322407388 0.3713440854209507
v 2.5377495142993305 0.3142665040246329 0.2449737295726309
v 2.490038087354161 0.4128168142515771 0.3223575636448415
v 2.517488206058203 0.5178110737820877 0.21019140990334068
v 2.5960739802569255 0.6268396020747784 0.1308465568358248
v 2.7138314382103883 0.7233037940431569 0.09640253905893881
v 2.852833074419192 0.7925178509101156 0.11210314604341509
v 2.9919171498235166 0.8239445599446479 0.17555810270222383
v 3.1099093747433364 0.8127994895800729 0.2771069671046758
v 3.188846502536791 0.7607793757490827 0.40128984518824595
v 3.216711071064173 0.6758038092189396 0.5292010194853038
v 3.1892609523601307 0.570809549688429 0.6413671732268045
v 3.1106751781614084 0.4617810213957384 0.7207120262943205
v 2.992917720207946 0.3653168294273599 0.7551560440712065
v 2.8539160839991418 0.2961027725604011 0.7394554370867302
v 2.714832008594817 0.26467606352586887 0.6760004804279214
v 2.5968397836749975 0.2758211338904438 0.5744516160254696
v 2.5179026558815427 0.32784124772143386 0.45026873794189953
v 2.490038087354161 0.41281681425157707 0.3223575636448416
v 2.430251016031716 0.505279873077597 0.39541961147188875
v 2.4560262901570513 0.6129685196585989 0.2854317019649609
v 2.530183002567206 0.7287209272887649 0.21153507329540885
v 2.641431466030007 0.8349148412045905 0.1849798173035646
v 2.7728351104530744 0.915383200662618 0.20980873099019165
v 2.9043889221499994 0.9578754273828576 0.282241837321164
v 3.0160650258281985 0.9559224650401473 0.391251852465335
v 3.090861747049066 0.9098216344475171 0.5202429897952529
v 3.1173919630406908 0.8265913691576247 0.6495775179600091
v 3.0916166889153556 0.7189027225766229 0.7595654274669368
v 3.017459976505201 0.6031503149464568 0.833462056136489
v 2.9062115130424004 0.49695640103063127 0.8600173121283332
v 2.7748078686193325 0.41648804157260366 0.8351883984417061
v 2.6432540569224074 0.373995814852364 0.7627552921107337
v 2.5315779532442084 0.37594877719507436 0.6537452769665628
v 2.456781232023341 0.4220496077877046 0.5247541396366452
v 2.430251016031716 0.5052798730775969 0.3954196114718888
v 2.359586108356535 0.5904392485623349 0.4632425803781707
v 2.3833274154423143 0.7007139837282238 0.3553797845756327
v 2.4521382545178767 0.8228200393008714 0.28672318099961275
v 2.5555427991057775 0.9381678752134925 0.2677251151708988
v 2.6777986446570394 1.0291968290791265 0.30127787039401677
v 2.800293446938483 1.0820485678512526 0.3822733438427306
v 2.9043784827209054 1.0886768934040194 0.49838070891026864
v 2.9742077488396323 1.0480727032579389 0.6319236717809836
v 2.9991503725319615 0.9664176172848515 0.7625715269277823
v 2.975409065446182 0.8561428821189626 0.8704343227303203
v 2.90659822637062 0.734036826546315 0.9390909263063403
v 2.803193681782719 0.6186889906336941 0.9580889921350542
v 2.680937836231457 0.52766003676806 0.9245362369119362
v 2.5584430339500135 0.47480829799593394 0.8435407634632222
v 2.454357998167591 0.4681799724431672 0.7274333983956843
v 2.384528732048864 0.5087841625892475 0.5938904355249695
v 2.359586108356535 0.5904392485623348 0.46324258037817073
v 2.279430968733174 0.6672698045000575 0.5250207158098821
v 2.3008084543091694 0.7799555569076222 0.4191742519521916
v 2.363408376095645 0.9079404417304173 0.3554587228748058
v 2.4577004634703146 1.0317399204400424 0.3435742402970471
v 2.5693296008902844 1.132506644648026 0.3853301089582765
v 2.6813012641040155 1.1948997940463324 0.4743693763727138
v 2.7765687824128715 1.209420577234377 0.5971366212194801
v 2.840628539756533 1.1738583366030073 0.7349416433585009
v 2.8637280187825738 1.0936271009158354 0.8668048773747468
v 2.8423505332065786 0.9809413485082707 0.9726513412324371
v 2.779750611420103 0.8529564636854756 1.036366870309823
v 2.6854585240454334 0.7291569849758508 1.0482513528875819
v 2.5738293866254636 0.6283902607678669 1.0064954842263523
v 2.4618577234117325 0.5659971113695605 0.9174562168119149
v 2.366590205102877 0.551476328181516 0.7946889719651488
v 2.302530447759215 0.5870385688128855 0.6568839498261283
v 2.279430968733174 0.6672698045000574 0.5250207158098822
v 2.1913190895148658 0.7349568318291664 0.5800821620069917
v 2.210052195423704 0.849805917072905 0.4760758739371209
v 2.2656523640378294 0.9830905588713861 0.4168950061915424
v 2.349654973702525 1.1145193787390775 0.4115493094086183
v 2.4492713885818937 1.2240835302563422 0.46085261746468703
v 2.549335912535601 1.295102864556183 0.5572989486438125
v 2.6346146288788646 1.3167653317833183 0.6862052233121421
v 2.6921246261019096 1.285773017673171 0.8279466296897124
v 2.7131105284569514 1.2068442211029835 0.9609443235445868
v 2.694377422548113 1.091995135859245 1.0649506116144576
v 2.6387772539339878 0.9587104940607638 1.124131479360036
v 2.5547746442692927 0.8272816741930725 1.1294771761429603
v 2.4551582293899235 0.7177175226758078 1.0801738680868915
v 2.3550937054362158 0.6466981883759667 0.9837275369077659
v 2.2698149890929527 0.6250357211488315 0.8548212622394364
v 2.2123049918699076 0.656028035258979 0.7130798558618663
v 2.1913190895148658 0.7349568318291663 0.5800821620069918
v 2.096879852176757 0.7929044605275062 0.6279118156843689
v 2.112763080151998 0.9095908764303975 0.5254884149928656
v 2.16068155638525 1.047494900372417 0.47030826083876387
v 2.233340127252069 1.185621894811482 0.4707720314826826
v 2.3196771839895667 1.3029432769685678 0.5268091220481765
v 2.4065486923568273 1.3815979299312353 0.6298883934741402
v 2.4807292526971203 1.4096113957921235 0.7643169611018927
v 2.5309255471470893 1.3827188783166122 0.9096292941081092
v 2.549495644907269 1.30501451950907 1.043702907052172
v 2.533612416932028 1.1883281036061788 1.1461263077436752
v 2.485693940698776 1.0504240796641593 1.201306461897777
v 2.4130353698319578 0.9122970852250945 1.2008426912538581
v 2.3266983130944596 0.7949757030680085 1.1448056006883642
v 2.239826804727199 0.7163210501053408 1.0417263292624006
v 2.165646244386906 0.6883075842444528 0.9072977616346481
v 2.115449949936937 0.715200101719964 0.7619854286284319
v 2.096879852176757 0.7929044605275061 0.627911815684369
v 1.9977830797008762 0.8407313926839733 0.6681753041269023
v 2.010719349125213 0.9588447650108317 0.5669802755565909
v 2.0504199093065076 1.1005925694179046 0.5151153060352094
v 2.1108407098436324 1.2443949876312619 0.5204763670152683
v 2.182783231570731 1.3683594050500871 0.5822472855606928
v 2.2552948777154356 1.4536133628626065 0.691023999277713
v 2.317336407471925 1.4871777188209157 0.8302462395662775
v 2.3594625603426405 1.4639426039920067 0.9787186823952039
v 2.3752600114275424 1.3874453539817408 1.1138377442498335
v 2.3623237420032055 1.2693319816548823 1.2150327728201449
v 2.322623181821911 1.1275841772478095 1.2668977423415264
v 2.2622023812847862 0.9837817590344525 1.2615366813614675
v 2.1902598595576874 0.859817341615627 1.199765762816043
v 2.117748213412983 0.7745633838031077 1.0909890490990228
v 2.055706683656494 0.7409990278447984 0.9517668088104583
v 2.013580530785778 0.7642341426737073 0.8032943659815323
v 1.9977830797008762 0.8407313926839732 0.6681753041269024
v 1.8956783492571008 0.8782520651241853 0.7007452543687998
v 1.9057227009067417 0.9972902049604992 0.6003082997124745
v 1.9368645582166184 1.1420204195305008 0.5508927221058045
v 1.9843628557129418 1.2904088456485692 0.5600215952860788
v 2.0409864081750353 1.4198646905826613 0.6263051310650422
v 2.098114793034327 1.5106794754617177 0.7396522619820953
v 2.1470507315660874 1.5490274725259774 0.8828069148494175
v 2.1803441707342444 1.5290705468478656 1.0339750914681185
v 2.1929264862312223 1.453846959451893 1.170142807290935
v 2.1828821345815816 1.3348088196155792 1.2705797619472603
v 2.151740277271705 1.1900786050455776 1.3199953395539303
v 2.1042419797753817 1.0416901789275093 1.310866466373656
v 2.047618427313288 0.9122343339934171 1.2445829305946927
v 1.990490042453996 0.8214195491143607 1.1312357996776392
v 1.9415541039222355 0.7830715520501011 0.9880811468103172
v 1.908260664754079 0.8030284777282128 0.8369129701916164
v 1.8956783492571008 0.8782520651241852 0.7007452543687999
v 1.7921281027737892 0.9054417270991493 0.7257318376405695
v 1.7995458298912859 1.0247997478807016 0.6254462963302236
v 1.822048477573505 1.1715776622946223 0.5774002321420101
v 1.8562102216978384 1.3234298634164992 0.588908222809928
v 1.896830246398337 1.4572382301691578 0.658218281074982
v 1.9377245211357914 1.5526316516903704 0.7747785788635604
v 1.9726672632889475 1.5950873442970523 0.9208438674590826
v 1.9963387571217341 1.578141813651648 1.074177030758019
v 2.0051352322807348 1.5043748631833023 1.2114344846166927
v 1.9977175051632383 1.38501684240175 1.3117200259270385
v 1.975214857481019 1.2382389279878292 1.359766090115252
v 1.941053113356686 1.0863867268659524 1.3482580994473343
v 1.900433088656187 0.9525783601132939 1.27894804118228
v 1.8595388139187325 0.8571849385920811 1.1623877433937015
v 1.8245960717655767 0.8147292459853993 1.0163224547981795
v 1.8009245779327903 0.8316747766308035 0.8629892914992434
v 1.7921281027737892 0.9054417270991492 0.7257318376405696
v 1.6885309095180472 0.9223851274851771 0.7435205581823084
v 1.6938760619100002 1.0413372657243063 0.64262274972923
v 1.7080057714112278 1.1891683198315182 0.5946135803201492
v 1.728768917836304 1.3433723519108316 0.6068020107933941
v 1.7530045003604016 1.4804731959412034 0.6773324630978108
v 1.7770228712403298 1.579598491241255 0.7954673152301938
v 1.7971674512366933 1.6256573101745935 0.9432216068484892
v 1.8103714106561184 1.611637615082851 1.0981010864498004
v 1.814624566371188 1.5396737774548932 1.2365267572508067
v 1.809279413979235 1.420721639215764 1.3374245657038852
v 1.7951497044780074 1.2728905851085521 1.385433735112966
v 1.7743865580529312 1.118686553029239 1.373245304639721
v 1.7501509755288336 0.981585708998867 1.3027148523353043
v 1.7261326046489054 0.8824604136988152 1.1845800002029212
v 1.7059880246525418 0.8364015947654768 1.036825708584626
v 1.6927840652331168 0.8504212898572191 0.8819462289833149
v 1.6885309095180472 0.922385127485177 0.7435205581823086
v 1.5860256503428207 0.9292118901149844 0.7548205596642473
v 1.5902480407472348 1.0468791045066443 0.6523747316722394
v 1.5967359822053364 1.1947184745964567 0.6027765778409525
v 1.6045017444434648 1.3502227964554745 0.6135769674828161
v 1.6123630605576755 1.4897179467308503 0.6831316391806324
v 1.6191231164325874 1.5919670533198444 0.8008515246830776
v 1.6237527548413047 1.6414036166347419 0.9488148385558242
v 1.6255471553038765 1.6305013680544116 1.1044955075525267
v 1.6242331366161573 1.5609200760960795 1.244192561067216
v 1.6200107462117432 1.4432528617044196 1.3466383890592237
v 1.6135228047536416 1.2954134916146072 1.3962365428905108
v 1.6057570425155132 1.1399091697555896 1.3854361532486472
v 1.5978957264013025 1.0004140194802136 1.3158814815508308
v 1.5911356705263906 0.8981649128912195 1.1981615960483856
v 1.5865060321176734 0.8487283495763221 1.050198282175639
v 1.5847116316551013 0.8596305981566524 0.8945176131789367
v 1.5860256503428207 0.9292118901149843 0.7548205596642474
v 1.4853569056865492 0.926030544857211 0.7607230334884911
v 1.4899467689911008 1.041322251711892 0.6556263871016152
v 1.4901527628876896 1.1880697884774842 0.6024881935292516
v 1.4859435266728995 1.3439321729511595 0.6093982610438686
v 1.4779598784036108 1.4851807699928345 0.6753045945062839
v 1.4674172561568708 1.5903117611246347 0.790173552089245
v 1.4559206786006373 1.6433199059615513 0.9365173762904399
v 1.4452203954511118 1.6361351949721936 1.0920565464853063
v 1.4369454278195009 1.5698514352751236 1.2331116339777648
v 1.4323555645149493 1.4545597284204426 1.3382082803646407
v 1.4321495706183605 1.3078121916548504 1.3913464739370043
v 1.4363588068331505 1.1519498071811753 1.3844364064223873
v 1.4443424551024393 1.0107012101395 1.318530072959972
v 1.4548850773491793 0.9055702190076999 1.203661115377011
v 1.4663816549054127 0.8525620741707833 1.0573172911758162
v 1.4770819380549383 0.859746785160141 0.9017781209809499
v 1.4853569056865492 0.9260305448572109 0.7607230334884912
v 1.386665766909094 0.9128950175225441 0.7627510444422398
v 1.3938394986987437 1.0244079968121735 0.6537925999849648
v 1.3899761671223685 1.1688681795386004 0.5948444882919974
v 1.3756639293912836 1.324282812416544 0.5948810250026288
v 1.3530816939592887 1.4669914264274921 0.6538966477338715
v 1.3256674014624308 1.575267928745086 0.7629067629028461
v 1.2975946294221765 1.6326282034204092 0.9053155686542307
v 1.2731372029013424 1.6303396686063285 1.0594426152514163
v 1.2560185433806013 1.5687507329826684 1.2018234570151376
v 1.2488448115909516 1.457237753693039 1.3107819014724127
v 1.2527081431673268 1.312777570966612 1.36973001316538
v 1.2670203808984117 1.1573629380886687 1.3696934764547488
v 1.2896026163304066 1.0146543240777204 1.310677853723506
v 1.3170169088272645 0.9063778217601264 1.2016677385545314
v 1.3450896808675188 0.8490175470848034 1.0592589328031468
v 1.369547107388353 0.8513060818988838 0.9051318862059614
v 1.386665766909094 0.9128950175225441 0.76275104444224
v 1.2891600563863432 0.8898845423677924 0.7628208458995165
v 1.3020613203205826 0.9957436432409534 0.6488648993780064
v 1.297475862813529 1.1365193338031614 0.5816359761189459
v 1.2761017782033555 1.2907797913011336 0.5713690702568199
v 1.2411930771154014 1.4350402594553326 0.6196272251394039
v 1.1980642928421443 1.547338389713682 0.7190635741470875
v 1.153281391825785 1.6105778097294339 0.8545398345361996
v 1.113662164788055 1.6151308910719602 1.0054309737578564
v 1.0852382798962614 1.5603044683806462 1.1487651836971438
v 1.072337015962022 1.4544453675074853 1.2627211302186538
v 1.0769224734690757 1.3136696769452771 1.3299500534777144
v 1.0982965580792492 1.1594092194473054 1.3402169593398403
v 1.1332052591672033 1.0151487512931059 1.2919588044572563
v 1.1763340434404606 0.9028506210347566 1.1925224554495726
v 1.2211169444568197 0.8396112010190047 1.0570461950604606
v 1.2607361714945498 0.8350581196764784 0.9061550558388041
v 1.2891600563863432 0.8898845423677924 0.7628208458995166
v 1.1906755446743382 0.8574505303119555 0.7628770788439999
v 1.213475678841411 0.9551122697324981 0.6432907580054285
v 1.2129082665587498 1.0904087051991005 0.5654890729997605
v 1.1890596912027847 1.2427421808772143 0.5413166250950782
v 1.1455606821835873 1.3889213060012424 0.5744534503610834
v 1.0890335693048319 1.5066916338881207 0.6598547675370959
v 1.0280840930827546 1.5781236997077523 0.784519000247936
v 0.9719912587637888 1.5923426189723877 0.9294671491474616
v 0.9292946918901879 1.5471836901188103 1.072632172523962
v 0.906494557723115 1.4495219506982677 1.1922184933625335
v 0.9070619700057763 1.3142255152316653 1.2700201783682015
v 0.9309105453617413 1.1618920395535517 1.294192626272884
v 0.9744095543809388 1.0157129144295234 1.2610558010068786
v 1.0309366672596942 0.8979425865426451 1.175654483830866
v 1.0918861434817715 0.8265105207230136 1.0509902511200262
v 1.1479789778007372 0.812291601458378 0.9060421022205006
v 1.1906755446743382 0.8574505303119555 0.762877078844
v 1.087450271695004 0.8171772395086745 0.7637154062576986
v 1.1250421472856127 0.9033528761618984 0.6391394850956218
v 1.1345701224862608 1.0307609799740722 0.5495016450505248
v 1.11458364944396 1.1800048220971295 0.5084484347002299
v 1.0681254875015715 1.3283633804666328 0.5222298331722914
v 1.0022684706705371 1.4532504094445058 0.5887477474780259
v 0.9270387327680376 1.535652990972604 0.6978754281507801
v 0.8538893194304563 1.563026078994536 0.8329991750530159
v 0.7939565657373567 1.5312023689966237 0.9735476226186838
v 0.7563646901467482 1.4450267323433998 1.0981235437807606
v 0.7468367149461002 1.317618628531226 1.1877613838258576
v 0.7668231879884008 1.1683747864081686 1.2288145941761524
v 0.8132813499307894 1.0200162280386653 1.215033195704091
v 0.8791383667618238 0.8951291990607924 1.1485152813983563
v 0.9543681046643232 0.8127266175326944 1.0393876007256022
v 1.0275175180019045 0.7853535295107622 0.9042638538233667
v 1.087450271695004 0.8171772395086745 0.7637154062576987
v 0.9751575006360915 0.7726356128717441 0.7626669654921615
v 1.031991538179236 0.8437436320673811 0.6358912131614984
v 1.058086222396143 0.960335472479795 0.5354722916314683
v 1.04946887416369 1.1046610833138608 0.4766980714052275
v 1.0074514066338116 1.2547481986350124 0.4685163947225882
v 0.9384305983486404 1.3877474156786924 0.5121728476913985
v 0.8529142416944084 1.4834108092909057 0.6010211310938884
v 0.7639214267640191 1.5271744949850155 0.7215348991937238
v 0.6850005029087478 1.5123758483328915 0.855367023257733
v 0.6281664653656035 1.4412678291372545 0.9821427755883959
v 0.6020717811486964 1.3246759887248407 1.0825616971184262
v 0.6106891293811494 1.1803503778907751 1.1413359173446669
v 0.6527065969110277 1.0302632625696233 1.1495175940273064
v 0.7217274051961989 0.897264045525943 1.105861141058496
v 0.8072437618504309 0.80160065191373 1.017012857656006
v 0.8962365767808202 0.7578369662196204 0.8964990895561709
v 0.9751575006360915 0.7726356128717441 0.7626669654921616
v 0.8523004891073183 0.7289238811176275 0.7517369987357724
v 0.9304488272360921 0.7824477203529052 0.627694322702017
v 0.9778593524811984 0.885702307745127 0.5206930055380052
v 0.987314242151551 1.0229680683689928 0.4470230278126027
v 0.9573740750036269 1.1733475344867372 0.4178999758144906
v 0.8925969700774069 1.313946795575189 0.4377575702092579
v 0.8028446543919894 1.4233608886691067 0.5035726722598426
v 0.7017811044037113 1.4849325099361654 0.605325529294429
v 0.6047923294549262 1.4892879381865918 0.7275251912214472
v 0.5266439913261524 1.435764098951314 0.8515678672552026
v 0.4792334660810461 1.3325095115590921 0.9585691844192143
v 0.46977857641069365 1.1952437509352267 1.0322391621446168
v 0.49971874355861756 1.044864284817482 1.061362214142729
v 0.5644958484848377 0.9042650237290301 1.0415046197479616
v 0.6542481641702551 0.7948509306351125 0.975689517697377
v 0.755311714158533 0.7332793093680539 0.8739366606627909
v 0.8523004891073181 0.7289238811176275 0.7517369987357725
v 0.7237038204003834 0.6899847361126018 0.7202434945541392
v 0.8216757840203277 0.7260368477112418 0.6042250081387416
v 0.8914176268211869 0.8153420899097014 0.4968974782360976
v 0.9223117854479097 0.9443045491373017 0.41460054834740334
v 0.9096549043058226 1.0932908600242446 0.3698631800246853
v 0.8553738788138956 1.2396192073022643 0.3694962320498236
v 0.7677325030445526 1.3610124265680537 0.4135555689255994
v 0.6600733819876268 1.4389895006206688 0.49533355601155893
v 0.5487866408916724 1.461679126799536 0.602380236093164
v 0.4508146772717281 1.425627015200896 0.7183987225085615
v 0.38107283447086887 1.3363217730024366 0.8257262524112057
v 0.35017867584414625 1.2073593137748362 0.9080231822998998
v 0.3628355569862331 1.0583730028878933 0.9527605506226179
v 0.4171165824781603 0.9120446556098735 0.9531274985974796
v 0.504757958247503 0.7906514363440844 0.9090681617217038
v 0.6124170793044287 0.7126743622914691 0.8272901746357444
v 0.7237038204003833 0.6899847361126018 0.7202434945541393
v 0.598695792891059 0.6566410630935814 0.6615846557880907
v 0.7124671628974061 0.6780766949658925 0.5569178575686846
v 0.8019646019112988 0.755293704519335 0.4550047011953961
v 0.8535629361391772 0.876536502023332 0.3713605408809955
v 0.859406786934911 1.0233469706265965 0.31871944179714873
v 0.8186064809894893 1.173374547324493 0.30509553408662
v 0.7373734950274082 1.3037788935681363 0.33256293419730654
v 0.6280748147825429 1.3947071297602742 0.3969399794549581
v 0.5073501735271706 1.4323162562071672 0.4884258482984659
v 0.3935788035208236 1.4108806243348562 0.5930926465178721
v 0.3040813645069308 1.3336636147814138 0.6950058028911605
v 0.2524830302790525 1.2124208172774167 0.7786499632055611
v 0.2466391794833186 1.0656103486741522 0.831291062289408
v 0.28743948542874037 0.9155827719762556 0.8449149699999366
v 0.36867247139082143 0.7851784257326123 0.8174475698892502
v 0.47797115163568654 0.6942501895404746 0.7530705246315987
v 0.5986957928910589 0.6566410630935814 0.6615846557880908
v 0.48517720422332217 0.6281625118468284 0.5763893514961033
v 0.6102969790491635 0.6391091357756676 0.48374075210852696
v 0.7153435379367428 0.7075478709203302 0.3907896381073206
v 0.7843244945448541 0.8230595402537205 0.31168697399522105
v 0.806738123543841 0.9680585392357196 0.2584754233158599
v 0.7791721530986607 1.1204700846905171 0.2392559622962616
v 0.7058232523234476 1.2570909004367203 0.25695457965181207
v 0.5978581264517864 1.3571217057477483 0.3088768213284946
v 0.47171348719133455 1.4053337172965052 0.38711799670732716
v 0.3465937123654933 1.3943870933676659 0.4797665960949034
v 0.24154715347791386 1.3259483582230034 0.5727177100961098
v 0.17256619686980268 1.2104366888896134 0.6518203742082093
v 0.15015256787081566 1.065437689907614 0.7050319248875705
v 0.177718538315996 0.9130261444528163 0.7242513859071689
v 0.2510674390912091 0.7764053287066134 0.7065527685516183
v 0.3590325649628701 0.6763745233955855 0.654630526874936
v 0.4851772042233221 0.6281625118468284 0.5763893514961033
v 0.3864878881414272 0.6046134810375106 0.46972674079348326
v 0.5193447704269951 0.6089663178846043 0.3879425660582108
v 0.6358309876260251 0.6719683545621646 0.30535773589232634
v 0.7182125691201535 0.7840281021009177 0.2345450420552361
v 0.7539476659177948 0.9280854797622293 0.1862850752649689
v 0.7375959334709674 1.082209057680545 0.16792497798765463
v 0.6716467748158772 1.2229349182515146 0.1822599085990681
v 0.5661403515271495 1.3288388248863103 0.22710750386009118
v 0.4371390601323845 1.383797867821089 0.29564012393669653
v 0.30428217784681666 1.3794450309739952 0.37742429867196897
v 0.18779596064778653 1.3164429942964346 0.46000912883785344
v 0.10541437915365837 1.2043832467576818 0.5308218226749436
v 0.06967928235601689 1.0603258690963704 0.5790817894652109
v 0.08603101480284425 0.9062022911780543 0.5974418867425251
v 0.15198017345793446 0.765476430607085 0.5831069561311116
v 0.25748659674666197 0.6595725239722894 0.5382593608700886
v 0.3864878881414271 0.6046134810375106 0.4697267407934833
v 0.30221090079711577 0.587339316475826 0.34754183632590335
v 0.44022374567224964 0.5880717410654295 0.2746688797502229
v 0.5648339393999748 0.6482036969448456 0.20245394294596472
v 0.6570707095794641 0.7585806389289709 0.1418910954115449
v 0.702891844079294 0.9023986781701927 0.10220048168049883
v 0.6953214905414842 1.0577628219078072 0.08942463789706886
v 0.6355121666667403 1.2010202876372333 0.10550857046396989
v 0.5325692998421212 1.3103614248333257 0.14800364644910302
v 0.4021650083622635 1.3691400365378568 0.21044037575255484
v 0.26415216348712955 1.3684076119482533 0.2833133323282353
v 0.1395419697594044 1.3082756560688371 0.35552826913249347
v 0.04730519957991525 1.1978987140847122 0.41609111666691323
v 0.0014840650800851951 1.0540806748434903 0.4557817303979594
v 0.009054418617895132 0.8987165311058752 0.4685575741813894
v 0.06886374249263894 0.7554590653764497 0.45247364161448833
v 0.17180660931725786 0.6461179281803572 0.40997856562935525
v 0.30221090079711566 0.587339316475826 0.3475418363259034
v 0.22989728482397004 0.5783105233380497 0.21510601981974195
v 0.37125907466704616 0.5773843896445414 0.14896574279331887
v 0.5015315905264262 0.6362342930425644 0.0863214287807991
v 0.6008820227858165 0.7459008692154722 0.036710106718468055
v 0.6541851687476361 0.8896883760709282 0.0076846506625613265
v 0.6533261076334194 1.045706469127185 0.0036639231811763096
v 0.5984356237103974 1.190202808023962 0.025260043585368513
v 0.49787029557237433 1.3011791350267998 0.06918519831291862
v 0.3669402828013947 1.3617403103524253 0.1287521807390763
v 0.22557849295831855 1.3626664440459335 0.19489245776549938
v 0.09530597709893851 1.3038165406479105 0.25753677177801915
v -0.00404445516045171 1.1941499644750029 0.30714809384035013
v -0.0573476011222715 1.0503624576195467 0.3361735498962569
v -0.0564885400080547 0.8943443645632901 0.34019427737764196
v -0.0015980560850327452 0.7498480256665129 0.31859815697344973
v 0.09896727205299011 0.6388716986636752 0.27467300224589974
v 0.22989728482396996 0.5783105233380497 0.21510601981974198
v 0.1661752144053546 0.5794547725452008 0.07686468469663205
v 0.30955631523567145 0.5779472305990092 0.015235658756291057
v 0.44374576375046604 0.6362014426437939 -0.03915357071724368
v 0.5483144328437408 0.745348732971483 -0.0780227365762195
v 0.6073426905633903 0.888772416052337 -0.09545436066847318
v 0.6118440197640869 1.0446375362762204 -0.08879463624402506
v 0.5611331338796752 1.1892150420098802 -0.05905744597594509
v 0.46293030559073156 1.3004943186037197 -0.0107700075142474
v 0.3321860252933925 1.3615341049454812 0.048716354361994216
v 0.18880492446307562 1.3630416468916728 0.11034538030233519
v 0.05461547594828098 1.3047874348468882 0.16473460977586996
v -0.04995319314499358 1.1956401445191993 0.20360377563484572
v -0.10898145086464331 1.0522164614383451 0.22103539972709946
v -0.11348278006533985 0.8963513412144617 0.2143756753026513
v -0.06277189418092816 0.7517738354808019 0.18463848503457136
v 0.035430934108015344 0.6404945588869626 0.13635104657287375
v 0.16617521440535452 0.5794547725452008 0.07686468469663209
v 0.10725278840298622 0.592277593822239 -0.06326337915299884
v 0.25156490059892184 0.5905248435759205 -0.12267290479081189
v 0.388485336932499 0.648113330250707 -0.17057812280637888
v 0.4971692021587768 0.7562757287912941 -0.1996858980187125
v 0.561070363018746 0.8985452945144616 -0.20556483551437427
v 0.5704604470369421 1.053262775715682 -0.18731992035235082
v 0.5239098990429181 1.1968738383995297 -0.14772877547549243
v 0.42850561798699605 1.307515000109913 -0.09281879379667873
v 0.29877204081797853 1.368342146941055 -0.030949522266285712
v 0.1544599286220429 1.3700948971873737 0.028460003371527334
v 0.017539492288465686 1.3125064105125868 0.07636522138709434
v -0.09114437293781197 1.204344011972 0.10547299659942794
v -0.1550455337977813 1.0620744462488323 0.11135193409508974
v -0.16443561781597735 0.9073569650476117 0.09310701893306625
v -0.1178850698219534 0.7637459023637645 0.053515874056207884
v -0.022480788766031518 0.6531047406533812 -0.0013941076226057225
v 0.10725278840298613 0.592277593822239 -0.0632633791529988
v 0.0491284582963753 0.6177027223161249 -0.2015237003622105
v 0.19332470580434538 0.6153972455789934 -0.2611951053902726
v 0.33219795971348454 0.6716209755521091 -0.3049176525826102
v 0.44460602600530785 0.777814359016446 -0.32603498047506746
v 0.5134357955685437 0.9178104159849776 -0.32133216732507164
v 0.5282085599306041 1.0702960158516615 -0.2915251738036022
v 0.48667529963280803 1.2120566083221995 -0.24115184447323387
v 0.39515907705555253 1.3215104282559236 -0.17788106208914767
v 0.26759240748960134 1.3819941237692723 -0.11134522971825014
v 0.12339615998163128 1.3842996005064037 -0.05167382469018811
v -0.015477093927507929 1.328075870533288 -0.007951277497850406
v -0.12788516021933113 1.2218824870689513 0.013166050394606804
v -0.19671492978256708 1.0818864301004196 0.008463237244610983
v -0.2114876941446276 0.9294008302337358 -0.021343756276858444
v -0.16995443384683145 0.7876402377631978 -0.07171708560722675
v -0.07843821126957612 0.6781864178294739 -0.13498786799131285
v 0.04912845829637521 0.6177027223161249 -0.20152370036221048
v -0.012260611033385285 0.6560411338539021 -0.33396919424713273
v 0.13059177246785797 0.6522757533962521 -0.3967192383460105
v 0.27086090223322223 0.7058920737724769 -0.4392446545176328
v 0.3871920747987585 0.8087274962384505 -0.45507133364372754
v 0.46187492368606914 0.945126259929155 -0.4417898072965503
v 0.4835396621537722 1.094322889530552 -0.40142206746512277
v 0.44888803016150314 1.233603550656644 -0.340113736604307
v 0.3631954245622586 1.3417640252333212 -0.2671984523262589
v 0.23950776775311955 1.4023378614834277 -0.19377690568361336
v 0.09665538425187631 1.4061032419410777 -0.13102686158473553
v -0.04361374551348801 1.352486921564853 -0.08850144541311328
v -0.15994491807902414 1.2496514990988794 -0.07267476628701858
v -0.23462776696633492 1.1132527354081747 -0.08595629263419574
v -0.25629250543403803 0.9640561058067777 -0.12632403246562332
v -0.2216408734417689 0.8247754446806855 -0.1876323633264391
v -0.13594826784252456 0.7166149701040088 -0.2605476476044871
v -0.01226061103338537 0.6560411338539021 -0.3339691942471327
v -0.08076410320254668 0.7070475248615691 -0.4560980594118214
v 0.05902313254679811 0.7003272815691464 -0.5251843579668604
v 0.20005520556647546 0.7495988778184797 -0.5703597249183674
v 0.32086126119816505 0.8473611597287404 -0.5847466201636966
v 0.4030496725815634 0.9787307060963837 -0.5661547693192769
v 0.4341079991233526 1.123707694354839 -0.5174146131406234
v 0.4093078921519764 1.2602206922614279 -0.44594639857532037
v 0.3324249431402974 1.3674868333782797 -0.3626305134299567
v 0.21516388412967533 1.4291758200903444 -0.28015104595753443
v 0.07537664838033056 1.435896063382767 -0.21106474740249542
v -0.06565542463934684 1.3866244671334338 -0.16588938045098844
v -0.18646148027103623 1.2888621852231734 -0.15150248520565918
v -0.26864989165443476 1.1574926388555298 -0.17009433605007895
v -0.29970821819622395 1.0125156505970745 -0.21883449222873239
v -0.27490811122484776 0.8760026526904856 -0.29030270679403547
v -0.19802516221316893 0.7687365115736339 -0.373618591939399
v -0.08076410320254676 0.7070475248615691 -0.45609805941182135
v -0.15936405529045833 0.7700459428634243 -0.5625676198319817
v -0.02530384772849978 0.758329963417771 -0.6416191610596003
v 0.11527788880583047 0.8010807207970426 -0.6942280737349164
v 0.24097885930179574 0.891789799726826 -0.7123851278040944
v 0.3326622304835204 1.0166475652199094 -0.6933260763792068
v 0.3763700402004162 1.1566455543184337 -0.6399524872689614
v 0.36544817063536755 1.2904703422670805 -0.560390005582603
v 0.3015593774226589 1.3977483182253911 -0.466751297921187
v 0.1944301501755725 1.4621473828309868 -0.3732920086891654
v 0.06036994261361396 1.4738633622766402 -0.2942404674615469
v -0.08021179392071631 1.4311126048973684 -0.24163155478623075
v -0.20591276441668144 1.3404035259675853 -0.22347450071705274
v -0.2975961355984062 1.2155457604745017 -0.24253355214194033
v -0.34130394531530206 1.0755477713759771 -0.29590714125218576
v -0.33038207575025336 0.9417229834273309 -0.3754696229385442
v -0.2664932825375449 0.8344450074690203 -0.46910833059995993
v -0.1593640552904584 0.7700459428634243 -0.5625676198319817
v -0.24883178589549873 0.8440415224059653 -0.6474070507226831
v -0.12459153836748435 0.8249590767861955 -0.7399206754475554
v 0.013007736851755991 0.8587623283095582 -0.8053601837126412
v 0.1430177974506291 0.9403050383588597 -0.8337630035952012
v 0.24564579024709043 1.057173068515601 -0.8208050632403188
v 0.30526753366295034 1.1915743205997502 -0.7684590916030029
v 0.31280615773559395 1.3230474223318789 -0.6846942883476206
v 0.26711397528775865 1.431576785779906 -0.5822630854399713
v 0.17514720689646213 1.5006397991799987 -0.4767597049815781
v 0.05090695936844779 1.5197222447997685 -0.38424608025670587
v -0.08669231585079262 1.4859189932764059 -0.31880657199162
v -0.2167023764496655 1.4043762832271045 -0.29040375210906005
v -0.31933036924612707 1.287508253070363 -0.30336169246394246
v -0.378952112661987 1.1531070009862139 -0.3557076641012583
v -0.3864907367346305 1.0216338992540852 -0.43947246735664053
v -0.3407985542867954 0.9131045358060582 -0.5419036702642898
v -0.24883178589549879 0.8440415224059653 -0.647407050722683
v -0.3458920123340335 0.92752617953251 -0.7057052831910753
v -0.23704623845086006 0.8989796323428693 -0.8138544475323264
v -0.10691888521434184 0.9217067887986619 -0.8969742279427712
v 0.024679337452655936 0.9922476453516798 -0.9424103913376052
v 0.13771379308994192 1.0998629960461832 -0.9432456937198117
v 0.21497601048663123 1.2281693792745172 -0.8993529678737349
v 0.24470351742782276 1.357633311290428 -0.8174144834208892
v 0.2223705704622415 1.4685450820379597 -0.7099046318450091
v 0.1513771583167289 1.544019379838506 -0.5931908134692911
v 0.04253138443355553 1.572565927028147 -0.48504164912804004
v -0.08759596880296278 1.5498387705723542 -0.4019218687175953
v -0.2191941914699604 1.4792979140193363 -0.35648570532276136
v -0.33222864710724653 1.3716825633248328 -0.3556504029405547
v -0.4094908645039359 1.2433761800964989 -0.3995431287866316
v -0.4392183714451273 1.113912248080588 -0.4814816132394773
v -0.41688542447954624 1.0030004773330565 -0.5889914648153571
v -0.34589201233403355 0.92752617953251 -0.7057052831910752
v -0.44292609053725673 1.017650368188767 -0.7372697446795654
v -0.355276398767017 0.9787887782984257 -0.8604194826417921
v -0.2386390534662776 0.9896020926866402 -0.963557019501686
v -0.11077103313690803 1.0484440822607435 -1.030980600216428
v 0.00886091525243582 1.1463565875120425 -1.0524255958184794
v 0.10204391202578902 1.2684333170950968 -1.0246272001267973
v 0.15459169063037778 1.3960891955591959 -0.951817466892356
v 0.15850432812045273 1.509889772611601 -0.8450810179782239
v 0.11318616090629707 1.5925099420008826 -0.7206675101632584
v 0.02553646913605731 1.6313715318912239 -0.5975177722010316
v -0.09110087616468215 1.6205582175030093 -0.49438023534113773
v -0.2189688964940515 1.561716227928906 -0.42695665462639604
v -0.3386008448833955 1.463803722677607 -0.4055116590243445
v -0.43178384165674877 1.3417269930945528 -0.43331005471602657
v -0.48433162026133747 1.2140711146304537 -0.5061197879504677
v -0.48824425775141245 1.100270537578049 -0.6128562368645998
v -0.4429260905372568 1.017650368188767 -0.7372697446795653
v -0.5321370935904932 1.1095389385877112 -0.7491474046072958
v -0.4691997167350078 1.0613865923583068 -0.8836047872366718
v -0.3714644428299968 1.0615482868938075 -1.0052860910017856
v -0.25381058135503365 1.109999405666948 -1.095666440448164
v -0.13414986618477148 1.199363705055003 -1.1409862466725036
v -0.03069955647679848 1.3160362805655323 -1.1343459800022155
v 0.040790975895239154 1.4422547902165888 -1.0767565608436835
v 0.06943794544098843 1.5588036100874378 -0.9769854562144097
v 0.050880110732534664 1.6479392388704261 -0.8502219123668852
v -0.012057266122950598 1.6960915850998306 -0.7157645297375091
v -0.10979254002796174 1.6959298905643299 -0.5940832259723954
v -0.22744640150292472 1.6474787717911896 -0.5037028765260172
v -0.34710711667318705 1.5581144724031344 -0.45838307030167735
v -0.4505574263811601 1.441441896892605 -0.4650233369719655
v -0.5220479587531976 1.3152233872415486 -0.5226127561304974
v -0.550694928298947 1.1986745673706996 -0.6223838607597711
v -0.5321370935904932 1.1095389385877112 -0.7491474046072957
v -0.6114353038646734 1.1976168747624227 -0.7520170150368324
v -0.5728499114597126 1.1425471421210414 -0.8928610480526127
v -0.4965685410661709 1.1350533611076454 -1.028815251273384
v -0.39420433983411995 1.1762763919502306 -1.139181829686705
v -0.28134132946734514 1.259940401890718 -1.2071584722046724
v -0.17516188018845105 1.3733083038318075 -1.2223963512137241
v -0.09183085063104476 1.4991208623855583 -1.1825756377664498
v -0.044034634647577287 1.6182242560058453 -1.0937586745095305
v -0.0390497728477549 1.7124860726889313 -0.9694670389710551
v -0.07763516525271563 1.7675558053303126 -0.8286230059552748
v -0.15391653564625749 1.7750495863437086 -0.6926688027345036
v -0.2562807368783081 1.7338265555011236 -0.5823022243211827
v -0.36914374724508303 1.650162545560636 -0.5143255818032152
v -0.47532319652397725 1.5367946436195463 -0.4990877027941633
v -0.5586542260813835 1.4109820850657957 -0.5389084162414376
v -0.6064504420648509 1.2918786914455092 -0.6277253794983568
v -0.6114353038646734 1.1976168747624227 -0.7520170150368323
v -0.6847280704888539 1.2781450331546593 -0.7534912255150844
v -0.6671753327149045 1.218701437316958 -0.8967284759316964
v -0.6118642882057936 1.206982964956245 -1.0421998317280543
v -0.5272155420921664 1.2447736472612227 -1.1677585976852871
v -0.4261160986270281 1.3263201954243464 -1.2542895898794537
v -0.32395743160920903 1.4392078867090805 -1.2886192491543893
v -0.23629227202154943 1.5662505934467938 -1.265521196084622
v -0.17646684572461993 1.6881072151816738 -1.188511899865651
v -0.15358903155328824 1.786226185887612 -1.0693153277558058
v -0.17114176932723763 1.8456697817253136 -0.9260780773391939
v -0.22645281383634852 1.8573882540860265 -0.7806067215428358
v -0.3111015599499757 1.8195975717810489 -0.6550479555856031
v -0.412201003415114 1.738051023617925 -0.5685169633914365
v -0.5143596704329333 1.6251633323331909 -0.5341873041165006
v -0.6020248300205927 1.4981206255954775 -0.5572853571862681
v -0.6618502563175221 1.3762640038605978 -0.634294653405239
v -0.6847280704888539 1.2781450331546593 -0.7534912255150843
v -0.7574983642792741 1.3499491491674371 -0.7558855837838531
v -0.7567060587376391 1.2881015684614792 -0.899178286351489
v -0.7202644719352362 1.2749891789538783 -1.0503689791507222
v -0.6537215051189245 1.31260822308306 -1.186440249749913
v -0.567207721772991 1.3952315423978403 -1.2866764806894735
v -0.473894061162455 1.5102804855147989 -1.3358176144525526
v -0.38798668222483107 1.640239893765645 -1.3263823588892079
v -0.3225642046510429 1.7653246253291568 -1.2598071461281537
v -0.28758660759546384 1.866491663720705 -1.1462274488064543
v -0.28837891313709885 1.928339244426663 -1.0029347462388187
v -0.3248204999395017 1.9414516339342638 -0.8517440534395854
v -0.39136346675581335 1.9038325898050823 -0.7156727828403948
v -0.47787725010174703 1.8212092704903018 -0.6154365519008339
v -0.571190910712283 1.7061603273733432 -0.566295418137755
v -0.6570982896499068 1.5762009191224973 -0.5757306737010999
v -0.722520767223695 1.4511161875589855 -0.6423058864621538
v -0.7574983642792741 1.3499491491674371 -0.755885583783853
v -0.8337470589345769 1.413292766364502 -0.7582325243292074
v -0.8458304591123333 1.350327630942821 -0.9005277553029185
v -0.8258578589620856 1.3377335806891637 -1.0548035950764714
v -0.7768699058046376 1.3774279455892997 -1.1975729455583124
v -0.7063245714313094 1.4633676184174973 -1.3071004673449662
v -0.624961743505392 1.5824690630307372 -1.3667115881138725
v -0.5451681750227343 1.716600164143938 -1.3673310551041205
v -0.4790917134543215 1.8453406775140737 -1.308864560081927
v -0.43679190108932875 1.9490910270162016 -1.200213096914324
v -0.4247085009115722 2.0120561624378825 -1.057917865940613
v -0.44468110106182 2.0246502126915398 -0.9036420261670602
v -0.49366905421926804 1.984955847791404 -0.7608726756852195
v -0.5642143885925962 1.8990161749632064 -0.6513451538985653
v -0.6455772165185136 1.7799147303499663 -0.591734033129659
v -0.7253707850011714 1.645783629236766 -0.591114566139411
v -0.7914472465695841 1.51704311586663 -0.6495810611616044
v -0.8337470589345769 1.413292766364502 -0.7582325243292073
v -0.9155643430387267 1.4686948099178034 -0.7585340540278797
v -0.9374682704901057 1.405377134563982 -0.8994937629747312
v -0.9318854918393505 1.3943943780229686 -1.0550789847590822
v -0.899665934528024 1.4374185654191964 -1.2016032797478131
v -0.8457147340857614 1.5278996542368195 -1.3167596522749314
v -0.7782454717110472 1.6520627189164676 -1.3830165885182997
v -0.7075297309900455 1.7910050584016481 -1.3902870705554875
v -0.6443333424077423 1.9235739610211866 -1.3374642334034172
v -0.5982773832491047 2.0295870130913527 -1.2325898751782804
v -0.5763734557977257 2.092904688445174 -1.091630166231429
v -0.5819562344484809 2.1038874449861877 -0.9360449444470778
v -0.6141757917598074 2.0608632575899604 -0.7895206494583469
v -0.6681269922020701 1.9703821687723369 -0.6743642769312286
v -0.7355962545767842 1.8462191040926887 -0.6081073406878603
v -0.806311995297786 1.7072767646075082 -0.6008368586506724
v -0.8695083838800889 1.5747078619879697 -0.6536596958027425
v -0.9155643430387267 1.4686948099178034 -0.7585340540278795
v -1.00368414380794 1.5163844118177272 -0.7548646071297628
v -1.0331569176174231 1.4531372473058135 -0.8944701277282199
v -1.0403464424879842 1.4442436755068173 -1.0501228331630432
v -1.0241581784312856 1.491057662106706 -1.1981260100270696
v -0.9870566419029809 1.5864522020154925 -1.3159475162948902
v -0.934690205513238 1.7159043412857216 -1.385650095691843
v -0.8750311844994674 1.8597061652000648 -1.396622162360198
v -0.8171621240006435 1.9959651496343445 -1.3471933186117298
v -0.7698930638933725 2.103937099399211 -1.2448886578335585
v -0.7404202900838894 2.1671842639111243 -1.1052831372351015
v -0.7332307652133283 2.176077835710121 -0.949630431800278
v -0.7494190292700268 2.129263849110232 -0.8016272549362518
v -0.7865205657983316 2.033869309201445 -0.683805748668431
v -0.8388870021880747 1.9044171699312162 -0.6141031692714781
v -0.8985460232018452 1.7606153460168728 -0.6031311026031233
v -0.9564150837006691 1.6243563615825933 -0.6525599463515914
v -1.00368414380794 1.5163844118177272 -0.7548646071297627
v -1.098014987648833 1.5562000331607198 -0.7457006882397217
v -1.133442297473773 1.4932310563196969 -0.8840421616688805
v -1.1521908206841462 1.4864713590639609 -1.03883669957907
v -1.1514062645769603 1.5369500440238895 -1.1865182367894445
v -1.131208070707515 1.6369821890047525 -1.3046035979961927
v -1.0946712309953497 1.7713388067268654 -1.375115357402052
v -1.0473581480793654 1.9195653200878093 -1.3873187388281714
v -0.9964718099393558 2.05909558610507 -1.339355888076352
v -0.9497592002713334 2.1686873866225307 -1.2385287143892338
v -0.9143318904463936 2.231656363463554 -1.100187240960075
v -0.8955833672360201 2.2384160607192896 -0.9453927030498853
v -0.8963679233432063 2.187937375759361 -0.7977111658395113
v -0.9165661172126517 2.087905230778498 -0.6796258046327629
v -0.9531029569248168 1.953548613056385 -0.6091140452269035
v -1.000416039840801 1.8053220996954413 -0.5969106638007842
v -1.0513023779808106 1.6657918336781807 -0.6448735145526033
v -1.098014987648833 1.5562000331607198 -0.7457006882397216
v -1.1979566453622568 1.5876678561568573 -0.7299486668943873
v -1.2381922839401736 1.5250470967141976 -0.8671284156601583
v -1.267585279442857 1.520167993698887 -1.0203302295056003
v -1.2816608147531912 1.5737733463158279 -1.1662305210506456
v -1.278276017215223 1.6777022255628222 -1.2826172934969975
v -1.2579461915708419 1.8161324016921518 -1.3517717157884181
v -1.2237663694840768 1.9679891352607974 -1.3631656540174382
v -1.180940119026779 2.1101536151676505 -1.3150644843749963
v -1.1359873486101446 2.2209825880711125 -1.2147911739009658
v -1.0957517100322278 2.283603347513772 -1.077611425135195
v -1.0663587145295443 2.2884824505290826 -0.9244096112897527
v -1.0522831792192102 2.2348770979121415 -0.7785093197447077
v -1.0556679767571784 2.1309482186651474 -0.6621225472983556
v -1.0759978024015595 1.9925180425358178 -0.592968125006935
v -1.1101776244883246 1.8406613089671724 -0.5815741867779151
v -1.1530038749456224 1.6984968290603193 -0.6296753564203568
v -1.1979566453622568 1.5876678561568573 -0.7299486668943872
v -1.302564926803998 1.6101244245893842 -0.7068932452982368
v -1.3467955983366058 1.5478300514619472 -0.8429873611476094
v -1.3861195615532558 1.544375985319668 -0.9939848609295877
v -1.4145500995268276 1.6002880764215215 -1.1368977440981096
v -1.427758920574313 1.7070542157416178 -1.2499688196992798
v -1.4237351014294937 1.848420226405936 -1.3159840414646724
v -1.4030912320811568 2.002864414776911 -1.3248931903099823
v -1.368970154500445 2.1468740532151154 -1.2753399290851462
v -1.3265664934406833 2.258524979718956 -1.1748682926102139
v -1.2823358219080756 2.320819352846393 -1.0387741767608414
v -1.2430118586914256 2.3242734189886725 -0.887776676978863
v -1.2145813207178537 2.2683613278868195 -0.7448637938103411
v -1.2013724996703683 2.161595188566723 -0.6317927182091709
v -1.2053963188151877 2.020229177902405 -0.5657774964437783
v -1.2260401881635246 1.8657849895314302 -0.5568683475984684
v -1.2601612657442363 1.7217753510932257 -0.6064216088233044
v -1.302564926803998 1.6101244245893842 -0.7068932452982367
v -1.4106396038496962 1.6228345330096383 -0.6761398691917557
v -1.4582853280254624 1.5607799074322197 -0.8111867425676377
v -1.50695159902277 1.5581604495354933 -0.9594543455830372
v -1.5492294182431243 1.615374948038791 -1.0983702797280281
v -1.578682370959612 1.723713014195705 -1.2067858533051146
v -1.590826512112829 1.866681159520862 -1.2681957780268065
v -1.583813006299112 2.02251377989797 -1.2732509495365807
v -1.5587095962010102 2.1674867715008372 -1.2211817637973172
v -1.519338048442981 2.279529310541367 -1.1199152823294756
v -1.4716923242672149 2.3415839361187856 -0.9848684089535938
v -1.4230260532699073 2.344203394015512 -0.8366008059381941
v -1.380748234049553 2.2869888955122146 -0.6976848717932034
v -1.3512952813330652 2.1786508293553 -0.5892692982161168
v -1.3391511401798482 2.0356826840301436 -0.5278593734944248
v -1.3461646459935652 1.8798500636530353 -0.5228042019846507
v -1.371268056091667 1.7348770720501687 -0.5748733877239138
v -1.4106396038496962 1.6228345330096383 -0.6761398691917556
v -1.52078036939047 1.6250908465268397 -0.6375675804134981
v -1.571422972989086 1.5631409796137818 -0.7715679173033586
v -1.6289124390803056 1.5606788237459284 -0.9166453058703476
v -1.6844965175950484 1.6180792198346619 -1.0507130288349438
v -1.7297130364503712 1.7266034779113588 -1.1533604907027217
v -1.7576781905393153 1.8697297634586911 -1.2089605459058719
v -1.764134538656592 2.025668396945087 -1.2090485900554695
v -1.7480991603282876 2.1706791350094754 -1.1536112192278611
v -1.7120132965438195 2.282685407307167 -1.0510882705905318
v -1.6613706929452035 2.3446352742202246 -0.9170879337006713
v -1.603881226853984 2.347097430088078 -0.7720105451336823
v -1.5482971483392414 2.2896970339993445 -0.6379428221690865
v -1.5030806294839183 2.1811727759226476 -0.5352953603013082
v -1.4751154753949742 2.038046490375315 -0.4796953050981581
v -1.4686591272776974 1.8821078568889194 -0.4796072609485603
v -1.484694505606002 1.7370971188245312 -0.5350446317761687
v -1.52078036939047 1.6250908465268397 -0.637567580413498
v -1.6314325845205557 1.616293419781714 -0.5912921852351866
v -1.6847644121349563 1.554275510414576 -0.724213382481621
v -1.7505886355696905 1.5512411575240717 -0.8656931121538901
v -1.818884113504891 1.6076523138313026 -0.994192367926334
v -1.8792534785249726 1.7149208921568984 -1.0901483029562524
v -1.9225060420552849 1.856716223842871 -1.1389524959780573
v -1.942056993383802 2.0114512550179136 -1.1331749510152904
v -1.934929877400573 2.1555689798621764 -1.0736952469149572
v -1.9022097329065768 2.2671287811985494 -0.9695686294414735
v -1.8488779052921762 2.3291466905656875 -0.836647432195039
v -1.783053681857442 2.332181043456192 -0.6951677025227699
v -1.7147582039222415 2.275769887148961 -0.5666684467503262
v -1.65438883890216 2.168501308823365 -0.4707125117204076
v -1.6111362753718477 2.0267059771373925 -0.4219083186986028
v -1.5915853240433304 1.87197094596235 -0.4276858636613698
v -1.5987124400265595 1.7278532211180875 -0.4871655677617026
v -1.6314325845205557 1.616293419781714 -0.5912921852351865
v -1.7409318614150755 1.5960104083007673 -0.5376364154835199
v -1.7967185625601931 1.5337211237738224 -0.6694181995238603
v -1.8703928123319993 1.5293583638510722 -0.8069377284745012
v -1.950738374061474 1.5835863191822375 -0.929258900670342
v -2.0255233643096355 1.688149275145788 -1.0177594264887528
v -2.083362446238826 1.8271284695618293 -1.0589659031331453
v -2.115450143937909 1.9793655799300536 -1.0466050180720514
v -2.1169013963079046 2.121683886229741 -0.9825586040043205
v -2.0874952633311143 2.2324167164454227 -0.8765771468895754
v -2.031708562185997 2.2947060009723677 -0.7447953628492352
v -1.9580343124141903 2.299068760895118 -0.6072758338985942
v -1.8776887506847157 2.244840805563953 -0.4849546617027536
v -1.802903760436554 2.1402778496004022 -0.3964541358843425
v -1.7450646785073638 2.001298655184361 -0.3552476592399501
v -1.7129769808082804 1.8490615448161367 -0.36760854430104406
v -1.7115257284382854 1.7067432385164496 -0.4316549583687748
v -1.7409318614150755 1.5960104083007673 -0.5376364154835198
v -1.8475503576074013 1.564021798735354 -0.4771041730821134
v -1.9056034043373216 1.5012328437826408 -0.6076642760910652
v -1.9866279917150038 1.4947778476097928 -0.7409005281438495
v -2.0782888608019094 1.5456395248694403 -0.8565289176550626
v -2.166631475187405 1.6460746462610545 -0.9369460704955832
v -2.238206472659092 1.7807928749994044 -0.9699092041287478
v -2.282117208680874 1.929284581982861 -0.9503999802704577
v -2.2916786717452475 2.0689432509038688 -0.8813885014015828
v -2.2654352157755406 2.178507115428191 -0.7733811395892954
v -2.2073821690456206 2.241296070380904 -0.6428210365803437
v -2.1263575816679383 2.247751066553752 -0.5095847845275593
v -2.0346967125810327 2.1968893892941046 -0.39395639501634633
v -1.9463540981955372 2.0964542679024905 -0.3135392421758257
v -1.8747791007238503 1.9617360391641405 -0.2805761085426611
v -1.8308683647020683 1.813244332180684 -0.3000853324009512
v -1.8213069016376946 1.6735856632596762 -0.36909681126982596
v -1.8475503576074013 1.564021798735354 -0.47710417308211334
v -1.9495448743925938 1.5203478903608372 -0.41035693564976333
v -2.0097008644953966 1.4568107903230405 -0.5395964163432679
v -2.097548181888089 1.4475067927933858 -0.6682620063557649
v -2.1997128688355487 1.493852347054815 -0.7767655359643297
v -2.3006412778752185 1.5887917625945218 -0.8485883263730032
v -2.384967973649115 1.7178713740245302 -0.8727960088172815
v -2.4398549811490633 1.861439980614213 -0.8457031830882108
v -2.4569462510351574 1.9976405634629504 -0.7714344863059655
v -2.433639792399988 2.1057378184933806 -0.6612966543082293
v -2.3734838022971854 2.169274918531177 -0.5320571736147247
v -2.2856364849044932 2.178578916060832 -0.40339158360222765
v -2.1834717979570333 2.1322333617994027 -0.29488805399366314
v -2.0825433889173635 2.037293946259696 -0.2230652635849894
v -1.9982166931434668 1.9082143348296874 -0.19885758114071123
v -1.9433296856435187 1.764645728240005 -0.2259504068697819
v -1.9262384157574244 1.6284451453912674 -0.30021910365202714
v -1.9495448743925938 1.5203478903608372 -0.4103569356497633
v -2.045205704760641 1.465264091869231 -0.3381911990435785
v -2.107310500252917 1.4007147620260252 -0.4659993677576474
v -2.201415988898577 1.3878237665628606 -0.5898401075774596
v -2.3131954631196985 1.4285536426818386 -0.6908597884845509
v -2.425631511249573 1.5167036359610915 -0.7536790798065044
v -2.5216067641957416 1.638853709005532 -0.7687343138978464
v -2.586509859714984 1.7764076204873136 -0.7337334678442072
v -2.6104598898625215 1.9084240343126475 -0.6540051031737937
v -2.5898106796559563 2.014804648208398 -0.5416871406682507
v -2.5277058841636806 2.079353978051604 -0.413878971954182
v -2.4336003955180203 2.092244973514769 -0.29003823213436963
v -2.321820921296899 2.0515150973957907 -0.1890185512272785
v -2.2093848731670245 1.9633651041165376 -0.12619925990532488
v -2.113409620220856 1.841215031072097 -0.11114402581398286
v -2.0485065247016134 1.7036611195903155 -0.1461448718676221
v -2.024556494554076 1.5716447057649818 -0.22587323653803548
v -2.045205704760641 1.465264091869231 -0.33819119904357847
v -2.132904786401666 1.3993034747520154 -0.2615163504570627
v -2.1968012177811307 1.3334669372114156 -0.3877753936105049
v -2.2965571088787806 1.31627948663606 -0.5065689259698962
v -2.4169855295644034 1.3503577565714198 -0.5998117090995718
v -2.5397523444749646 1.4305136393401219 -0.6533083745159723
v -2.6461674189242803 1.5445441284055186 -0.6589145398579306
v -2.7200300224824936 1.6750891154963603 -0.6157767172721487
v -2.7500952433240355 1.8022743097213216 -0.5304622492019764
v -2.7317859241176863 1.9067369181963085 -0.41595949003351856
v -2.6678894927382215 1.9725734557369083 -0.28970044688007635
v -2.5681336016405716 1.9897609063122639 -0.170906914520685
v -2.447705180954949 1.9556826363769044 -0.07766413139100953
v -2.3249383660443876 1.875526753608202 -0.024167465974608837
v -2.218523291595072 1.7614962645428054 -0.018561300632650657
v -2.144660688036859 1.6309512774519637 -0.06169912321843257
v -2.114595467195317 1.5037660832270026 -0.14701359128860464
v -2.132904786401666 1.3993034747520154 -0.2615163504570626
v -2.2111416618241737 1.3232484547784618 -0.18133266903929446
v -2.276659988736285 1.2558439330933628 -0.3059221103713313
v -2.381411107355567 1.2336877137039783 -0.41947762404973776
v -2.5094476094434897 1.2601528801657125 -0.5047114125002712
v -2.6412770982109484 1.331210350792098 -0.5486474040775544
v -2.756829729030389 1.4360422698178428 -0.5445967423447013
v -2.8385136613467585 1.5586889278749898 -0.49317610383119875
v -2.8738932569315794 1.6804784830690622 -0.4022138146214787
v -2.8575822930738966 1.7828695796468292 -0.285558058672516
v -2.7920639661617854 1.8502741013319282 -0.1609686173404791
v -2.687312847542503 1.8724303207213127 -0.047413103662072686
v -2.5592763454545806 1.8459651542595785 0.03782068478846079
v -2.427446856687122 1.774907683633193 0.08175667636574402
v -2.311894225867681 1.670075764607448 0.07770601463289084
v -2.2302102935513117 1.5474291065503012 0.02628537611938836
v -2.194830697966491 1.425639551356229 -0.06467691309033152
v -2.2111416618241737 1.3232484547784618 -0.18133266903929438
v -2.2785858342489216 1.238112943698403 -0.09870931785098402
v -2.3455364650698844 1.1688594807188541 -0.22151045992386392
v -2.454577700602606 1.1411073183174545 -0.32966949113222876
v -2.5891090011984916 1.159081471645838 -0.40672017943866456
v -2.728649195871094 1.2200455387958642 -0.44093225601474506
v -2.8519545549165235 1.3147182931845867 -0.4270972423350087
v -2.940252955185978 1.428686666166978 -0.3673213938174838
v -2.9801017656654234 1.5446000060823424 -0.2707050415295475
v -2.9654343661897316 1.644811557685609 -0.15195714927762358
v -2.8984837353687687 1.714065020665158 -0.029156007204743678
v -2.789442499836047 1.7418171830665576 0.07900302400362122
v -2.654911199240162 1.7238430297381742 0.15605371231005688
v -2.5153710045675592 1.662878962588148 0.19026578888613752
v -2.3920656455221296 1.5682062081994252 0.17643077520640102
v -2.303767245252675 1.4542378352170342 0.11665492668887623
v -2.2639184347732297 1.33832449530167 0.02003857440094009
v -2.2785858342489216 1.238112943698403 -0.09870931785098394
v -2.334114246384879 1.1451163133853515 -0.014762278459625088
v -2.4022824340220703 1.0737390025977582 -0.1356627635512088
v -2.5148577047493696 1.039816651033623 -0.23830111935167364
v -2.6547014940959155 1.048513629211703 -0.3070515866094111
v -2.800523852820803 1.0985059010426885 -0.33144752990896836
v -2.9301246486911428 1.1821825963213848 -0.30777488803276437
v -3.0237733353698144 1.2868046967227422 -0.2396376061134184
v -3.0672127492374504 1.3964444358623558 -0.13740896765715202
v -3.0538296333119694 1.4944101573429294 -0.016652356164016613
v -2.9856614456747783 1.5657874681305226 0.1042481289275671
v -2.873086174947479 1.5997098196946578 0.20688648472803198
v -2.733242385600934 1.591012841516578 0.27563695198576943
v -2.5874200268760457 1.5410205696855923 0.3000328952853267
v -2.4578192310057063 1.4573438744068958 0.2763602534091227
v -2.364170544327034 1.3527217740055386 0.20822297148977673
v -2.3207311304593983 1.2430820348659255 0.10599433303351055
v -2.334114246384879 1.1451163133853515 -0.01476227845962501
v -2.3768427619211674 1.0456505371898424 0.06936777658525362
v -2.445985146397528 0.9718874228685657 -0.04953084927281809
v -2.561287850610401 0.9312814239468867 -0.14656171471861085
v -2.7051970830649936 0.9300144356663343 -0.2069527500749884
v -2.8558039676605342 0.9682793455073448 -0.22150996765504088
v -2.9901799714721613 1.040250667818896 -0.1880171630437114
v -3.0878675660410613 1.1349714212007156 -0.11157331213004498
v -3.1339947006343705 1.2380212295961894 -0.0038162982504131304
v -3.121538937153773 1.3337116938259455 0.11884885005177341
v -3.052396552677413 1.4074748081472221 0.23774747590984513
v -2.9370938484645395 1.448080807068901 0.3347783413556379
v -2.7931846160099476 1.4493477953494536 0.39516937671201535
v -2.642577731414406 1.411082885508443 0.409726594292068
v -2.508201727602779 1.3391115631968917 0.3762337896807384
v -2.410514133033879 1.2443908098150722 0.29978993876707205
v -2.36438699844057 1.1413410014195984 0.1920329248874404
v -2.3768427619211674 1.0456505371898424 0.0693677765852537
v -2.406150682095916 0.9412419140519086 0.15253765730340751
v -2.475993666918288 0.8648515963186729 0.03572572972704449
v -2.5931687432582584 0.8171173950980599 -0.05565258889909569
v -2.7398370679377786 0.8053064098142961 -0.1076857779107043
v -2.8936697180760658 0.8312167559099864 -0.1124522559627969
v -3.031247067186012 0.8909038180699342 -0.06922636998017342
v -3.1316242110074035 0.9752807821448533 0.015411130739943713
v -3.1795196393145067 1.0715020202334211 0.12857495395377144
v -3.1676417073207057 1.1649187210843488 0.25303693340961636
v -3.0977987224983337 1.2413090388175845 0.3698488609859794
v -2.9806236461583633 1.2890432400381975 0.4612271796121196
v -2.8339553214788435 1.3008542253219613 0.5132603686237283
v -2.680122671340556 1.274943879226271 0.5180268466758209
v -2.54254532223061 1.2152568170663232 0.4748009606931973
v -2.4421681784092186 1.1308798529914041 0.3901634599730802
v -2.394272750102115 1.0346586149028363 0.27699963675925265
v -2.406150682095916 0.9412419140519086 0.1525376573034076
v -2.4216974773226525 0.8335088374120173 0.23362385134473923
v -2.4919375239909978 0.7542788130037155 0.1189613523632639
v -2.6100853579227645 0.6990492373526515 0.03323310201938215
v -2.7581540424146236 0.6762283126943496 -0.010509550700574577
v -2.9136014624986557 0.6892903179358394 -0.005607183448127162
v -3.0527621576014403 0.7362466811864762 0.04719386280260901
v -3.15445017338842 0.8099487218018435 0.13985510740263557
v -3.2031844312601856 0.8991759722089137 0.2582697158378725
v -3.1915455822329095 0.990344392380249 0.3844101374051534
v -3.1213055355645642 1.0695744167885508 0.49907263638662874
v -3.0031577016327975 1.124803992439615 0.5848008867305106
v -2.855089017140939 1.1476249170979167 0.6285435394504673
v -2.6996415970569063 1.1345629118564269 0.6236411721980198
v -2.5604809019541217 1.08760654860579 0.5708401259472835
v -2.458792886167142 1.0139045079904228 0.4781788813472571
v -2.4100586282953764 0.9246772575833528 0.3597642729120204
v -2.4216974773226525 0.8335088374120173 0.23362385134473931
v -2.4234310554137615 0.7241171418988115 0.3115447155310613
v -2.4937370723871988 0.6418729208280105 0.19906582118116048
v -2.611919598788986 0.5788670733157903 0.1189302908032685
v -2.7599864163017194 0.5446916684964567 0.08333803246702748
v -2.9153956941881294 0.544549601952937 0.097707644859505
v -3.054487778678622 0.5784625020286456 0.15985148475480698
v -3.1560871607824055 0.6412674371082605 0.26030871586418514
v -3.2047262555748706 0.7234029251540649 0.38378563539830435
v -3.193000201788357 0.8123645826711381 0.511484001679158
v -3.12269418481492 0.8946088037419391 0.6239628960290586
v -3.004511658413133 0.9576146512541592 0.7040984264069508
v -2.8564448409003993 0.9917900560734928 0.7396906847431917
v -2.7010355630139893 0.9919321226170126 0.7253210723507142
v -2.5619434785234962 0.958019222541304 0.6631772324554122
v -2.460344096419713 0.8952142874616891 0.5627200013460341
v -2.411705001627248 0.8130787994158848 0.439243081811915
v -2.4234310554137615 0.7241171418988115 0.31154471553106133
v -2.411587022938295 0.6147346458073997 0.3852826461037301
v -2.4816051237457497 0.5293497119086071 0.2749856460592854
v -2.5988546001972717 0.4583822726448087 0.20032151522947275
v -2.745485282372267 0.41263647732247843 0.17265719070109992
v -2.899173978120037 0.3990767085927742 0.1962043151058852
v -3.036522976704481 0.41976731832518377 0.26737805220841443
v -3.1366221381628883 0.4715583487487919 0.3753428457263609
v -3.1842322725643752 0.5465650849684643 0.5036620345499075
v -3.172105168533259 0.633368431332513 0.632800185397013
v -3.1020870677258046 0.7187533652313054 0.7430971854414576
v -2.9848375912742826 0.789720804495104 0.8177613162712704
v -2.8382069090992874 0.8354665998174342 0.8454256407996431
v -2.684518213351517 0.8490263685471384 0.8218785163948579
v -2.5471692147670733 0.8283357588147289 0.7507047792923286
v -2.447070053308666 0.7765447283911208 0.6427399857743823
v -2.399459918907179 0.7015379921714484 0.5144207969508356
v -2.411587022938295 0.6147346458073997 0.38528264610373014
v -2.3866785231649184 0.5069866062990666 0.4539062290845709
v -2.4560395449857664 0.4183933440664423 0.3457450894116847
v -2.5713706187520677 0.33938424552585533 0.2763559305458794
v -2.715113633961691 0.2819877297108484 0.25630262291018246
v -2.8653850195826487 0.25494189585354476 0.2886381008084423
v -2.9993073193676523 0.2623642269876245 0.36843958085248596
v -3.096492077183106 0.30312474048152316 0.4835580111078257
v -3.142143794633631 0.3710180176507697 0.6164676541192551
v -3.1293124115712327 0.4557079225004364 0.746934221567198
v -3.0599513897503847 0.5443011847330608 0.8550953612400842
v -2.9446203159840834 0.6233102832736477 0.9244845201058896
v -2.8008773007744603 0.6807067990886545 0.9445378277415866
v -2.6506059151535024 0.7077526329459582 0.9122023498433266
v -2.516683615368499 0.7003303018118785 0.8324008697992828
v -2.419498857553045 0.6595697883179799 0.7172824395439432
v -2.3738471401025203 0.5916765111487334 0.5843727965325142
v -2.3866785231649184 0.5069866062990666 0.45390622908457096
v -2.349476348331532 0.40241391505211965 0.5165924133797573
v -2.4178066711179063 0.31061572156268635 0.4104669769548609
v -2.5302325490708895 0.22360013758587263 0.34606775562367365
v -2.6696381614152616 0.15461449698391544 0.33319894705347375
v -2.814800267386615 0.1141612381820735 0.37381971069303394
v -2.9436192522485785 0.10839900312322298 0.46174590350637046
v -3.0364835933029233 0.13820503986028299 0.5835915596905756
v -3.0792555364414746 0.19904164949243203 0.7208067826252279
v -3.0654234410500165 0.281647009688415 0.85250179847762
v -2.9970931182636424 0.37344520317784835 0.9586272349025163
v -2.8846672403106592 0.4604607871546621 1.0230264562337035
v -2.745261627966287 0.5294464277566191 1.0358952648039035
v -2.6000995219949337 0.5698996865584612 0.9952745011643434
v -2.4712805371329702 0.5756619216173117 0.9073483083510065
v -2.3784161960786254 0.5458558848802517 0.7855026521668016
v -2.3356442529400745 0.4850192752481028 0.6482874292321494
v -2.349476348331532 0.4024139150521197 0.5165924133797574
v -2.300979114079035 0.3024359766709076 0.5726488320969347
v -2.3679155192667785 0.20752094321815628 0.46839335894759093
v -2.476469292755092 0.11265955259443175 0.40859415806021027
v -2.610114106572787 0.03229359160154874 0.40235511568879034
v -2.7485037493093727 -0.02134195071857689 0.45062606947732003
v -2.87056965236344 -0.04008154925510787 0.5460582042887814
v -2.9577283885251733 -0.021072270005741134 0.6741228426925857
v -2.9967108303098597 0.032791896583352756 0.8153233044005918
v -2.981582254332496 0.11331061942887027 0.9481630991031285
v -2.914645849144753 0.2082256528816216 1.0524185722524722
v -2.806092075656439 0.3030870435053461 1.1122177731398528
v -2.6724472618387445 0.38345300449822906 1.1184568155112729
v -2.534057619102158 0.43708854681835474 1.070185861722743
v -2.411991716048091 0.45582814535488575 0.9747537269112818
v -2.3248329798863576 0.436818866105519 0.8466890885074776
v -2.2858505381016707 0.38295469951642525 0.7054886267994716
v -2.300979114079035 0.30243597667090766 0.5726488320969348
v -2.242373322577853 0.20832030710161986 0.6215365564788647
v -2.3075829047897436 0.11047713842013744 0.518906276704785
v -2.4113454088850736 0.008066718137606788 0.46319274012873957
v -2.53786393422477 -0.08331989561072858 0.46287782764996493
v -2.667877182219154 -0.149769919303401 0.5180094818386657
v -2.7815918144341065 -0.18116693920416596 0.620194408114302
v -2.86169580894061 -0.1727310436478261 0.7538758777600714
v -2.895994058719568 -0.12574652126125055 0.8987020988479457
v -2.8792649661565424 -0.047366339662039375 1.0326245920702593
v -2.814055383944652 0.050476829019443004 1.1352548718443392
v -2.7102928798493218 0.15288724930197373 1.1909684084203844
v -2.5837743545096252 0.24427386305030893 1.1912833208991591
v -2.4537611065152416 0.31072388674298146 1.1361516667104583
v -2.340046474300289 0.34212090664374645 1.033966740434822
v -2.2599424797937853 0.33368501108740656 0.9002852707890527
v -2.225644230014827 0.28670048870083115 0.7554590497011786
v -2.242373322577853 0.20832030710161992 0.6215365564788649
v -2.1749830679670654 0.12116090613012104 0.6628938573249621
v -2.2381895976585464 0.02069822826751995 0.5615492247220295
v -2.3363256410905544 -0.0888171195742729 0.5092591189371835
v -2.454450875256015 -0.19071241844544498 0.5139842345651773
v -2.5745818040611503 -0.2694750327760447 0.5750052155849288
v -2.678429582584961 -0.31311406851911505 0.6830321707927514
v -2.7501843279296527 -0.3149858780716177 0.8216189755250413
v -2.7789220305748823 -0.27480549539718 0.9696670450538207
v -2.760267635800837 -0.19869001952190915 1.1046374028524255
v -2.697061106109356 -0.09822734165930809 1.205982035455358
v -2.598925062677348 0.011288006182484822 1.258272141240204
v -2.4807998285118877 0.11318330505365673 1.2535470256122103
v -2.360668899706752 0.19194591938425654 1.1925260445924588
v -2.2568211211829414 0.23558495512732694 1.0844990893846362
v -2.18506637583825 0.2374567646798296 0.9459122846523464
v -2.1563286731930202 0.19727638200539205 0.7978642151235671
v -2.1749830679670654 0.1211609061301211 0.6628938573249622
v -2.1002088276473008 0.04186725968452423 0.6965620475660758
v -2.16122750120465 -0.06076171047696691 0.5960505280407913
v -2.2530329606111654 -0.1767778442247652 0.5463457603644414
v -2.361648656890766 -0.2885187368846397 0.5550148448409093
v -2.4705388348886226 -0.3789728504828388 0.6207379919440993
v -2.5631259520964815 -0.43436936619261834 0.7335094483093627
v -2.625314459223755 -0.44627466666782983 0.8761607819808859
v -2.6476367198005364 -0.41287627783293984 1.0269746205447392
v -2.626694372005806 -0.33925880163091165 1.162990924210427
v -2.5656756984484566 -0.23662983146942057 1.2635024437357116
v -2.473870239041941 -0.1206136977216222 1.3132072114120614
v -2.3652545427623406 -0.008872805061747896 1.3045381269355938
v -2.256364364764484 0.08158130853645135 1.2388149798324037
v -2.163777247556625 0.13697782424623095 1.12604352346714
v -2.1015887404293516 0.14888312472144238 0.983392189795617
v -2.0792664798525706 0.11548473588655252 0.8325783512317638
v -2.1002088276473008 0.04186725968452429 0.6965620475660759
v -2.0194539904014017 -0.028834900119079993 0.722615256552015
v -2.078237234508478 -0.13299896580534762 0.6223509696481373
v -2.1632004669628278 -0.25473553027901386 0.5741845124663474
v -2.261408805816897 -0.3755113051436681 0.5854487914825508
v -2.3579109217409626 -0.47693927351129217 0.6544289223274743
v -2.4380152423794437 -0.5435779466447381 0.7706233053864215
v -2.4895266110626078 -0.565282190640515 0.9163423991433729
v -2.5046028888601617 -0.5387477310997277 1.069401792520707
v -2.480948849144227 -0.4680141989519862 1.206499580363581
v -2.4221656050371507 -0.3638501332657186 1.3067638672674586
v -2.337202372582801 -0.24211356879205223 1.3549303244492485
v -2.2389940337287317 -0.12133779392739816 1.3436660454330451
v -2.142491917804666 -0.01990982555977397 1.2746859145881215
v -2.062387597166185 0.04672884757367202 1.1584915315291744
v -2.010876228483021 0.06843309156944888 1.0127724377722231
v -1.9957999506854673 0.04189863202866162 0.859713044394889
v -2.0194539904014017 -0.028834900119079937 0.7226152565520151
v -1.9340360598843838 -0.09039192324192585 0.7413969718764162
v -1.9907339458620843 -0.19523416550499997 0.6406398204711746
v -2.068616345581231 -0.3217108351730308 0.5927176602521373
v -2.1558263696902955 -0.4505670058029263 0.6049262056971887
v -2.23908708257951 -0.5621854935003803 0.6754068164330596
v -2.305722795471733 -0.6395733953375659 0.793429458383541
v -2.345588825133366 -0.6709491047828489 0.9410262541895857
v -2.352615929934883 -0.6515359544946993 1.095726929658009
v -2.3257342968711177 -0.584289420623842 1.233979709313859
v -2.269036410893417 -0.47944717836076794 1.3347368607191004
v -2.19115401117427 -0.35297050869273705 1.3826590209381378
v -2.1039439870652057 -0.22411433806284173 1.3704504754930864
v -2.0206832741759913 -0.11249585036538767 1.2999698647572155
v -1.954047561283768 -0.0351079485282019 1.181947222806734
v -1.9141815316221353 -0.0037322390829190033 1.0343504270006894
v -1.9071544268206182 -0.023145389371068595 0.8796497515322662
v -1.9340360598843838 -0.0903919232419258 0.7413969718764163
v -1.8450761892081335 -0.1424053423493848 0.7535666996019547
v -1.9001157386410965 -0.2467718704460899 0.6514059174610355
v -1.9710580097990724 -0.376768968345638 0.6021464178997149
v -2.0471026849915495 -0.5126057563194499 0.6132875131877283
v -2.11667265176717 -0.6336023147620621 0.6831330725617564
v -2.169176513337665 -0.7213380144871202 0.8010497427586755
v -2.196621032727617 -0.7624558905375831 0.9490857796582816
v -2.194828030645093 -0.750696119019242 1.1047040385926263
v -2.164070475403554 -0.6878490185431703 1.2442130503219853
v -2.1090309259705915 -0.5834824904464653 1.3463738324629047
v -2.0380886548126154 -0.45348539254691705 1.3956333320242251
v -1.9620439796201385 -0.3176486045731053 1.3844922367362116
v -1.8924740128445179 -0.19665204613049297 1.3146466773621837
v -1.839970151274023 -0.10891634640543466 1.1967300071652645
v -1.8125256318840712 -0.06779847035497191 1.0486939702656584
v -1.8143186339665947 -0.07955824187331291 0.8930757113313141
v -1.8450761892081335 -0.14240534234938473 0.7535666996019548
v -1.7533553651245097 -0.18462662469163094 0.760157370650119
v -1.807542328722285 -0.28695802521919467 0.6555122224658437
v -1.8722044054824696 -0.4189469314658321 0.6030118029126197
v -1.9374973803815116 -0.5604992289379074 0.6106488249499369
v -1.9934809898733223 -0.6900648635200688 0.6772606212023912
v -2.031632236905458 -0.7879186418625845 0.7927061495279828
v -2.0461429399591915 -0.8391632132595164 0.9394098747554609
v -2.034803976034442 -0.8359970562488777 1.0950374845915225
v -1.9993415996007893 -0.7789021895342534 1.2358960862064239
v -1.945154636003014 -0.6765707890066899 1.340541234390699
v -1.8804925592428294 -0.5445818827600521 1.3930416539439232
v -1.8151995843437876 -0.4030295852879773 1.385404631906606
v -1.7592159748519767 -0.27346395070581564 1.3187928356541518
v -1.721064727819841 -0.1756101723632997 1.2033473073285599
v -1.706554024766108 -0.12436560096636803 1.056643582101082
v -1.717892988690857 -0.12753175797700667 0.9010159722650205
v -1.7533553651245097 -0.18462662469163088 0.7601573706501191
v -1.6591200152182821 -0.21700456016137465 0.762629105866145
v -1.7137606400684675 -0.31517312416891197 0.654296817267281
v -1.773500842437877 -0.44719298343231156 0.5963277343236771
v -1.8292457180620505 -0.5929653111417251 0.5975471244224516
v -1.8725086149557637 -0.7302975918328358 0.6577693464748648
v -1.8967031492460857 -0.8382822306906466 0.7678261130892392
v -1.8981459224113144 -0.9004795453322445 0.91096227921561
v -1.8766172853158152 -0.9074205584235076 1.0653866610938143
v -1.8353947777997963 -0.8580485636417312 1.207589546443403
v -1.780754152949611 -0.7598799996341938 1.315921835042267
v -1.7210139505802013 -0.6278601403707942 1.373890917985871
v -1.665269074956028 -0.4820878126613809 1.3726715278870962
v -1.6220061780623147 -0.3447555319702701 1.312449305834683
v -1.5978116437719927 -0.2367708931124592 1.2023925392203085
v -1.596368870606764 -0.17457357847086138 1.059256373093938
v -1.617897507702263 -0.16763256537959834 0.904831991215734
v -1.6591200152182821 -0.2170045601613746 0.7626291058661451
v -1.5618266821771796 -0.23987045634246262 0.7628526312627396
v -1.618845138429251 -0.3309563347234012 0.6496677912770255
v -1.6759273886718906 -0.4604091573341947 0.583772927882954
v -1.7243831777575438 -0.6085209054251091 0.5751999366938487
v -1.7568355510507412 -0.7527429079856425 0.625253977903892
v -1.7683439288990903 -0.8711186725016623 0.7263147774798684
v -1.757156265098885 -0.9456265619045824 0.8629967448047647
v -1.7249757800472816 -0.9649234254485072 1.014491289378485
v -1.6767016608765632 -0.9260714905853779 1.1577347400911466
v -1.6196832046244918 -0.8349856122044393 1.2709195800768607
v -1.5626009543818522 -0.7055327895936458 1.336814443470932
v -1.5141451652961992 -0.5574210415027316 1.3453874346600374
v -1.4816927920030016 -0.41319903894219817 1.2953333934499942
v -1.4701844141546525 -0.29482327442617806 1.1942725938740177
v -1.4813720779548578 -0.22031538502325823 1.0575906265491213
v -1.513552563006461 -0.2010185214793333 0.9060960819754014
v -1.5618266821771796 -0.2398704563424626 0.7628526312627397
v -1.4598824346663526 -0.2543929315705407 0.7628151185344102
v -1.5218511752717978 -0.3344520235669838 0.6440339475818204
v -1.5796111389810619 -0.45781882513740696 0.5678567301281975
v -1.6243688949147843 -0.6057118590655544 0.5458807569826596
v -1.6493104804621237 -0.7556157515895567 0.5814516708439221
v -1.6506387653195336 -0.8847089939548041 0.6691541225277453
v -1.6281515301584053 -0.9733383102443437 0.7956362087899711
v -1.5852722526847267 -1.008010690479846 0.9416421785601425
v -1.528528914192247 -0.9834475790763655 1.0849439464881634
v -1.4665601735868017 -0.9033884870799224 1.203725117440753
v -1.4088002098775376 -0.7800216855094992 1.279902334894376
v -1.3640424539438154 -0.632128651581352 1.301878308039914
v -1.3391008683964758 -0.4822247590573495 1.2663073941786513
v -1.3377725835390661 -0.35313151669210197 1.1786049424948282
v -1.3602598187001942 -0.2645022004025625 1.0521228562326026
v -1.4031390961738728 -0.22982982016706005 0.9061168864624312
v -1.4598824346663526 -0.25439293157054066 0.7628151185344103
v -1.3506790130895492 -0.26334042222092674 0.7635943110743646
v -1.4205710553826827 -0.32739848128835025 0.6396176314567948
v -1.4833350694045135 -0.4400273913913149 0.5516747138950379
v -1.5294158029774214 -0.5840804219502569 0.5131540703833384
v -1.5517978821378215 -0.7376268049065511 0.5299201197058496
v -1.5470738382275957 -0.8772904953565293 0.5994203828378348
v -1.515962864108511 -0.9818089624836888 0.7110740747389034
v -1.4632013235685153 -1.0352702171301835 0.8478829329603551
v -1.3968216828702673 -1.029535267903565 0.9890190490133621
v -1.3269296405771338 -0.9654772088361416 1.1129957286309318
v -1.264165626555303 -0.8528482987331769 1.2009386461926888
v -1.2180848929823953 -0.7087952681742351 1.2394592897043881
v -1.195702813821995 -0.5552488852179408 1.222693240381877
v -1.2004268577322208 -0.41558519476796246 1.153192977249892
v -1.2315378318513055 -0.31106672764080306 1.0415392853488235
v -1.284299372391301 -0.2576054729943082 0.9047304271273718
v -1.3506790130895492 -0.26334042222092674 0.7635943110743647
v -1.2316702197835332 -0.2715615620517588 0.7631794435918917
v -1.312088463752103 -0.31436758768375445 0.6364549400300596
v -1.3844794873896926 -0.41082787690298916 0.5373918192593523
v -1.4378224135737425 -0.5462572250905339 0.4810715434076836
v -1.463996265347561 -0.7000377416549332 0.4760683639288985
v -1.4590163110451417 -0.8487577369731113 0.5231439695447069
v -1.4236407035656293 -0.9697759399079903 0.6151315260415295
v -1.3632550584670997 -1.0446684260954764 0.7380267618120013
v -1.2870525428185677 -1.0620334934156026 0.8731199912581544
v -1.206634298849998 -1.019227467783607 0.9998444948199864
v -1.1342432752124083 -0.9227671785643723 1.0989076155906938
v -1.0809003490283584 -0.7873378303768278 1.1552278914423624
v -1.0547264972545398 -0.6335573138124284 1.1602310709211476
v -1.0597064515569592 -0.48483731849425005 1.113155465305339
v -1.0950820590364716 -0.36381911555937113 1.0211679088085166
v -1.1554677041350012 -0.2889266293718851 0.898272673038045
v -1.2316702197835332 -0.2715615620517588 0.7631794435918918
v -1.1030696826281083 -0.2845067902428581 0.7543204208075088
v -1.1950847843951402 -0.3024624061557033 0.6295431532449378
v -1.2805809832459618 -0.37811509805212823 0.523121258001179
v -1.3465422579305089 -0.4999474293842621 0.4512565039102119
v -1.382926602318502 -0.6494115321196211 0.42488964832676807
v -1.3841948298017734 -0.8037528515122121 0.44803480599728585
v -1.3501538642425055 -0.9394743207920575 0.5171683364778057
v -1.2859861340649752 -1.0359135765794836 0.6217652864496828
v -1.2014605945067895 -1.0783886164048853 0.7459017184534115
v -1.1094454927397577 -1.06043300049204 0.8706789860159824
v -1.023949293888936 -0.984780308595615 0.9771008812597413
v -0.9579880192043895 -0.8629479772634814 1.0489656353507084
v -0.9216036748163958 -0.7134838745281222 1.0753324909341522
v -0.9203354473331243 -0.559142555135531 1.0521873332636345
v -0.9543764128923924 -0.4234210858556858 0.9830538027831146
v -1.0185441430699225 -0.32698183006825987 0.8784568528112378
v -1.1030696826281083 -0.2845067902428581 0.7543204208075089
v -0.9702279763752759 -0.3043694851591657 0.7263322698971377
v -1.0728081565584717 -0.2976187399376752 0.6089002313858104
v -1.1724375195572814 -0.3509045953366255 0.5012287066485716
v -1.2539483979975605 -0.4561147629090086 0.4197097092818637
v -1.30493149953473 -0.597231948374473 0.37675376766321667
v -1.317625109122722 -0.7527723394763737 0.37890053450748906
v -1.2900967397696224 -0.8990563216466027 0.42582318402313024
v -1.2265373361641503 -1.013813484667343 0.5103781681762609
v -1.136623241337811 -1.0795730907449603 0.6196927571224071
v -1.0340430611546152 -1.0863238359664509 0.7371247956337345
v -0.9344136981558057 -1.0330379805675005 0.8447963203709733
v -0.8529028197155264 -0.9278278129951175 0.926315317737681
v -0.8019197181783568 -0.7867106275296529 0.9692712593563282
v -0.7892261085903649 -0.631170236427752 0.9671244925120559
v -0.8167544779434648 -0.48488625425752335 0.9202018429964146
v -0.8803138815489365 -0.3701290912367831 0.835646858843284
v -0.9702279763752758 -0.3043694851591657 0.7263322698971378
v -0.84182311583986 -0.32835484766176615 0.6716721364574634
v -0.9526498449388607 -0.3008236317662976 0.5652859631785919
v -1.0651322926483162 -0.3340698310287459 0.46232510271074506
v -1.1621460259603895 -0.4230320129889502 0.378464412717628
v -1.2289215834099998 -0.554166491887657 0.3264709230516451
v -1.2552929916973796 -0.7075092320495495 0.3142601711922848
v -1.2372454429681867 -0.8597151913403807 0.34369113341939317
v -1.1775265129150043 -0.9876123922085783 0.4102832125262304
v -1.0852278672849802 -1.0717296452129723 0.5038983681274805
v -0.9744011381859796 -1.0992608611084411 0.6102845414063519
v -0.8619186904765241 -1.0660146618459925 0.7132454018741987
v -0.764904957164451 -0.9770524798857885 0.7971060918673157
v -0.6981293997148406 -0.8459180009870816 0.8490995815332987
v -0.6717579914274607 -0.6925752608251888 0.861310333392659
v -0.6898055401566535 -0.5403693015343578 0.8318793711655507
v -0.7495244702098358 -0.4124721006661603 0.7652872920587136
v -0.8418231158398599 -0.3283548476617662 0.6716721364574635
v -0.7251395418175643 -0.3521986555174368 0.5900145185893021
v -0.8419188664831028 -0.3094903624013521 0.4956898631371902
v -0.9649454742724363 -0.3273571349473821 0.40133001038706045
v -1.0754896793886155 -0.40307891899809034 0.3213003925459247
v -1.1567221286884173 -0.5251277593514381 0.2677847934598038
v -1.196275918139933 -0.6749228264391212 0.24893047796944576
v -1.188129341855164 -0.8296591791927042 0.2676078446934621
v -1.133522642224568 -0.965779610593985 0.32097343385887234
v -1.0407691942559387 -1.0625610188969017 0.40090281827551305
v -0.9239898695904003 -1.1052693120129864 0.495227473727625
v -0.8009632618010668 -1.0874025394669564 0.5895873264777547
v -0.6904190566848877 -1.0116807554162484 0.6696169443188903
v -0.6091866073850858 -0.8896319150629005 0.7231325434050113
v -0.5696328179335701 -0.7398368479752172 0.7419868588953695
v -0.5777793942183392 -0.5851004952216344 0.7233094921713531
v -0.632386093848935 -0.44898006382035377 0.669943903005943
v -0.7251395418175642 -0.35219865551743684 0.5900145185893022
v -0.6237289807949665 -0.37405229743722074 0.4860488435076134
v -0.7448031015709101 -0.3213938934512288 0.4028220487575539
v -0.8760775375950078 -0.3287652797033378 0.3187314148696736
v -0.997566945988317 -0.39504422945844697 0.2465789785699079
v -1.0907756656271852 -0.5101403734365166 0.19734929422143227
v -1.1415135138857428 -0.6565313670660289 0.17853713499810225
v -1.142056113306364 -0.8119305086045524 0.19300648160902187
v -1.0923208580459356 -0.952679687449573 0.23855450719763216
v -0.9998794898666455 -1.0573511170164194 0.3082469377619475
v -0.878805369090702 -1.1100095210024112 0.39147373251200696
v -0.7475309330666042 -1.1026381347503023 0.4755643663998873
v -0.6260415246732953 -1.0363591849951932 0.5477168026996528
v -0.5328328050344269 -0.9212630410171234 0.5969464870481287
v -0.4820949567758692 -0.774872047387611 0.6157586462714586
v -0.48155235735524793 -0.6194729058490877 0.601289299660539
v -0.5312876126156765 -0.4787237270040674 0.5557412740719287
v -0.6237289807949664 -0.3740522974372208 0.48604884350761346
v -0.5381158395713255 -0.3949864329246522 0.36573749271762596
v -0.6623906012433125 -0.33636744930008705 0.29172298085284365
v -0.7999836884247097 -0.33716955710601354 0.21806126366305534
v -0.9299478008765903 -0.3972706427001049 0.15596666984527702
v -1.032497080605769 -0.5075208606183581 0.11489253841937086
v -1.0920193293850136 -0.6511356146034335 0.10109203355700253
v -1.099452824408213 -0.8062508602320899 0.11666615702157943
v -1.0536658834428851 -0.9492517074805678 0.1592438896954006
v -0.9616291531913481 -1.0583675736611944 0.22234315774698446
v -0.8373543915193611 -1.1169865572857596 0.29635766961176674
v -0.6997613043379639 -1.116184449479833 0.3700193868015551
v -0.5697971918860834 -1.0560833638857419 0.43211398061933337
v -0.4672479121569047 -0.9458331459674886 0.4731881120452396
v -0.4077256633776602 -0.802218391982413 0.4869886169076079
v -0.40029216835446074 -0.6471031463537567 0.471414493443031
v -0.44607910931978834 -0.504102299105279 0.42883676076920996
v -0.5381158395713254 -0.39498643292465224 0.365737492717626
v -0.46711458484715285 -0.41771214546820074 0.23447715153043072
v -0.5937910715390875 -0.35584880663763924 0.16751040885534257
v -0.7361302952590987 -0.3527553189991928 0.10356883144749628
v -0.872462399504091 -0.4089026380032797 0.0523869448353938
v -0.9820320572563666 -0.5157428433082418 0.021756727290770245
v -1.0481582813745625 -0.6570104821652716 0.016341351771181123
v -1.060773953672398 -0.8111988371527215 0.0369652601089825
v -1.0179584524038812 -0.9548341289446705 0.08048864921593879
v -0.9262300495136587 -1.0660491864229573 0.14028547764102062
v -0.7995535628217241 -1.127912525253519 0.20725222031610874
v -0.6572143391017129 -1.1310060128919652 0.2711937977239551
v -0.5208822348567208 -1.0748586938878784 0.32237568433605746
v -0.41131257710444497 -0.9680184885829163 0.35300590188068115
v -0.34518635298624895 -0.8267508497258862 0.3584212774002702
v -0.3325706806884137 -0.6725624947384367 0.3377973690624689
v -0.37538618195693024 -0.5289272029464875 0.29427397995551263
v -0.4671145848471528 -0.4177121454682008 0.23447715153043075
v -0.4086207954945139 -0.44542224933310137 0.0968169203639053
v -0.5369719853829644 -0.38198994883597687 0.034681061922505606
v -0.682751427418298 -0.376524921140313 -0.0207899877208957
v -0.8237655230445677 -0.429859167172175 -0.06115126410440801
v -0.9385461544986344 -0.5338730314493563 -0.08025812877452305
v -1.0096190111306313 -0.6727313460236836 -0.07520173478937535
v -1.0261638947953866 -0.8252941912549716 -0.046751872296878064
v -0.9856619969346854 -0.9683352569423929 0.0007602250371318425
v -0.8942793643472008 -1.0800778375055264 0.06010127109178619
v -0.7659281744587503 -1.143510138002651 0.12223712953318587
v -0.6201487324234167 -1.148975165698315 0.1777081791765872
v -0.4791346367971471 -1.095640919666453 0.21806945556009943
v -0.3643540053430802 -0.9916270553892718 0.23717632023021457
v -0.2932811487110833 -0.8527687408149442 0.23211992624506683
v -0.276736265046328 -0.7002058955836563 0.20367006375256957
v -0.3172381629070292 -0.5571648298962354 0.15615796641855972
v -0.40862079549451386 -0.4454222493331014 0.09681692036390534
v -0.3599423975213679 -0.48116632597776615 -0.04327144470432718
v -0.48915662880309657 -0.4170385193415741 -0.1028521164586079
v -0.6372567830945483 -0.4097736742570975 -0.1515564891692281
v -0.7816959544360913 -0.46047779753246276 -0.18196976359723396
v -0.9004845883353242 -0.5614316460330181 -0.18946179440798075
v -0.9755381921027368 -0.6972659114734691 -0.17289198782596077
v -0.9954305349273529 -0.8473010582811897 -0.13478294669761576
v -0.9571331879386613 -0.9886955954266973 -0.08093642707541825
v -0.8664765750493754 -1.099923486374259 -0.019550073451931882
v -0.7372623437676468 -1.164051293010451 0.040030598302348834
v -0.589162189476195 -1.1713161380949277 0.08873497101296907
v -0.44472301813465237 -1.1206120148195624 0.11914824544097488
v -0.3259343842354191 -1.0196581663190072 0.12664027625172172
v -0.25088078046800644 -0.883823900878556 0.11007046966970169
v -0.23098843764339044 -0.7337887540708354 0.07196142854135673
v -0.26928578463208197 -0.5923942169253281 0.018114908919159296
v -0.35994239752136786 -0.4811663259777662 -0.04327144470432714
v -0.3179320910711155 -0.5275822476640035 -0.18203185411140096
v -0.4469767949391845 -0.46301268948377516 -0.24150273905858102
v -0.5963859932115513 -0.4537521365540942 -0.28565795650152204
v -0.7434134898490031 -0.5012104241113831 -0.30777527485257905
v -0.8656756812960639 -0.5981624580854928 -0.30448753288679375
v -0.9445592572144439 -0.7298481701762416 -0.2762952595150019
v -0.9680549082519662 -0.8762196044517656 -0.22749047279446422
v -0.9325856345267751 -1.0149930369039721 -0.1655032590868893
v -0.8435513114337638 -1.1250414704263105 -0.09977060976376383
v -0.7145066075656948 -1.1896110286065391 -0.04029972481658377
v -0.565097409293328 -1.1988715815362199 0.003855492626357218
v -0.4180699126558764 -1.151413293978931 0.025972810977414218
v -0.2958077212088154 -1.054461260004821 0.022685069011628978
v -0.21692414529043536 -0.9227755479140723 -0.005507204360162915
v -0.19342849425291317 -0.7764041136385484 -0.05431199108070055
v -0.22889776797810413 -0.6376306811863421 -0.11629920478827538
v -0.3179320910711154 -0.5275822476640036 -0.18203185411140094
v -0.2790990164633764 -0.5867916588421409 -0.31556683175230704
v -0.40654890239616737 -0.5215537356484322 -0.377688402478413
v -0.5562429970435383 -0.5094936173606804 -0.4201711186224832
v -0.705391731475774 -0.5524473476629514 -0.4365473717583639
v -0.8312885629122111 -0.6438756104932591 -0.4243240257972215
v -0.914766840024271 -0.7698592816349554 -0.3853619743567329
v -0.9431177518541087 -0.9112184892015402 -0.3255928365768367
v -0.9120251290772877 -1.0464325752654084 -0.2541159218759389
v -0.826222541656251 -1.1549164209420784 -0.18181294257740596
v -0.6987726557234601 -1.220154344135787 -0.11969137185130001
v -0.5490785610760892 -1.2322144624235387 -0.07720865570722976
v -0.39992982664385357 -1.1892607321212678 -0.060832402571349115
v -0.2740329952074163 -1.0978324692909602 -0.0730557485324915
v -0.19055471809535646 -0.9718487981492636 -0.11201779997298014
v -0.1622038062655186 -0.830489590582679 -0.17178693775287626
v -0.19329642904233973 -0.695275504518811 -0.24326385245377397
v -0.27909901646337637 -0.586791658842141 -0.315566831752307
v -0.2398475760047108 -0.6603349609683056 -0.43947537487100674
v -0.3636245287220779 -0.5938624901408704 -0.5074402642955228
v -0.5123414321991641 -0.5777580760767784 -0.5519653141464499
v -0.6633574860036701 -0.6144734698304105 -0.5662719892045665
v -0.7936818649077966 -0.6984190855286496 -0.5481822278826066
v -0.8834738636168268 -0.8168149641503397 -0.5004500323577439
v -0.9190634642938064 -0.9516364064366413 -0.4303421967052089
v -0.8950324728561986 -1.0823580699588822 -0.34853200337398715
v -0.8150393899088992 -1.1890787664406322 -0.267474312687508
v -0.6912624371915321 -1.2555512372680673 -0.19950942326299195
v -0.5425455337144459 -1.2716556513321593 -0.15498437341206484
v -0.39152947990994014 -1.2349402575785273 -0.14067769835394822
v -0.26120510100581346 -1.150994641880288 -0.1587674596759081
v -0.17141310229678308 -1.0325987632585978 -0.20649965520077082
v -0.13582350161980364 -0.8977773209722966 -0.2766074908533058
v -0.15985449305741134 -0.7670556574500558 -0.3584176841845274
v -0.23984757600471074 -0.6603349609683056 -0.4394753748710067
v -0.19705160848068737 -0.7490256158337282 -0.5485415938114817
v -0.3140523675908422 -0.6806267010439111 -0.6259428885009835
v -0.45989062511139345 -0.6590409178672283 -0.6771659907538423
v -0.6123638283619338 -0.687554506116718 -0.6944126475906387
v -0.7482593143205978 -0.7618265304577164 -0.6750572118493039
v -0.8468882271458267 -0.8705497484618838 -0.622046373163994
v -0.8932352089333004 -0.9971720357665113 -0.5434505511800984
v -0.8802443518423123 -1.1224162969633618 -0.4512352473217646
v -0.8098933961025526 -1.2272152286272702 -0.35943940566761284
v -0.6928926369923978 -1.2956141434170871 -0.28203811097811105
v -0.5470543794718465 -1.31719992659377 -0.23081500872525212
v -0.3945811762213064 -1.2886863383442804 -0.2135683518884558
v -0.25868569026264226 -1.2144143140032817 -0.23292378762979066
v -0.16005677743741326 -1.1056910959991142 -0.2859346263151006
v -0.1137097956499396 -0.9790688086944871 -0.36453044829899606
v -0.12670065274092757 -0.8538245474976366 -0.4567457521573297
v -0.1970516084806873 -0.7490256158337282 -0.5485415938114817
v -0.14921950727616284 -0.8525282335673602 -0.6368285154458118
v -0.25494116528923305 -0.781763711266572 -0.7272379342410729
v -0.3947862315630116 -0.753517840238045 -0.7905157171123978
v -0.5474645624559983 -0.7720907982964139 -0.8170283952321574
v -0.6897322661222519 -0.8346550209415762 -0.8027396536946438
v -0.7999303743385304 -0.9316856724218964 -0.7498248238711792
v -0.8612822240772442 -1.0484107156345417 -0.666339708928259
v -0.8644475523715768 -1.1670598208655385 -0.5649941608214912
v -0.8089444666824884 -1.269569737400285 -0.46121712055045017
v -0.7032228086694182 -1.340334259701073 -0.370807701755189
v -0.5633777423956396 -1.3685801307296 -0.30752991888386405
v -0.4106994115026532 -1.350007172671231 -0.2810172407641045
v -0.26843170783639947 -1.287442950026069 -0.2953059823016179
v -0.1582335996201207 -1.1904122985457486 -0.34822081212508266
v -0.09688174988140708 -1.0736872553331034 -0.4317059270680028
v -0.09371642158707444 -0.9550381501021067 -0.5330514751747705
v -0.1492195072761628 -0.8525282335673602 -0.6368285154458116
v -0.09809189348515773 -0.9684516711424449 -0.6990861012689351
v -0.1867177760223006 -0.8956902492185401 -0.8049623404376565
v -0.3158224658639842 -0.8606020078511456 -0.8853323844529136
v -0.4657509443187399 -0.8685288137127469 -0.9279606226696471
v -0.6136779596468729 -0.9182638824675898 -0.9263572922453007
v -0.7370829647264079 -1.00223550074727 -0.8807664857027548
v -0.8171786662031426 -1.1076597508733217 -0.7981289900564217
v -0.841771219596586 -1.2184867464372604 -0.6910256149076917
v -0.8071166315846381 -1.3178440820136934 -0.5757618782284459
v -0.7184907490474952 -1.3906055039375982 -0.4698856390597246
v -0.5893860592058116 -1.4256937453049927 -0.3895155950444674
v -0.4394575807510561 -1.4177669394433914 -0.34688735682773403
v -0.291530565422923 -1.3680318706885486 -0.3484906872520803
v -0.1681255603433878 -1.2840602524088682 -0.39408149379462626
v -0.08802985886665321 -1.1786360022828166 -0.4767189894409594
v -0.06343730547320975 -1.0678090067188781 -0.5838223645896892
v -0.09809189348515769 -0.9684516711424449 -0.699086101268935
v -0.048973015122423746 -1.0913647057725746 -0.7342019492899414
v -0.11470781554950865 -1.0181900999653624 -0.8553752247022973
v -0.22728848293749987 -0.9778367686697244 -0.9556535951527949
v -0.36957563122286696 -0.9764481407715631 -1.0197705877660377
v -0.519907331915374 -1.0142356222804298 -1.037964971638645
v -0.6553969463448469 -1.0854464116809728 -1.0074668167585128
v -0.7554174089308119 -1.1792393118143722 -0.9329191907396788
v -0.8047415109323068 -1.2813352038700758 -0.8256712938675977
v -0.7958601049437022 -1.3761909137841681 -0.702050646236438
v -0.7301253045166173 -1.4493655195913804 -0.5808773708240821
v -0.617544637128626 -1.4897188508870185 -0.4805990003735845
v -0.47525748884325913 -1.4911074787851797 -0.4164820077603418
v -0.32492578815075196 -1.453319997276313 -0.39828762388773437
v -0.1894361737212789 -1.38210920787577 -0.4287857787678666
v -0.08941571113531407 -1.2883163077423705 -0.5033334047867006
v -0.04009160913381915 -1.1862204156866671 -0.6105813016587814
v -0.048973015122423726 -1.0913647057725746 -0.7342019492899413
v -0.007232126386212678 -1.2135681812302623 -0.7482442027774041
v -0.046808460864723206 -1.142396918472925 -0.8813866629588178
v -0.1381738325855789 -1.100093532990126 -1.0006399313559222
v -0.2674186919334365 -1.0930983317404777 -1.0878487788888282
v -0.4148666806801523 -1.1224762707025813 -1.1297364490708226
v -0.5580701791583852 -1.1837548249811367 -1.119925923829372
v -0.6752277528677704 -1.2676048901787116 -1.059910766699855
v -0.7485032232471046 -1.3612610539717092 -0.958827741316486
v -0.766741064174927 -1.4504650144178841 -0.8320658219739763
v -0.7271647296964164 -1.5216362771752214 -0.6989233617925625
v -0.6357993579755608 -1.5639396626580204 -0.5796700933954582
v -0.5065544986277034 -1.570934863907669 -0.49246124586255213
v -0.3591065098809874 -1.5415569249455652 -0.4505735756805578
v -0.2159030114027544 -1.4802783706670097 -0.4603841009220084
v -0.09874543769336927 -1.3964283054694349 -0.5203992580515254
v -0.025469967314035183 -1.3027721416764375 -0.6214822834348943
v -0.007232126386212671 -1.2135681812302623 -0.748244202777404
v 0.026783280786240204 -1.3286369614606055 -0.7518091534214056
v 0.012561453762647046 -1.2615808163521798 -0.89202242895442
v -0.056083053765369546 -1.221181623041112 -1.0262401117031519
v -0.16869973779067945 -1.2135897924894132 -1.1340287761554313
v -0.3081437290432121 -1.2399611120784635 -1.1989785752550746
v -0.4531859439176976 -1.296280787457438 -1.2112014908605562
v -0.5817450200104478 -1.3739746585890162 -1.1688366948719473
v -0.6742490033772681 -1.461214537890111 -1.078333843440682
v -0.7166150011012575 -1.5447189445686058 -0.9534711752867789
v -0.7023931740776644 -1.6117750896770315 -0.8132578997537647
v -0.6337486665496479 -1.6521742829880992 -0.6790402170050326
v -0.5211319825243381 -1.6597661135397983 -0.5712515525527535
v -0.38168799127180536 -1.6333947939507478 -0.5063017534531101
v -0.23664577639731962 -1.5770751185717733 -0.4940788378476285
v -0.10808670030456963 -1.499381247440195 -0.5364436338362373
v -0.015582716937749387 -1.4121413681391004 -0.6269464852675024
v 0.026783280786240194 -1.3286369614606055 -0.7518091534214055
v 0.05781649186204707 -1.4342957198006412 -0.7532298142212114
v 0.0651081889839916 -1.3723708185920906 -0.8963056240556531
v 0.017579792689338666 -1.3369306811018484 -1.0406787441186323
v -0.07753292953203615 -1.3333707469971574 -1.1643696756261526
v -0.20574992792090252 -1.362232983974574 -1.2485475955172805
v -0.3475513267625402 -1.4191233780911157 -1.2803971785633355
v -0.48134914851619126 -1.4953808825552466 -1.2550696144627456
v -0.5867738877001369 -1.5793959835883018 -1.1764207952548844
v -0.647775583451262 -1.6583781436567862 -1.056424290710828
v -0.6550672805732066 -1.7203030448653367 -0.9133484808763863
v -0.6075388842785536 -1.755743182355579 -0.7689753608134072
v -0.512426162057179 -1.75930311646027 -0.645284429305887
v -0.3842091636683124 -1.7304408794828534 -0.5611065094147589
v -0.2424077648266746 -1.6735504853663117 -0.5292569263687038
v -0.10860994307302366 -1.5972929809021807 -0.554584490469294
v -0.0031852038890780934 -1.5132778798691255 -0.6332333096771547
v 0.05781649186204705 -1.4342957198006412 -0.7532298142212113
v 0.09148741976620312 -1.531592665509114 -0.7555048242137058
v 0.11557224038386847 -1.4748231685805322 -0.8988773991040203
v 0.08610869606571879 -1.4461479458014364 -1.049436957921021
v 0.0075823443464979046 -1.4499325398984022 -1.1842621726606188
v -0.10805188956769371 -1.4856007807275975 -1.2828271265723252
v -0.2431897417903611 -1.5477225019561855 -1.3301261989166149
v -0.377257699348284 -1.626840234661919 -1.3189585346962283
v -0.48984513103233035 -1.7109090212443834 -1.2510243095535911
v -0.563811620976214 -1.7871301510318458 -1.1366658934413851
v -0.5878964415938793 -1.8438996479604277 -0.9932933185510707
v -0.5584328972757296 -1.8725748707395236 -0.84273375973407
v -0.4799065455565089 -1.868790276642558 -0.7079085449944723
v -0.36427231164231716 -1.8331220358133624 -0.6093435910827658
v -0.22913445941964966 -1.7710003145847744 -0.5620445187384762
v -0.0950665018617269 -1.6918825818790408 -0.5732121829588629
v 0.01752092982231944 -1.6078137952965768 -0.6411464081014999
v 0.09148741976620309 -1.531592665509114 -0.7555048242137057
v 0.1315931461974575 -1.6225157846811786 -0.7579738528062614
v 0.1682844329282774 -1.5704134429776 -0.9004436568470775
v 0.1538270332683409 -1.5492975166477 -1.0544035569726988
v 0.09042195525921894 -1.562382714058857 -1.19641455403897
v -0.012277952740663067 -1.6076769325228324 -1.304856761075445
v -0.13863756071530742 -1.6782845378715983 -1.363220835091875
v -0.2694197638032731 -1.763456162250342 -1.3626213748909075
v -0.3847141571280406 -1.850225197930097 -1.3031496428540195
v -0.4669682144521922 -1.9253818457918879 -1.193859671071233
v -0.5036595011830122 -1.9774841874954665 -1.0513898670304171
v -0.48920210152307564 -1.9986001138253664 -0.8974299669047956
v -0.42579702351395377 -1.9855149164142094 -0.7554189698385245
v -0.3230971155140717 -1.940220697950234 -0.6469767628020495
v -0.19673750753942723 -1.869613092601468 -0.5886126887856193
v -0.06595530445146168 -1.7844414682227245 -0.5892121489865869
v 0.04933908887330573 -1.6976724325429695 -0.648683881023475
v 0.13159314619745746 -1.6225157846811786 -0.7579738528062613
v 0.18000812784752773 -1.7085562713483284 -0.7586930156539913
v 0.22608318310700531 -1.6604876461657556 -0.8998491212685967
v 0.22418302590352912 -1.647081177909192 -1.0553329005122078
v 0.1745969379463605 -1.6703778798407622 -1.201473357458954
v 0.08487395162797162 -1.7268310402765137 -1.316021932305234
v -0.03132642172555902 -1.8078461772892764 -1.3815396429161182
v -0.15631372863016396 -1.9010894706729036 -1.3880520117706256
v -0.2710597846223756 -1.9923654742622972 -1.3345675897454277
v -0.3580955428529675 -2.067778243930005 -1.229228895256368
v -0.4041705981124451 -2.115846869112578 -1.0880727896417626
v -0.4022704409089689 -2.1292533373691414 -0.9325890103981512
v -0.35268435295180034 -2.1059566354375714 -0.7864485534514052
v -0.2629613666334114 -2.04950347500182 -0.6718999786051252
v -0.14676099327988062 -1.968488337989057 -0.606382267994241
v -0.02177368637527581 -1.87524504460543 -0.5998698991397338
v 0.0929723696169357 -1.7839690410160365 -0.6533543211649314
v 0.18000812784752768 -1.7085562713483284 -0.7586930156539912
v 0.23741143829564604 -1.790355941161198 -0.7556944995298189
v 0.29054551782116866 -1.7457151840371152 -0.8954890702139207
v 0.299446676060096 -1.7397869850457846 -1.0511944825640154
v 0.26275979235975166 -1.7734738587443788 -1.1991059990228787
v 0.18607011219608424 -1.8416472839845572 -1.3167054320308846
v 0.08105294418033027 -1.9339284747671417 -1.3860893339540785
v -0.036303799840110396 -2.0362684563265607 -1.3966946346912918
v -0.14813361942965936 -2.133086894184636 -1.3469067733425744
v -0.23741143829564673 -2.2096440588388013 -1.244305500470181
v -0.2905455178211694 -2.2542848159628837 -1.1045109297860793
v -0.2994466760600967 -2.2602130149542146 -0.9488055174359846
v -0.26275979235975244 -2.2265261412556203 -0.8008940009771215
v -0.18607011219608502 -2.158352716015442 -0.6832945679691155
v -0.08105294418033092 -2.066071525232857 -0.6139106660459213
v 0.03630379984010962 -1.9637315436734384 -0.603305365308708
v 0.14813361942965844 -1.866913105815363 -0.6530932266574255
v 0.23741143829564598 -1.790355941161198 -0.7556944995298188
v 0.30385226492819145 -1.8678181972151022 -0.7473920468063402
v 0.3624177912308994 -1.826079821434045 -0.8859075214380012
v 0.3809385172581075 -1.8271687116124864 -1.0408731518919592
v 0.3565948303629728 -1.870919094091573 -1.1886968256985369
v 0.2930928361992084 -1.9506703697370684 -1.3068737285456233
v 0.20010013773123678 -2.0542811297790604 -1.3774124982510412
v 0.09177403031989594 -2.1659775752350336 -1.3895742465626801
v -0.015393818160046549 -2.268754934815116 -1.3415074575466168
v -0.10508807425648499 -2.3469662872023247 -1.2405298641040188
v -0.16365360055919298 -2.388704662983382 -1.1020143894723577
v -0.18217432658640104 -2.3876157728049403 -0.9470487590184
v -0.15783063969126643 -2.343865390325854 -0.7992250852118221
v -0.09432864552750198 -2.2641141146803583 -0.6810481823647357
v -0.0013359470595302458 -2.1605033546383665 -0.6105094126593178
v 0.1069901603518105 -2.0488069091823933 -0.5983476643476787
v 0.21415800883175282 -1.9460295496023112 -0.646414453363742
v 0.3038522649281914 -1.8678181972151022 -0.7473920468063401
v 0.37903324711511643 -1.940315391991986 -0.7326331403843944
v 0.4419080835042598 -1.9010348071638115 -0.869973375570531
v 0.46928606354205954 -1.9085324169112245 -1.0234425309520394
v 0.4569991379497677 -1.9616667781161838 -1.169676318823443
v 0.4069178797675529 -2.0523486659494177 -1.2864119705939085
v 0.32666670656592145 -2.1667725850216764 -1.3558775414927013
v 0.22846313198612503 -2.287518530909618 -1.3674975280574482
v 0.1272577600403173 -2.396204027916528 -1.319502892669107
v 0.03845819117826626 -2.4762826943595893 -1.2192003834930996
v -0.024416645210877108 -2.5155632791877642 -1.081860148306963
v -0.05179462524867687 -2.5080656694403505 -0.9283909929254546
v -0.03950769965638509 -2.454931308235391 -0.7821572050540513
v 0.010573558525829696 -2.3642494204021576 -0.6654215532835854
v 0.09082473172746128 -2.249825501329899 -0.5959559823847926
v 0.18902830630725756 -2.1290795554419573 -0.5843359958200458
v 0.2902336782530652 -2.020394058435047 -0.6323306312083868
v 0.3790332471151164 -1.940315391991986 -0.7326331403843943
v 0.4624214572123705 -2.0068761725513458 -0.7106521335503471
v 0.5288408197434276 -1.9696732099793897 -0.8468980782724777
v 0.5645991635787726 -1.9828711332617868 -0.9982443873241802
v 0.5642526050196686 -2.044460678218265 -1.1416499571100407
v 0.527853904465178 -2.1450653949398157 -1.2552825896048891
v 0.46094443411967967 -2.2693691272896106 -1.3218427465937639
v 0.37371055430741673 -2.398447758833534 -1.3311972475444338
v 0.2794328324527166 -2.512650238019731 -1.2819219544859222
v 0.19246419707828055 -2.594590272640156 -1.1815185841047433
v 0.12604483454722357 -2.631793235212112 -1.0452726393826128
v 0.09028649071187844 -2.618595311929715 -0.8939263303309102
v 0.09063304927098242 -2.557005766973237 -0.7505207605450499
v 0.1270317498254731 -2.456401050251686 -0.6368881280502011
v 0.19394122017097146 -2.332097317901891 -0.5703279710613265
v 0.2811750999832342 -2.203018686357968 -0.5609734701106565
v 0.37545282183793427 -2.088816207171771 -0.610248763169168
v 0.46242145721237043 -2.0068761725513458 -0.710652133550347
v 0.5532824058231528 -2.066334893970141 -0.6810118123624886
v 0.622732263848871 -2.0308748008254063 -0.8162074062654061
v 0.66657724405396 -2.0489939667737778 -0.9648945379632734
v 0.6781423456579302 -2.1179339130502646 -1.104436939507296
v 0.6556668867794841 -2.2271991577764405 -1.213590545217416
v 0.6025725522923233 -2.360155057934656 -1.2757377081041674
v 0.5269424733207773 -2.496560282974058 -1.281417085983477
v 0.44029064379989064 -2.6156483738988423 -1.2297640450569085
v 0.3558090192734279 -2.699289248401943 -1.1286422925695498
v 0.28635916124770966 -2.734749341546678 -0.9934466986666325
v 0.24251418104262065 -2.716630175598306 -0.8447595669687651
v 0.2309490794386505 -2.6476902293218196 -0.7052171654247428
v 0.25342453831709655 -2.5384249845956433 -0.5960635597146225
v 0.3065188728042574 -2.405469084437428 -0.5339163968278711
v 0.3821489517758034 -2.2690638593980257 -0.5282370189485615
v 0.46880078129668995 -2.149975768473242 -0.5798900598751299
v 0.5532824058231528 -2.066334893970141 -0.6810118123624885
v 0.650688539486663 -2.117449453729618 -0.643554594973535
v 0.7228303886998079 -2.083426225220179 -0.7777057153948369
v 0.7745773125065494 -2.105637068699404 -0.9232649263877138
v 0.7980513108443438 -2.1807005845893768 -1.0580721575760341
v 0.7896786802585865 -2.2971890330483165 -1.1616042300419696
v 0.7507340778578739 -2.4373681037687636 -1.2180993242731553
v 0.6871464663240145 -2.57989680395997 -1.218956574302198
v 0.6085964830899048 -2.7030764310437108 -1.164045471583167
v 0.5270426510455664 -2.7881540034225845 -1.0617257337346486
v 0.4549008018324216 -2.8221772319320233 -0.9275746133133467
v 0.40315387802568003 -2.7999663884527983 -0.7820154023204695
v 0.3796798796878857 -2.7249028725628257 -0.6472081711321496
v 0.38805251027364296 -2.608414424103886 -0.5436760986662139
v 0.4269971126743556 -2.468235353383439 -0.4871810044350281
v 0.4905847242082148 -2.3257066531922326 -0.4863237544059854
v 0.5691347074423245 -2.2025270261084917 -0.5412348571250164
v 0.650688539486663 -2.117449453729618 -0.6435545949735348
v 0.753525359715877 -2.158995630235584 -0.598364418067756
v 0.8281429360518343 -2.1261187634969567 -0.7314428856407873
v 0.8876635237542589 -2.151556170313822 -0.8734597422824533
v 0.9230256529009278 -2.2314352360889793 -1.0027942089550717
v 0.9288457598877594 -2.3535950971636956 -1.099756285527596
v 0.9042377861854101 -2.4994380220712435 -1.1495843748052725
v 0.852948072718225 -2.646760747563855 -1.1446926018883292
v 0.7827850134191733 -2.7731347241691124 -1.0858256948593386
v 0.7044302980368188 -2.8593206595318157 -0.9819456066836233
v 0.6298127217008614 -2.892197526270443 -0.8488671391105921
v 0.5702921339984368 -2.866760119453578 -0.706850282468926
v 0.5349300048517681 -2.7868810536784205 -0.577515815796308
v 0.5291098978649363 -2.664721192603704 -0.48055373922378325
v 0.5537178715672857 -2.5188782676961563 -0.4307256499461067
v 0.6050075850344707 -2.371555542203545 -0.43561742286305005
v 0.6751706443335224 -2.245181565598288 -0.49448432989204055
v 0.753525359715877 -2.158995630235584 -0.5983644180677559
v 0.8605040359361792 -2.18984340070417 -0.5457360995486498
v 0.9374649388586489 -2.1578278845311645 -0.6776852402882638
v 1.0046501733391817 -2.1856028247671504 -0.8157911654293362
v 1.051831396463783 -2.268939738541658 -0.9390284998024678
v 1.0718256947105858 -2.395151336183524 -1.0286354763985672
v 1.0615891174202785 -2.5450230460627554 -1.070970245320144
v 1.022680090690507 -2.6957382589406724 -1.0595877217645238
v 0.9610221611296726 -2.8243519498934195 -0.996220791760217
v 0.8860021895828895 -2.9112838503594523 -0.8905164959777283
v 0.8090412866604197 -2.943299366532458 -0.7585673552381144
v 0.741856052179887 -2.915524426296472 -0.6204614300970419
v 0.6946748290552855 -2.832187512521964 -0.49722409572391046
v 0.6746805308084829 -2.7059759148800984 -0.40761711912781085
v 0.68491710809879 -2.556104205000867 -0.36528235020623406
v 0.7238261348285617 -2.40538899212295 -0.3766648737618542
v 0.7854840643893959 -2.276775301170203 -0.4400318037661609
v 0.8605040359361792 -2.18984340070417 -0.5457360995486497
v 0.9701828737988378 -2.2090183869111626 -0.4861491396373864
v 1.0494102475991292 -2.1775774418387974 -0.61688949228359
v 1.1241440323824041 -2.2067863356140505 -0.7507560360231718
v 1.1830066868788554 -2.2921982789389195 -0.8673688030750213
v 1.21703690553269 -2.420810077703389 -0.9489745567528601
v 1.2210538960385615 -2.5730417514144266 -0.9831495608172365
v 1.194446108006061 -2.725717407733086 -0.9646909806965324
v 1.1412643359629375 -2.8555935619931216 -0.8964089678866795
v 1.0696050226087925 -2.9428977470387134 -0.7886988398599905
v 0.9903776488085012 -2.9743386921110786 -0.6579584872137868
v 0.9156438640252262 -2.9451297983358256 -0.5240919434742051
v 0.856781209528775 -2.8597178550109565 -0.4074791764223556
v 0.8227509908749405 -2.731106056246487 -0.3258734227445167
v 0.8187340003690688 -2.578874382535449 -0.29169841868014035
v 0.8453417884015693 -2.42619872621679 -0.31015699880084446
v 0.8985235604446927 -2.2963225719567544 -0.37843901161069715
v 0.9701828737988378 -2.2090183869111626 -0.4861491396373863
v 1.0809972023457017 -2.2157501677424896 -0.42024390198262274
v 1.162448234466306 -2.184590279042689 -0.5496785970959986
v 1.244588493723037 -2.2143227820178066 -0.6790134557863763
v 1.3149128702473611 -2.3004211726156907 -0.788558418241559
v 1.3627151152055115 -2.429777751351669 -0.8616362569553029
v 1.380717770131039 -2.582699151733494 -0.8871215334356979
v 1.3661800940060052 -2.73590447678898 -0.8611343453632105
v 1.3213153162360844 -2.866069604588158 -0.7876310065474305
v 1.252953692536524 -2.953378074373427 -0.6778017340136346
v 1.1715026604159198 -2.9845379630732274 -0.5483670389002587
v 1.089362401159189 -2.9548054600981097 -0.41903218020988114
v 1.0190380246348647 -2.8687070695002257 -0.30948721775469856
v 0.9712357796767144 -2.7393504907642474 -0.2364093790409545
v 0.9532331247511869 -2.5864290903824223 -0.2109241025605595
v 0.9677708008762207 -2.4332237653269364 -0.23691129063304683
v 1.0126355786461412 -2.303058637527758 -0.31041462944882675
v 1.0809972023457017 -2.2157501677424896 -0.4202439019826227
v 1.1912961348878148 -2.2095084749128673 -0.3487989545534584
v 1.27494524013481 -2.178326371193286 -0.47681869207618055
v 1.364310118099232 -2.2076721123402905 -0.6013630442537289
v 1.4457857762056339 -2.2930780752840545 -0.7034712624644357
v 1.506968284085996 -2.4215419763733723 -0.767598296099024
v 1.538543159536348 -2.573506351195559 -0.7839813855996349
v 1.5357034139963324 -2.7258360012444243 -0.7501263541028769
v 1.4988813729820594 -2.8553401181717444 -0.6711873232575063
v 1.4336828584453192 -2.942302874133079 -0.5591820449256344
v 1.350033753198324 -2.97348497785266 -0.43116230740291234
v 1.260668875233902 -2.944139236705656 -0.3066179552253639
v 1.1791932171275001 -2.858733273761892 -0.2045097370146572
v 1.118010709247138 -2.730269372672574 -0.1403827033800688
v 1.086435833796786 -2.578304997850387 -0.12399961387945785
v 1.0892755793368016 -2.425975347801522 -0.15785464537621596
v 1.1260976203510746 -2.296471230874202 -0.23679367622158634
v 1.1912961348878148 -2.2095084749128673 -0.34879895455345833
v 1.299384296378973 -2.1900279687070014 -0.2727089050564108
v 1.3852096022410327 -2.158509307180177 -0.39919661373053306
v 1.481567177824396 -2.186564028696066 -0.5187235973984504
v 1.5737874557300935 -2.269921056220559 -0.6130929563115275
v 1.6478307346258836 -2.3958900379463866 -0.6679378110356173
v 1.6924245965038773 -2.545293338317456 -0.6749085296088231
v 1.700780030137514 -2.695385659196561 -0.6329438833180955
v 1.6716249964982675 -2.823316805320135 -0.5484326091507319
v 1.609398085166675 -2.909610419389592 -0.4342407825021055
v 1.5235727793046152 -2.941129080916417 -0.3077530738279832
v 1.427215203721252 -2.9130743594005275 -0.18822609016006583
v 1.3349949258155547 -2.8297173318760347 -0.09385673124698879
v 1.2609516469197644 -2.703748350150207 -0.039011876522899
v 1.2163577850417708 -2.554345049779138 -0.03204115794969331
v 1.208002351408134 -2.4042527289000333 -0.07400580424042083
v 1.2371573850473803 -2.276321582776459 -0.15851707840778423
v 1.299384296378973 -2.1900279687070014 -0.27270890505641077
v 1.4035665658959124 -2.157322184239668 -0.19296239449434807
v 1.4915388134959298 -2.1251417887452995 -0.31779770758489756
v 1.5945992928590274 -2.151013278334613 -0.43211198148044755
v 1.6970579802477457 -2.230997953243272 -0.5185019042418739
v 1.7833164692974663 -2.352918871779318 -0.5638153932553492
v 1.8402426869855197 -2.498214679311516 -0.5611538805863729
v 1.8591701327063481 -2.644765406252864 -0.5109225574121241
v 1.8372172744266784 -2.77026003291219 -0.4207686873378037
v 1.7777262358164339 -2.855593139992234 -0.3044173798353597
v 1.6897539882164165 -2.8877735354866028 -0.1795820667448102
v 1.586693508853319 -2.8619020458972892 -0.06526779284926021
v 1.4842348214646006 -2.78191737098863 0.021122129912165943
v 1.39797633241488 -2.6599964524525843 0.06643561892564151
v 1.3410501147268263 -2.514700644920386 0.06377410625666516
v 1.3221226690059982 -2.3681499179790384 0.013542783082416382
v 1.3440755272856681 -2.2426552913197133 -0.07661108699190386
v 1.4035665658959124 -2.157322184239668 -0.192962394494348
v 1.50219396417276 -2.111687239739378 -0.11062009478462216
v 1.5922672752638165 -2.0785107994597856 -0.23368378575745402
v 1.7016770168076951 -2.101324953434999 -0.34262217398715555
v 1.8137665474561173 -2.176656453533112 -0.42085037739470327
v 1.9114712522619863 -2.293036761745936 -0.45645886115172774
v 1.9799164756139633 -2.43274803113819 -0.444026556397931
v 2.0086820527142044 -2.5745204874307137 -0.38544616883295546
v 1.9933886852098037 -2.6967705593234874 -0.28963603143103295
v 1.9363646496685845 -2.7808867815704974 -0.17118236909054788
v 1.8462913385775281 -2.81406322185009 -0.04811867811771603
v 1.7368815970336493 -2.7912490678748765 0.06081971011198556
v 1.624792066385227 -2.715917567776764 0.1390479135195332
v 1.527087361579358 -2.5995372595639394 0.1746563972765577
v 1.458642138227381 -2.4598259901716855 0.16222409252276093
v 1.4298765611271402 -2.3180535338791617 0.10364370495778547
v 1.4451699286315407 -2.195803461986388 0.007833567555863119
v 1.50219396417276 -2.111687239739378 -0.11062009478462208
v 1.5937089385509617 -2.053695953303046 -0.02679265254617188
v 1.6858131282460176 -2.0191831353002745 -0.1479711705702547
v 1.8011501371801228 -2.0380904446755608 -0.2514044225674226
v 1.9221609512756488 -2.1075394149717024 -0.32134563354587115
v 2.0304227710523133 -2.216957070017597 -0.34714688815278777
v 2.1094537158449596 -2.3496855637060188 -0.3248801792632248
v 2.1472220407262053 -2.4855181860596973 -0.2579354114573996
v 2.1379778606035993 -2.603775651651073 -0.1565043187779177
v 2.0831285181021055 -2.686454333350454 -0.03602886561008537
v 1.9910243284070497 -2.720967151353225 0.08514965241399743
v 1.8756873194729444 -2.702059841977939 0.1885829044111654
v 1.7546765053774187 -2.632610871681797 0.25852411538961384
v 1.646414685600754 -2.523193216635903 0.2843253699965305
v 1.5673837408081077 -2.3904647229474807 0.2620586611069675
v 1.5296154159268618 -2.2546321005938026 0.19511389330114243
v 1.5388595960494682 -2.136374635002427 0.09368280062166068
v 1.5937089385509617 -2.053695953303046 -0.026792652546171802
v 1.6766884260554997 -1.9841830981933661 0.05738143021769716
v 1.7707227016965663 -1.9479920627083125 -0.061808810790397725
v 1.8914934407755304 -1.9621747751651568 -0.15964453456282907
v 2.0206143930570954 -2.024572046158953 -0.22123113903828875
v 2.138428064040741 -2.1256844568135667 -0.2371926219693478
v 2.2269983903027932 -2.2501185591931163 -0.20509899227095554
v 2.272841342561862 -2.378930389208264 -0.12983621413521457
v 2.268977746903901 -2.492509513421349 -0.02286236327450862
v 2.215995800744253 -2.573564539768255 0.0995367612379926
v 2.1219615251031865 -2.609755575253309 0.2187270022460875
v 2.001190786024222 -2.5955728627964647 0.31656272601851887
v 1.8720698337426571 -2.533175591802668 0.37814933049397853
v 1.7542561627590119 -2.4320631811480546 0.3941108134250376
v 1.6656858364969593 -2.307629078768505 0.36201718372664526
v 1.619842884237891 -2.1788172487533575 0.28675440559090437
v 1.6237064798958516 -2.0652381245402722 0.1797805547301986
v 1.6766884260554997 -1.9841830981933661 0.05738143021769724
v 1.7498831964956418 -1.9042226276906729 0.14075796449602984
v 1.8457112008621814 -1.86601596822349 0.023643514713462682
v 1.971348727141418 -1.8746961484773121 -0.06854333932540482
v 2.1076686008643506 -1.9289416896945255 -0.12176798476906794
v 2.2339173569993944 -2.020494199961865 -0.1279274518313413
v 2.330874766872813 -2.1354156395167 -0.08608401748770189
v 2.3837799437524887 -2.256210260952251 -0.0026079653052917817
v 2.3845785540451128 -2.364488178160925 0.10979223248341435
v 2.3331490165730533 -2.4437650597894653 0.23400466467541634
v 2.237321012206514 -2.4819717192566486 0.3511191144579835
v 2.111683485927277 -2.473291539002826 0.443305968496851
v 1.9753636122043452 -2.419045997785613 0.49653061394051407
v 1.8491148560693011 -2.3274934875182733 0.5026900810027874
v 1.7521574461958822 -2.2125720479634383 0.460846646659148
v 1.6992522693162069 -2.0917774265278877 0.37737059447673804
v 1.6984536590235826 -1.9834995093192136 0.264970396688032
v 1.7498831964956418 -1.9042226276906729 0.14075796449602992
v 1.8122520876407415 -1.815097813880646 0.22220926785473605
v 1.9096983372061014 -1.7745499805514324 0.10723687441030892
v 2.0395619124407984 -1.776998671874864 0.020703612976032126
v 2.1820722612315917 -1.82207109679439 -0.024216611820694012
v 2.315533474834611 -1.9029053871985628 -0.02068510295741971
v 2.4196272933077108 -2.0071952551380137 0.0307604993546291
v 2.478506376401176 -2.1190635136089684 0.12228806851898921
v 2.4832069174542437 -2.2214792343475125 0.2399633618298674
v 2.433013301702095 -2.2988505522720226 0.3658713826098727
v 2.3355670521367355 -2.3393983856012364 0.48084377605429984
v 2.205703476902038 -2.3369496942778047 0.5673770374885767
v 2.0631931281112457 -2.2918772693582787 0.6122972622853028
v 1.929731914508226 -2.211042978954106 0.6087657534220285
v 1.8256380960351262 -2.106753111014655 0.5573201511099797
v 1.766759012941661 -1.9948848525437006 0.46579258194561957
v 1.762058471888593 -1.8924691318051565 0.34811728863474156
v 1.8122520876407415 -1.815097813880646 0.22220926785473613
v 1.8629898429647387 -1.7182653686545142 0.30064635783765775
v 1.9618376916878595 -1.6750716796850789 0.1878547019742431
v 2.095214142458902 -1.6706193617271823 0.10692603683691546
v 2.242813839708512 -1.7055862398295516 0.07018101807265659
v 2.382166067525024 -1.7746489237766403 0.08321374169390044
v 2.4920557124544644 -1.8672932459922933 0.14404009367124643
v 2.5557530722084385 -1.969414948242049 0.24339981330839727
v 2.5635608011824074 -2.065466927093919 0.36616628398869827
v 2.5142902434173235 -2.140826139481063 0.49364942343190155
v 2.415442394694203 -2.184019828450498 0.6064410792953163
v 2.2820659439231603 -2.1884721464083947 0.6873697444326439
v 2.1344662466735507 -2.1535052683060254 0.7241147631969027
v 1.9951140188570382 -2.0844425843589365 0.711082039575659
v 1.8852243739275978 -1.9917982621432837 0.6502556875983129
v 1.8215270141736237 -1.8896765598935277 0.550895967961162
v 1.8137192851996549 -1.7936245810416578 0.42812949728086125
v 1.8629898429647387 -1.7182653686545142 0.3006463578376578
v 1.9015473489508008 -1.6153147490034558 0.3750411257928049
v 2.001538684499093 -1.5692021594853798 0.26443411200256417
v 2.137645920385441 -1.5572507045913242 0.18899849268594796
v 2.289147963761316 -1.5812798849887004 0.160218657058319
v 2.4329800018921817 -1.6376314757870705 0.18247607420412437
v 2.547244910813288 -1.7177264581158256 0.2523822541269039
v 2.6145468939553735 -1.8093710969782353 0.3592946146345135
v 2.624639834479054 -1.898613326868218 0.486936718002631
v 2.575987173682332 -1.971866827267852 0.6158762110720089
v 2.4759958381340397 -2.017979416785928 0.7264832248622496
v 2.3398886022476915 -2.0299308716799835 0.8019188441788658
v 2.188386558871817 -2.0059016912826073 0.8306986798064948
v 2.044554520740951 -1.9495501004842373 0.8084412626606894
v 1.930289611819845 -1.8694551181554822 0.7385350827379098
v 1.862987628677759 -1.7778104792930725 0.6316227222303002
v 1.8528946881540784 -1.6885682494030898 0.5039806188621829
v 1.9015473489508008 -1.6153147490034558 0.37504112579280496
v 1.9276431424140295 -1.507923991711767 0.44444848875874476
v 2.028480102106082 -1.4586638829028176 0.33598698021040246
v 2.1664733473054283 -1.4387002401214117 0.26585947602953464
v 2.3206146573423516 -1.451072347010146 0.2447422530202702
v 2.4674374150581855 -1.493896662448639 0.2758502169576662
v 2.5845891865423063 -1.5606535726147661 0.3544474623266495
v 2.6542346765697107 -1.641179943088632 0.46856827100559584
v 2.665770990621665 -1.723216363938957 0.6008387843808425
v 2.6174418294607062 -1.7942735337532858 0.7311220158261977
v 2.516604869768654 -1.8435336425622353 0.8395835243745401
v 2.378611624569307 -1.8634972853436411 0.9097110285554079
v 2.224470314532384 -1.8511251784549068 0.9308282515646723
v 2.07764755681655 -1.808300863016414 0.8997202876272763
v 1.9604957853324287 -1.7415439528502865 0.8211230422582929
v 1.8908502953050248 -1.6610175823764208 0.7070022335793467
v 1.8793139812530706 -1.5789811615260958 0.5747317202041002
v 1.9276431424140295 -1.507923991711767 0.4444484887587448
v 1.9412651158686778 -1.3978135716861542 0.5080285541931121
v 2.042614199980607 -1.345236966442982 0.4016207850821823
v 2.1815956654907205 -1.3168488603508854 0.33652994645220863
v 2.3370508441452253 -1.3169710852235634 0.3226655284346833
v 2.485313094198677 -1.3455850334321227 0.36213826299151214
v 2.6038108320810815 -1.3983344907478958 0.44893878410764776
v 2.6745038513845105 -1.4671888304695782 0.5698524992918417
v 2.6866297807538335 -1.541665603540687 0.7064713914928582
v 2.6383425573643944 -1.6104263963947756 0.8379964728264343
v 2.536993473252465 -1.6630030016379478 0.9444042419373642
v 2.3980120077423517 -1.6913911077300443 1.0094950805673377
v 2.242556829087847 -1.691268882857366 1.023359498584863
v 2.094294579034395 -1.662654934648807 0.9838867640280342
v 1.9757968411519906 -1.6099054773330337 0.8970862429118986
v 1.9051038218485616 -1.5410511376113516 0.7761725277277047
v 1.8929778924792386 -1.466574364540243 0.6395536355266883
v 1.9412651158686778 -1.3978135716861542 0.5080285541931122
v 1.9426613844216847 -1.2866999228374676 0.5650689075252902
v 2.0441604494636563 -1.2307157537912476 0.46055928017834125
v 2.1831933782597845 -1.1936097965084311 0.4001312879819699
v 2.338593667737497 -1.1810310966189863 0.3929845449669604
v 2.486703032530945 -1.1948946471548831 0.4402070779719611
v 2.60497316446506 -1.2330898482204298 0.5346096844202886
v 2.675398508074289 -1.2898018266937563 0.6618204232419429
v 2.6872574432014567 -1.356396697947664 0.8024726126195466
v 2.6387445544749664 -1.4227359965177568 0.9351532317356313
v 2.537245489432995 -1.4787201655639768 1.0396628590825803
v 2.3982125606368667 -1.5158261228467933 1.1000908512789516
v 2.242812271159154 -1.5284048227362381 1.1072375942939612
v 2.0947029063657063 -1.5145412722003413 1.0600150612889603
v 1.9764327744315913 -1.4763460711347947 0.9656124548406329
v 1.9060074308223622 -1.4196340926614681 0.8384017160189786
v 1.8941484956951944 -1.3530392214075604 0.697749526641375
v 1.9426613844216847 -1.2866999228374676 0.5650689075252903
v 1.9323192780674916 -1.1762503718252753 0.6150072777288944
v 2.033588014558311 -1.116867778897671 0.5121632197423696
v 2.171716279492618 -1.070890601709085 0.45590283225351996
v 2.3256752966700036 -1.0453184487023295 0.4547912492558406
v 2.4720262013671777 -1.0440444483605391 0.5089976991842031
v 2.5884883950182496 -1.0672625556869098 0.6102697414197066
v 2.657331564372259 -1.111438024313668 0.7431896255653445
v 2.668074960959941 -1.1698455395940106 0.8875215041816937
v 2.6190830000399536 -1.2335930867919498 1.0212921571211528
v 2.517814263549134 -1.2929756797195537 1.1241362151076777
v 2.379685998614827 -1.3389528569081401 1.1803966025965273
v 2.2257269814374414 -1.3645250099148956 1.1815081855942067
v 2.0793760767402674 -1.365799010256686 1.1273017356658441
v 1.962913883089195 -1.3425809029303153 1.0260296934303406
v 1.8940707137351864 -1.2984054343035571 0.8931098092847028
v 1.8833273171475045 -1.2399979190232144 0.7487779306683539
v 1.9323192780674916 -1.1762503718252753 0.6150072777288945
v 1.9109313623791198 -1.0680412432128221 0.6574551034968177
v 2.0115859973933263 -1.0053974393735792 0.5559516656875713
v 2.1478607278160307 -0.950560837170695 0.5032193747886337
v 2.299008961273883 -0.9118798121945215 0.5072862440699608
v 2.442019749385074 -0.895243199853317 0.5675331295497326
v 2.5551209960556975 -0.903183773564763 0.6747879890530304
v 2.6210940617455045 -0.9344926529627721 0.8127222424881999
v 2.6298951452505523 -0.9844033449746958 0.9603366501468573
v 2.5801843613892177 -1.0453173991832683 1.09515825659091
v 2.479529726375011 -1.1079612030225112 1.1966616944001562
v 2.343254995952307 -1.1627978052253953 1.249393985299094
v 2.1921067624944546 -1.2014788302015686 1.2453271160177668
v 2.0490959743832633 -1.2181154425427734 1.185080230537995
v 1.93599472771264 -1.2101748688313274 1.077825371034697
v 1.870021662022833 -1.1788659894333184 0.9398911175995278
v 1.861220578517785 -1.1289552974213948 0.7922767099408704
v 1.9109313623791198 -1.0680412432128221 0.6574551034968178
v 1.8793472189655995 -0.9635206408632331 0.6922229865258863
v 1.9790203159294053 -0.8979167946125898 0.5916249811025482
v 2.112535376077208 -0.8344285918458101 0.5416097192361822
v 2.2595659418185385 -0.7827215359121453 0.5497915711564639
v 2.3977279423546762 -0.7506675573518664 0.6149249240772034
v 2.505987465545649 -0.7431465838307367 0.7270938154515324
v 2.567862980360652 -0.7613036153895536 0.8692215483812415
v 2.5739345005720393 -0.802374408567388 1.01967046391889
v 2.5232776922660953 -0.8601063074105819 1.1555360784966866
v 2.4236045953022893 -0.9257101536612252 1.2561340839200246
v 2.290089535154487 -0.9891983564280049 1.3061493457863909
v 2.1430589694131568 -1.0409054123616697 1.2979674938661088
v 2.0048969688770186 -1.0729593909219486 1.2328341409453694
v 1.8966374456860462 -1.0804803644430783 1.1206652495710403
v 1.8347619308710432 -1.0623233328842614 0.9785375166413314
v 1.8286904106596555 -1.0212525397064272 0.828088601103683
v 1.8793472189655995 -0.9635206408632331 0.6922229865258864
v 1.8385093540657835 -0.8639765459543415 0.7193497539253288
v 1.9368756564642855 -0.7959255929313767 0.6190916473129411
v 2.066814178410434 -0.7242292481650369 0.5707784580372928
v 2.208542957833563 -0.6598026302170138 0.5817654312054501
v 2.3404850728410853 -0.6124541076411479 0.6503798997497207
v 2.442553532481357 -0.5893920637841888 0.7661759328259458
v 2.499209339027037 -0.5941274857654103 0.9115246340919234
v 2.5018271595177115 -0.6259394485148786 1.0642979813691673
v 2.450008454514276 -0.6799848690801477 1.201237617428558
v 2.351642152115774 -0.7480358221031125 1.3014957240409457
v 2.2217036301696256 -0.8197321668694523 1.349808913316594
v 2.079974850746497 -0.8841587848174752 1.3388219401484367
v 1.9480327357389742 -0.9315073073933412 1.270207471604166
v 1.8459642760987025 -0.9545693512503004 1.154411438527941
v 1.7893084695530224 -0.9498339292690788 1.0090627372619634
v 1.7866906490623484 -0.9180219665196105 0.8562893899847199
v 1.8385093540657835 -0.8639765459543415 0.719349753925329
v 1.789370960161384 -0.7705086465405485 0.7391378256475968
v 1.8861800921691403 -0.7008012371548135 0.6385027490936309
v 2.0118745925896624 -0.6216295419699287 0.590635381900779
v 2.147318613157409 -0.5450467338845889 0.6028230968053883
v 2.2718920295440452 -0.4827118512049029 0.6732104246951431
v 2.366629668365537 -0.44411481475173453 0.7910815329615442
v 2.4171085829101457 -0.43513167344207176 0.9384916138752893
v 2.4156438160309563 -0.45713002910793216 1.092998818892972
v 2.3624583652071793 -0.506760831514779 1.2310808266619508
v 2.265649233199423 -0.5764682409005141 1.331715903215917
v 2.139954732778901 -0.6556399360853988 1.3795832704087687
v 2.0045107122111547 -0.7322227441707386 1.3673955555041595
v 1.8799372958245182 -0.7945576268504246 1.2970082276144046
v 1.7851996570030266 -0.833154663303593 1.1791371193480034
v 1.7347207424584175 -0.8421378046132557 1.0317270384342583
v 1.736185509337607 -0.8201394489473954 0.8772198334165762
v 1.789370960161384 -0.7705086465405485 0.7391378256475969
v 1.7327923927923359 -0.6839971557326147 0.7521982585387115
v 1.8279084998194202 -0.6137952882480279 0.6503003999641711
v 1.948917084696902 -0.5282475121837354 0.6013407227512733
v 2.0773956873227384 -0.4403777009530047 0.6127728939351021
v 2.193784605108579 -0.36356323677389213 0.6828564690858099
v 2.2803646803896966 -0.30949842549281587 0.8009218591958921
v 2.323954881554878 -0.286414144528585 0.948994678886515
v 2.317918995622881 -0.2978247663984757 1.1045321836432345
v 2.263175931511411 -0.34199312736034193 1.2438551983178316
v 2.168059824484327 -0.4121949948449287 1.345753056892372
v 2.0470512396068448 -0.49774277090922114 1.3947127341052699
v 1.9185726369810086 -0.5856125821399517 1.383280562921441
v 1.8021837191951677 -0.6624270463190645 1.3131969877707332
v 1.71560364391405 -0.7164918576001407 1.195131597660651
v 1.6720134427488693 -0.7395761385643715 1.047058777970028
v 1.6780493286808658 -0.7281655166944809 0.8915212732133089
v 1.7327923927923359 -0.6839971557326147 0.7521982585387116
v 1.6694129929100288 -0.6050507034106766 0.7595069124823293
v 1.7628591218032224 -0.5360225343238925 0.6552884761872512
v 1.879058996379675 -0.44568055314346106 0.6033802381011878
v 2.0003222390896083 -0.3477785075520041 0.6116847569233923
v 2.1081876204844674 -0.25722109650656777 0.6789377449438347
v 2.186233614049002 -0.18779486493384445 0.7949005443862571
v 2.222578424751705 -0.15006932724042477 0.9419188702409453
v 2.2116888846296194 -0.1497878545572811 1.0976105151209656
v 2.1552228274524063 -0.1869932985488659 1.2382728374416105
v 2.0617766985592128 -0.25602146763565 1.3424912737366885
v 1.9455768239827598 -0.34636344881608144 1.3943995118227521
v 1.8243135812728268 -0.44426549440753826 1.3860949930005475
v 1.7164481998779677 -0.5348229054529746 1.318842004980105
v 1.6384022063134331 -0.6042491370256982 1.2028792055376827
v 1.6020573956107302 -0.6419746747191177 1.0558608796829945
v 1.6129469357328154 -0.6422561474022613 0.9001692348029744
v 1.6694129929100288 -0.6050507034106766 0.7595069124823294
v 1.5994990288442648 -0.5338932455621819 0.7624609377823655
v 1.6914980426244377 -0.46840381578995 0.6547304144940618
v 1.8031924876862142 -0.3755100087355592 0.5976897171835309
v 1.917577897281605 -0.26935406443858245 0.6000227749410922
v 2.0172401297060314 -0.16609726311220313 0.6613744008723782
v 2.087006513513262 -0.08145951673312764 0.7724043660832247
v 2.1162557492024887 -0.02832615494448866 0.9162093648594212
v 2.10053490578501 -0.014786250423482472 1.070896389732852
v 2.042237339161335 -0.04290113089389218 1.2129157434079094
v 1.9502383253811624 -0.10839056066612396 1.320646266696213
v 1.8385438803193859 -0.20128436772051483 1.377686964006744
v 1.7241584707239954 -0.3074403120174914 1.3753539062491829
v 1.6244962382995685 -0.4106971133438708 1.3140022803178968
v 1.5547298544923382 -0.49533485972294644 1.2029723151070502
v 1.5254806188031111 -0.5484682215115854 1.0591673163308537
v 1.5412014622205903 -0.5620081260325914 0.9044802914574231
v 1.5994990288442648 -0.5338932455621819 0.7624609377823656
v 1.5227894829501094 -0.4701142586828142 0.7628803034848587
v 1.6137795141232654 -0.41147272164167725 0.6504501742625308
v 1.7217996559433428 -0.31919202352588727 0.5858400255796734
v 1.8304048210232597 -0.20732106409696172 0.5788861668807948
v 1.9230608574878714 -0.09289118281518205 0.6306472601159132
v 1.9856617237145024 0.00667670820375775 0.7332431480554606
v 2.0086770052984146 0.07622430013740376 0.8710545367946813
v 1.9886028342525033 0.10516360256434919 1.0231008916613782
v 1.9284953211456959 0.08908886902552128 1.1662345334307362
v 1.8375052899725401 0.030447331984384353 1.2786646626530638
v 1.7294851481524625 -0.061833366131405665 1.3432748113359214
v 1.6208799830725458 -0.17370432556033102 1.3502286700348
v 1.528223946607934 -0.2881342068421109 1.2984675767996816
v 1.4656230803813028 -0.38770209786105075 1.195871688860134
v 1.442607798797391 -0.45724968979469666 1.0580603001209137
v 1.4626819698433018 -0.4861889922216421 0.9060139452542169
v 1.5227894829501094 -0.4701142586828142 0.7628803034848588
v 1.438431063613185 -0.41218420935718014 0.7627748222538826
v 1.5290081738963957 -0.3648817392900531 0.6448052795122077
v 1.6347556579395313 -0.27762889848051453 0.5702200196708668
v 1.7395744199003544 -0.16370914099284523 0.5503739724236398
v 1.8275067534547729 -0.040465717219369604 0.588288518559051
v 1.8851657579277152 0.07333867877481923 0.6781915121242004
v 1.903773372568353 0.16037835933902464 0.8063960373214605
v 1.880496756726096 0.20740232212401555 0.9533841173664628
v 1.8188795641598796 0.20725159506906113 1.0967781495226196
v 1.728302453876669 0.1599491250019341 1.2147476922642946
v 1.6225549698335333 0.07269628419239557 1.2893329521056356
v 1.5177362078727104 -0.04122347329527357 1.3091789993528624
v 1.4298038743182917 -0.16446689706874934 1.2712644532174513
v 1.3721448698453493 -0.2782712930629383 1.1813614596523017
v 1.3535372552047116 -0.3653109736271436 1.053156934455042
v 1.3768138710469684 -0.4123349364121345 0.9061688544100397
v 1.438431063613185 -0.41218420935718014 0.7627748222538827
v 1.3452571212857047 -0.3567772897064339 0.7634585129159567
v 1.4359746092202685 -0.3264614381471448 0.6401303485597736
v 1.5412930028628342 -0.2501084263490457 0.5538934472570419
v 1.6451785314949374 -0.13934230821662155 0.5178765954916453
v 1.7318155651070026 -0.011026221138172712 0.537563032451291
v 1.7880144006982577 0.11530487381683284 0.6099556765668688
v 1.805219274993648 0.22041821263572303 0.7240334040127345
v 1.7808109018442735 0.288311242338111 0.86242891490243
v 1.7185052347996734 0.30864786460365506 1.0040727472614293
v 1.6277877468651096 0.278332013044366 1.1274009116176122
v 1.522469353222544 0.20197900124626683 1.2136378129203438
v 1.4185838245904407 0.0912128831138428 1.2496546646857407
v 1.3319467909783755 -0.03710320396460612 1.2299682277260948
v 1.2757479553871205 -0.16343429891961178 1.157575583610517
v 1.2585430810917302 -0.2685476377385018 1.0434978561646513
v 1.2829514542411047 -0.3364406674408898 0.905102345274956
v 1.3452571212857047 -0.3567772897064339 0.7634585129159568
v 1.2428329805364489 -0.2986065904433096 0.7635268748399857
v 1.3338445180922371 -0.2912375455144705 0.6369522059486299
v 1.4405920713171947 -0.2326541022800218 0.5393228576169466
v 1.546824292901802 -0.13177505891217295 0.4855020131161878
v 1.6363682901072885 -0.003958335292873566 0.48368340813442373
v 1.6955918010774753 0.13133713106832284 0.5341439087944329
v 1.7154785831296153 0.25351383187438076 0.6292013612963063
v 1.6930010539703981 0.3439714719621287 0.7543841301945866
v 1.6315812136550054 0.3889386956287564 0.8906342737091364
v 1.5405696760992171 0.3815696506999173 1.017208942600492
v 1.4338221228742596 0.3229862074654686 1.1148382909321755
v 1.3275899012896524 0.22210716409761988 1.1686591354329343
v 1.2380459040841658 0.09429044047832039 1.1704777404146984
v 1.178822393113979 -0.04100502588287616 1.1200172397546893
v 1.158935611061839 -0.16318172668893396 1.0249597872528158
v 1.1814131402210561 -0.25363936677668186 0.8997770183545357
v 1.2428329805364489 -0.2986065904433096 0.7635268748399858
v 1.1332341277239362 -0.23248920264106976 0.7565074520718064
v 1.2240303783339448 -0.2522423409507082 0.6311104664681921
v 1.3334545667352558 -0.2174619503207102 0.5253975485407817
v 1.4448478521765071 -0.13344302993946683 0.45546253175403595
v 1.5412516167319157 -0.012976698801612452 0.43195238845123124
v 1.6079892611502224 0.12559713620712562 0.4584463248302397
v 1.634900584046993 0.2611818648816095 0.5309108792454886
v 1.617888580462944 0.3731359413597751 0.638313980180078
v 1.55954317372955 0.44441537236405215 0.7643044791282511
v 1.4687469231195414 0.46416851067369064 0.8897014647318653
v 1.3593227347182304 0.42938812004369264 0.9954143826592757
v 1.247929449276979 0.3453691996624494 1.0653493994460215
v 1.1515256847215705 0.2249028685245949 1.0888595427488261
v 1.0847880403032637 0.08632903351585669 1.0623656063698177
v 1.0578767174064931 -0.049255695158627044 0.9899010519545688
v 1.074888720990542 -0.16120977163679254 0.8824979510199795
v 1.1332341277239362 -0.23248920264106973 0.7565074520718065
v 1.0218605666094227 -0.15782414408288103 0.7318628435410928
v 1.1115660661222073 -0.20478728514911648 0.613094428822604
v 1.224022883998974 -0.19632106118847703 0.5052040364733859
v 1.3421104891415778 -0.13371437805245878 0.4246170006997644
v 1.4478511141338637 -0.026498535717524613 0.38360196717497524
v 1.5251467073619083 0.10900382573486275 0.3884031029509628
v 1.5622297154430396 0.2521637001055427 0.4382894786282371
v 1.5534545865552103 0.3811862942690719 0.5256663457310548
v 1.5001572545248516 0.47642908785678173 0.6372313683162845
v 1.4104517550120672 0.5233922289230172 0.7559997830347732
v 1.2979949371353003 0.5149260049623777 0.8638901753839914
v 1.1799073319926965 0.4523193218263596 0.9444772111576127
v 1.0741667070004106 0.34510347949142534 0.9854922446824019
v 0.9968711137723659 0.2096011180390378 0.9806911089064143
v 0.9597881056912347 0.06644124366835807 0.9308047332291401
v 0.9685632345790638 -0.06258135049517106 0.8434278661263227
v 1.0218605666094227 -0.15782414408288098 0.7318628435410929
v 0.9154035049447866 -0.0802754823145645 0.6812001204659923
v 1.0035294965445714 -0.15034465476217 0.5731137185763439
v 1.1188932701725056 -0.16610738607550876 0.46918448480521247
v 1.2439317370689484 -0.12516394330164032 0.38523470287340283
v 1.3596089241254412 -0.033747594449653 0.3340449660733647
v 1.4483140282289448 0.09422435005900398 0.3234084477967842
v 1.4965425013934721 0.23926932174145332 0.35494446153099246
v 1.4969519957719215 0.37930553849498466 0.42385193505963265
v 1.4494801695572501 0.49301375575033873 0.5196403301857724
v 1.3613541779574654 0.5630829281979443 0.6277267320754208
v 1.2459904043295311 0.578845659511283 0.7316559658465522
v 1.1209519374330885 0.5379022167374147 0.8156057477783617
v 1.0052747503765955 0.4464858678854273 0.8667954845784
v 0.9165696462730919 0.3185139233767702 0.8774320028549805
v 0.8683411731085647 0.173468951694321 0.8458959891207722
v 0.8679316787301151 0.033432734940789854 0.7769885155921322
v 0.9154035049447866 -0.08027548231456444 0.6812001204659924
v 0.8189281032872346 -0.0071173107579456385 0.6031828779808959
v 0.9057435773668022 -0.0943029859494118 0.5071605831836127
v 1.0239324636411462 -0.12929675197790372 0.41142462809482927
v 1.1555015755599198 -0.10677112518486254 0.3305499440282184
v 1.280420708510459 -0.030155428054213312 0.2768489685020852
v 1.3796720568958047 0.0888862940489265 0.258497188239728
v 1.4381455026400012 0.23223101805025195 0.27828849542678835
v 1.4469389936916004 0.37805580914372006 0.3332098429526827
v 1.404713800751191 0.5041601647903734 0.41489995351984876
v 1.3178983266716235 0.5913458399818395 0.5109222483171318
v 1.1997094403972794 0.6263396060103315 0.6066582034059155
v 1.0681403284785063 0.6038139792172903 0.6875328874725262
v 0.9432211955279666 0.5271982820866411 0.7412338629986595
v 0.843969847142621 0.40815655998350114 0.7595856432610166
v 0.7854964013984246 0.2648118359821759 0.7397943360739563
v 0.7767029103468254 0.11898704488870791 0.684872988548062
v 0.8189281032872346 -0.00711731075794557 0.603182877980896
v 0.7351177017287425 0.05780494684142287 0.5020386461090345
v 0.8213680031595186 -0.04090589486003805 0.41732970425472016
v 0.9424275918140129 -0.08965777267575328 0.33173542874149187
v 1.0798662427274826 -0.08102865514515306 0.2582867721021991
v 1.2127601671828252 -0.01633224718912607 0.2081656264964436
v 1.3208774698681391 0.09458200955542106 0.18900248199338543
v 1.3877582715353756 0.23482842493937225 0.2037147536292776
v 1.403220576406674 0.3830557535574422 0.25006263141463003
v 1.3649103887315222 0.5166977283116096 0.32099007110118133
v 1.278660087300746 0.6154085700130706 0.40569901295549565
v 1.1576004986462516 0.6641604478287858 0.491293288468724
v 1.020161847732782 0.6555313302981857 0.5647419451080167
v 0.8872679232774395 0.5908349223421587 0.6148630907137722
v 0.7791506205921254 0.4799206655976113 0.6340262352168304
v 0.7122698189248893 0.3396742502136603 0.6193139635809383
v 0.6968075140535906 0.1914469215955906 0.5729660857955858
v 0.7351177017287425 0.05780494684142295 0.5020386461090345
v 0.6650673661694964 0.11476178995479863 0.3837112085796612
v 0.7515223731460767 0.008795024395531176 0.3085106370261488
v 0.8754411585858926 -0.04916311979322341 0.23338715378885055
v 1.0179582107323195 -0.05028904055061259 0.1697776281945738
v 1.1573766003163586 0.005588673352179052 0.12736603389326165
v 1.272471141354689 0.10996314650618932 0.1126091516552293
v 1.3457197333088369 0.24694431153067542 0.12775358302974646
v 1.3659709420539232 0.3956780277880125 0.17049372562465526
v 1.330141704636173 0.5335209352525161 0.23432278017023814
v 1.2436866976595928 0.6394877008117836 0.3095233517237505
v 1.1197679122197768 0.6974458450005382 0.3846468349610488
v 0.9772508600733502 0.6985717657579273 0.4482563605553255
v 0.8378324704893108 0.6426940518551358 0.4906679548566377
v 0.7227379294509805 0.5383195787011253 0.5054248370946701
v 0.6494893374968326 0.4013384136766394 0.49028040572015286
v 0.629238128751746 0.2526046974193026 0.4475402631252442
v 0.6650673661694964 0.11476178995479872 0.38371120857966123
v 0.6089835211408272 0.16649542775653964 0.2537186433009776
v 0.6961516302005336 0.056231108406262914 0.18588023060165532
v 0.8227087773153922 -0.007662456783681965 0.12061576524833675
v 0.9693877840805614 -0.015458051709736798 0.0678611704672129
v 1.1138581013645514 0.03403113228834653 0.03564785509211735
v 1.234125432987562 0.13327081556742965 0.028880004374477353
v 1.3118801679360663 0.26715265595824145 0.04858796223533407
v 1.3352848526625816 0.41529435690318606 0.09177137074345493
v 1.3007763360814912 0.555142687341259 0.1518559474120515
v 1.213608227021785 0.6654070066915356 0.21969436011137372
v 1.0870510799069262 0.7293005718814806 0.2849588254646923
v 0.9403720731417573 0.7370961668075354 0.3377134202458161
v 0.7959017558577672 0.6876069828094522 0.3699267356209117
v 0.6756344242347563 0.5883672995303688 0.3766945863385517
v 0.5978796892862523 0.4544854591395572 0.356986628477695
v 0.5744750045597369 0.30634375819461274 0.3138032199695742
v 0.6089835211408272 0.16649542775653972 0.25371864330097765
v 0.5664402456974768 0.2167333240561861 0.11671995753715494
v 0.6544514739858617 0.10411596011648008 0.05403102206342196
v 0.7831683017882635 0.03637838449086622 -0.0025565091182730842
v 0.9329947588927163 0.02383302902569201 -0.044427697352764736
v 1.0811211253852828 0.06838981036659986 -0.06520803379461808
v 1.204996504736326 0.1632653624626651 -0.06173390059477994
v 1.2857619933727593 0.29401574255628327 -0.03453420303982978
v 1.3111217777906636 0.4407353905333481 0.012250151483363614
v 1.2772150606994312 0.5810875700062723 0.07149666909987383
v 1.1892038324110465 0.6937049339459782 0.1341856045736068
v 1.0604870046086448 0.7614425095715922 0.19077313575530186
v 0.9106605475041921 0.7739878650367663 0.23264432398979346
v 0.7625341810116253 0.7294310836958586 0.25342466043164685
v 0.6386588016605821 0.634555531599793 0.24995052723180872
v 0.5578933130241488 0.5038051515061751 0.22275082967685855
v 0.5325335286062443 0.3570855035291105 0.17596647515366526
v 0.5664402456974768 0.21673332405618617 0.11671995753715499
v 0.5364200084224426 0.26939772341798846 -0.023252641700271668
v 0.6249846191928282 0.15564956527971363 -0.083054111879761
v 0.7551344113425426 0.08519018510198459 -0.13260264308649444
v 0.9070552588275955 0.06874638480098871 -0.1643549206028007
v 1.0576185897842993 0.10882158390913182 -0.17347694801193467
v 1.18390250193449 0.19931469664478363 -0.15857997933223997
v 1.266681414419815 0.32644896691605074 -0.12193194300384286
v 1.2933529882070944 0.4708693545491628 -0.06911217034246513
v 1.2598567179656328 0.6105891647010524 -0.008161992923370076
v 1.1712921071952471 0.7243373228393272 0.05163947725611925
v 1.0411423150455328 0.7947967030170562 0.10118800846285271
v 0.8892214675604801 0.8112405033180521 0.13294028597915897
v 0.7386581366037762 0.771165304209909 0.14206231338829292
v 0.6123742244535854 0.6806721914742571 0.12716534470859822
v 0.5295953119682605 0.5535379212029901 0.09051730838020113
v 0.5029237381809812 0.40911753356987823 0.037697535718823484
v 0.5364200084224426 0.2693977234179885 -0.02325264170027163
v 0.5173143587722466 0.32826591410665157 -0.16243420707153855
v 0.6056831962998439 0.2141174727647081 -0.22176068926637504
v 0.73630398173236 0.14129254549026754 -0.26640696544763426
v 0.8892908845680629 0.12087806730125378 -0.2895760447862209
v 1.0413530356799445 0.1559819574442386 -0.2877406449810623
v 1.1693403510080531 0.24125996686250906 -0.2611801890145532
v 1.2537679220015872 0.36372929166921397 -0.21393826553646175
v 1.2817824163146176 0.5047450873497263 -0.15320702914722464
v 1.249118881140009 0.6428389773230594 -0.08823226005707437
v 1.1607500436124116 0.756987418665003 -0.028905777862237858
v 1.0301292581798955 0.8298123459394435 0.01574049831902137
v 0.8771423553441928 0.8502268241284572 0.038909577657607955
v 0.7250802042323111 0.8151229339854724 0.037074177852449375
v 0.5970928889042022 0.7298449245672018 0.01051372188594027
v 0.5126653179106684 0.607375599760497 -0.03672820159215115
v 0.48465082359763795 0.4663598040799848 -0.09745943798138818
v 0.5173143587722466 0.3282659141066516 -0.16243420707153852
v 0.5069676731115522 0.39681687763606105 -0.2969694352147265
v 0.5938471766361766 0.2827069174445531 -0.3585276876980086
v 0.7237121370202182 0.2073009150280017 -0.40104329025041946
v 0.8767917912740042 0.18207875069721263 -0.41804362778825155
v 1.0297811497079172 0.2108802703320597 -0.40694055302981325
v 1.1593889693523816 0.2893207036545629 -0.3694244084574536
v 1.2458836345643383 0.40545820575566993 -0.31120668699761694
v 1.2760971166413595 0.5416118947295654 -0.24115050899760418
v 1.245429686823116 0.677053605666238 -0.16992129249708224
v 1.158550183298492 0.7911635658577458 -0.10836304001380016
v 1.02868522291445 0.8665695682742973 -0.06584743746138924
v 0.8756055686606642 0.8917917326050864 -0.048847099923557236
v 0.7226162102267512 0.8629902129702393 -0.05995017468199551
v 0.5930083905822867 0.784549779647736 -0.09746631925435517
v 0.5065137253703301 0.668412277546629 -0.15568404071419178
v 0.47630024329330867 0.5322585885727338 -0.22574021871420447
v 0.5069676731115522 0.3968168776360611 -0.29696943521472646
v 0.5028385967725914 0.4780823499082182 -0.4225512621453804
v 0.5862296852814319 0.36438743613552077 -0.48946869287847006
v 0.7137321670356757 0.28584889406164254 -0.5334387298560146
v 0.8659349450011142 0.2544235047636746 -0.5477673335375607
v 1.0196665259541275 0.2748954988903691 -0.5302731039017086
v 1.1515226702748713 0.34414820091502596 -0.48361937882493045
v 1.2414294752694364 0.451638514731698 -0.4149087650330946
v 1.2756994448846175 0.5810020144639184 -0.334601830612743
v 1.249115286904551 0.7125442799605016 -0.2549245783452009
v 1.1657241983957105 0.826239193733199 -0.18800714761211124
v 1.0382217166414667 0.9047777358070772 -0.14403711063456665
v 0.8860189386760283 0.9362031251050453 -0.12970850695302064
v 0.7322873577230149 0.9157311309783507 -0.14720273658887267
v 0.6004312134022712 0.8464784289536939 -0.19385646166565096
v 0.5105244084077062 0.7389881151370218 -0.2625670754574867
v 0.47625443879252516 0.6096246154048016 -0.3428740098778382
v 0.5028385967725914 0.47808234990821824 -0.42255126214538036
v 0.5024054792130329 0.5743132878649573 -0.5340909216381902
v 0.5793669103545411 0.4616814088258401 -0.6099166925683747
v 0.7022843277497688 0.3794924069896939 -0.6598649265156677
v 0.8524446688494564 0.34025881284091486 -0.6763314576434625
v 1.0069873829280578 0.34995358543523813 -0.6568094058570281
v 1.142384742700298 0.4071007835285104 -0.6042708265730093
v 1.2380237275209758 0.5030002642516715 -0.5267142422239909
v 1.2793441689206995 0.6230522009955781 -0.4359469397249229
v 1.2600554042670953 0.7489797746644866 -0.3457874180736423
v 1.183093973125587 0.8616116537036038 -0.26996164714345783
v 1.0601765557303593 0.94380065553975 -0.22001341319616466
v 0.910016214630672 0.9830342496885289 -0.2035468820683701
v 0.7554735005520703 0.9733394770942058 -0.2230689338548044
v 0.6200761407798301 0.9161922790009335 -0.2756075131388232
v 0.5244371559591524 0.8202927982777724 -0.35316409748784156
v 0.4831167145594286 0.7002408615338661 -0.44393139998690945
v 0.5024054792130329 0.5743132878649574 -0.5340909216381902
v 0.5039718496334851 0.6861846459692037 -0.6257120072236482
v 0.5704192720329575 0.5760206524622955 -0.7140702789782736
v 0.6855900911740782 0.49031149365162324 -0.7752925960752151
v 0.831950593868687 0.4421056120106522 -0.8000584157181498
v 0.9872187203427902 0.43874191603181506 -0.784597366369155
v 1.1277563058497775 0.48073249793590983 -0.7312632526368539
v 1.2321677769725947 0.5616846722736107 -0.6481757098620443
v 1.2845574337251355 0.6692742043352908 -0.5479840632417401
v 1.2769494257802472 0.7871215631660958 -0.44594158273434453
v 1.2105020033807747 0.897285556673004 -0.35758331097971907
v 1.095331184239654 0.9829947154836762 -0.29636099388277753
v 0.9489706815450455 1.0312005971246472 -0.27159517423984286
v 0.793702555070942 1.0345642931034844 -0.2870562235888376
v 0.6531649695639548 0.9925737111993896 -0.34039033732113877
v 0.5487534984411377 0.9116215368616888 -0.42347788009594833
v 0.4963638416885967 0.804032004800009 -0.5236695267162523
v 0.5039718496334851 0.6861846459692038 -0.6257120072236481
v 0.5077374532011343 0.8113515379707198 -0.691899461505767
v 0.5586535704910608 0.7063139098238908 -0.7955005969715289
v 0.6618458790123931 0.6187035583546985 -0.8731815043675615
v 0.8016042852333642 0.5618583653845135 -0.9131159697219982
v 0.9566518387199386 0.5444324962400892 -0.9092243326914555
v 1.1033839549633575 0.569078881532767 -0.8620990597360565
v 1.219461999395507 0.6320453325217755 -0.7789145464715971
v 1.2872141420016847 0.7237457778363382 -0.672334880973101
v 1.2963257332448022 0.8302196559439193 -0.5585858511656405
v 1.2454096159548758 0.9352572840907484 -0.4549847156998787
v 1.1422173074335433 1.0228676355599406 -0.37730380830384597
v 1.0024589012125724 1.0797128285301256 -0.33736934294940935
v 0.8474113477259979 1.0971386976745499 -0.3412609799799519
v 0.7006792314825786 1.0724923123818721 -0.3883862529353511
v 0.5846011870504296 1.0095258613928637 -0.4715707661998104
v 0.5168490444442521 0.9178254160783011 -0.5781504316983064
v 0.5077374532011343 0.8113515379707199 -0.6918994615057669
v 0.5159632563466509 0.9432011359823057 -0.7306952174656662
v 0.5466087602960499 0.8471363480936115 -0.8498210300000444
v 0.6332187630158501 0.7612834580225071 -0.9472198918604546
v 0.7626076767135916 0.6987127900239314 -1.008063709251531
v 0.9150772121922169 0.6689501610961501 -1.0230895625260603
v 1.067415264814886 0.6765266616945145 -0.9900099017326944
v 1.1964297470176835 0.7202888382840726 -0.9138608053593517
v 1.2824793734044266 0.7935742961841831 -0.8062352830355957
v 1.3124638683995395 0.8852259887638841 -0.6835183449074291
v 1.2818183644501409 0.9812907766525782 -0.564392532373051
v 1.1952083617303404 1.0671436667236829 -0.4669936705126407
v 1.065819448032599 1.1297143347222582 -0.4061498531215644
v 0.9133499125539737 1.1594769636500397 -0.39112399984703505
v 0.7610118599313045 1.1519004630516754 -0.42420366064040094
v 0.6319973777285072 1.1081382864621172 -0.5003527570137437
v 0.545947751341764 1.0348528285620069 -0.6079782793374994
v 0.5159632563466509 0.9432011359823058 -0.7306952174656661
v 0.5305205158307595 1.0724597223367203 -0.7471322309947208
v 0.5385168244265971 0.9891314584465677 -0.8788554600861815
v 0.6053865402631445 0.910017500863944 -0.9955943671221069
v 0.7209493552797713 0.8471622324609922 -1.079576511747105
v 0.8676118784697225 0.8101347980676353 -1.1180163737420563
v 1.0230460701764115 0.8045722889157328 -1.1050618325764465
v 1.1635884837269517 0.8313215465993912 -1.0426850997095316
v 1.267842810678424 0.886310239118898 -0.9403824672738077
v 1.3199372748202949 0.9611668365118972 -0.8137285836819415
v 1.3119409662244574 1.04449510040205 -0.6820053545904808
v 1.2450712503879098 1.1236090579846736 -0.5652664475545554
v 1.1295084353712834 1.1864643263876251 -0.4812843029295575
v 0.982845912181332 1.2234917607809823 -0.4428444409346059
v 0.8274117204746427 1.2290542699328846 -0.4557989821002157
v 0.686869306924103 1.2023050122492263 -0.5181757149671307
v 0.5826149799726303 1.1473163197297196 -0.6204783474028543
v 0.5305205158307595 1.0724597223367203 -0.7471322309947207
v 0.5495449502603069 1.1924164149843464 -0.7515676525878022
v 0.5360634560763736 1.1237294525876598 -0.891062814180142
v 0.5830574916922016 1.0557177383549194 -1.023443012624058
v 0.6833726411872748 0.9987354392503345 -1.1285545627359508
v 0.8217368324100629 0.9614575937667509 -1.1903951838498597
v 0.9770853715214132 0.9495594159545331 -1.1995502019878181
v 1.1257678516796366 0.964852295528341 -1.154625848628768
v 1.2451487130906822 1.0050080302033608 -1.0624614493313476
v 1.317053301794922 1.0639132733879622 -0.9370881984162288
v 1.3305347959788552 1.1326002357846485 -0.797593036823889
v 1.2835407603630273 1.200611950017389 -0.6652128383799731
v 1.1832256108679542 1.257594249121974 -0.5601012882680803
v 1.044861419645166 1.2948720946055576 -0.49826066715417133
v 0.8895128805338155 1.3067702724177754 -0.4891056490162129
v 0.7408304003755926 1.2914773928439676 -0.534030002375263
v 0.6214495389645469 1.2513216581689477 -0.6261944016726833
v 0.5495449502603069 1.1924164149843464 -0.7515676525878021
v 0.5679539968711915 1.302300586774431 -0.7529919325016183
v 0.5366980428184186 1.2477858344221824 -0.8958546523014743
v 0.5663375542342924 1.1932362002844725 -1.0390481800003843
v 0.652360184188586 1.1469563716651028 -1.1607725990587503
v 0.7816697670678407 1.1159920329436814 -1.2424964701095425
v 0.9345800910729776 1.1050572239981153 -1.2717780746140137
v 1.0878119455097535 1.1158166703660768 -1.244159553724764
v 1.2180371695903889 1.146632343872668 -1.1638455768846663
v 1.3054301534432025 1.1928128375712865 -1.0430632190196123
v 1.3366861074959753 1.2473275899235352 -0.9002004992197563
v 1.3070465960801014 1.301877224061245 -0.7570069715208463
v 1.221023966125808 1.3481570526806148 -0.6352825524624803
v 1.0917143832465535 1.3791213914020362 -0.5535586814116881
v 0.9388040592414163 1.3900562003476022 -0.5242770769072169
v 0.7855722048046405 1.3792967539796406 -0.5518955977964667
v 0.6553469807240055 1.3484810804730494 -0.6322095746365642
v 0.5679539968711915 1.302300586774431 -0.7529919325016182
v 0.5808941448236764 1.405251031020033 -0.7551298461887473
v 0.5361653785966007 1.3629898851409368 -0.898558862141509
v 0.5519679769490771 1.322404563294231 -1.0484310047574665
v 0.6258961375328518 1.2896738128242178 -1.1819295989176957
v 0.7466949680594895 1.2697805937849649 -1.2787306938290717
v 0.8959739416254353 1.265753468442719 -1.3240972002954479
v 1.051006687722539 1.2782055301248547 -1.3111224789557236
v 1.1881908761328597 1.3052410653184872 -1.24178181351773
v 1.2866414577486907 1.3427441588681228 -1.1266316917197046
v 1.331370223975766 1.385005304747219 -0.9832026757669428
v 1.31556762562329 1.4255906265939249 -0.8333305331509854
v 1.2416394650395155 1.458321377063938 -0.6998319389907564
v 1.1208406345128776 1.478214596103191 -0.6030308440793801
v 0.9715616609469316 1.4822417214454369 -0.5576643376130039
v 0.8165289148498281 1.4697896597633011 -0.5706390589527282
v 0.6793447264395076 1.4427541245696685 -0.6399797243907215
v 0.5808941448236764 1.405251031020033 -0.7551298461887472
v 0.5855226840505321 1.5048273342075706 -0.7576793239155261
v 0.5310099161458041 1.4725522594244544 -0.9003160207347449
v 0.536177474277978 1.4454051428300032 -1.053922270607418
v 0.6002386445654615 1.4275188868364976 -1.1951129144345538
v 0.7134406945479399 1.4216165117796344 -1.3023929565898438
v 0.8585496382947193 1.4285966007566584 -1.3594299831511494
v 1.0134739545362033 1.447396498495481 -1.3575406238664447
v 1.15462782051705 1.4751540909868643 -1.297012516559742
v 1.2605218397046565 1.507643536397198 -1.1870605168798272
v 1.3150346076093844 1.5399186111803143 -1.0444238200606082
v 1.3098670494772104 1.5670657277747655 -0.8908175701879351
v 1.2458058791897273 1.584951983768271 -0.7496269263607998
v 1.132603829207249 1.5908543588251343 -0.6423468842055093
v 0.9874948854604692 1.5838742698481103 -0.5853098576442037
v 0.8325705692189853 1.5650743721092877 -0.5871992169289083
v 0.691416703238139 1.5373167796179044 -0.647727324235611
v 0.5855226840505321 1.5048273342075706 -0.757679323915526
v 0.5806361522527843 1.6033871136072273 -0.758775403559426
v 0.5190970326670837 1.5790739897111132 -0.9001272990664099
v 0.5160230860845578 1.5644599866734854 -1.0554834426977842
v 0.571882293007001 1.5617699539805552 -1.2011922698926212
v 0.678170595545443 1.5714134247246136 -1.3150709325643146
v 0.8187065631442679 1.5919222679031584 -1.379782436633747
v 0.9720948686982731 1.6201741980553823 -1.385475042217592
v 1.1149835331553137 1.6518681149199934 -1.3312821017193082
v 1.2256190526407744 1.6821789069604272 -1.2254539990695292
v 1.2871581722264749 1.706492030856541 -1.0841021035625455
v 1.290232118809001 1.721106033894169 -0.928745959931171
v 1.2343729118865578 1.7237960665870993 -0.7830371327363341
v 1.1280846093481158 1.7141525958430408 -0.6691584700646406
v 0.9875486417492908 1.693643752664496 -0.6044469659952083
v 0.8341603361952856 1.6653918225122721 -0.5987543604113631
v 0.691271671738245 1.633697905647661 -0.6529473009096471
v 0.5806361522527843 1.6033871136072273 -0.7587754035594259
v 0.5658370986288589 1.7019670752788298 -0.7564154093900097
v 0.4992045803814614 1.6840025288162928 -0.8964008807032636
v 0.48947416610245537 1.680949528046366 -1.0521395972147527
v 0.5381272231593943 1.69327286466075 -1.1999217511105837
v 0.6377567646564201 1.719096422371229 -1.3172488491086773
v 0.7731950960446528 1.7544887986075168 -1.3862589041116156
v 0.9238229591217654 1.794061824920328 -1.3964457608229073
v 1.0667086271792467 1.8317908667839131 -1.3462585626523447
v 1.1800990525171517 1.8619320195891584 -1.2433378555733114
v 1.2467315707645494 1.8798965660516955 -1.1033523842600577
v 1.2564619850435552 1.8829495668216223 -0.9476136677485685
v 1.2078089279866162 1.8706262302072385 -0.7998315138527377
v 1.1081793864895906 1.8448026724967592 -0.6825044158546439
v 0.9727410551013577 1.8094102962604715 -0.6134943608517058
v 0.8221131920242452 1.7698372699476603 -0.6033075041404139
v 0.6792275239667638 1.7321082280840752 -0.6534947023109764
v 0.565837098628859 1.7019670752788298 -0.7564154093900096
v 0.5410192266722191 1.800614441343942 -0.7489509959026937
v 0.4706047727660725 1.7877700975203066 -0.8876426579059578
v 0.4551593331184359 1.7953424039267196 -1.0427640560629072
v 0.4970343359024034 1.8221785455559332 -1.1906993636831227
v 0.5898546915419612 1.864192963115129 -1.308926771218329
v 0.7194893423096058 1.9149893423925632 -1.3794472276054095
v 0.8662025877669987 1.9668343951135712 -1.3915246326289599
v 1.007658666252134 2.011835181977953 -1.3433203108560943
v 1.1223221721181944 2.043140741118755 -1.242172933303466
v 1.192736626024341 2.0559850849423906 -1.103481271300202
v 1.2081820656719775 2.048412778535978 -0.9483598731432524
v 1.1663070628880101 2.0215766369067643 -0.8004245655230372
v 1.0734867072484522 1.9795622193475682 -0.6821971579878305
v 0.9438520564808077 1.928765840070134 -0.61167670160075
v 0.7971388110234148 1.8769207873491258 -0.5995992965771996
v 0.6556827325382797 1.831920000484744 -0.6478036183500653
v 0.5410192266722192 1.800614441343942 -0.7489509959026935
v 0.5061696876251809 1.8987092607738023 -0.7351696795839683
v 0.4328426769855681 1.8900610899616948 -0.8726720731945923
v 0.41215863573571254 1.9073735209111196 -1.0263958506936632
v 0.4472665216546037 1.9480108929476048 -1.172937960466461
v 0.5328214773648687 2.00578653455729 -1.2899886947076098
v 0.6557985364172247 2.0719046280425957 -1.3597281401964432
v 0.7974755563607667 2.1362992930323945 -1.3715390985469336
v 0.9362834952144745 2.1891670255210816 -1.3236234584168232
v 1.0510901025849697 2.222459192484442 -1.2232759416595615
v 1.1244171132245826 2.23110736329655 -1.0857735480489377
v 1.145101154474438 2.2137949323471244 -0.9320497705498664
v 1.109993268555547 2.1731575603106394 -0.785507660777069
v 1.0244383128452819 2.115381918700954 -0.6684569265359199
v 0.9014612537929257 2.0492638252156485 -0.5987174810470867
v 0.7597842338493839 1.9848691602258497 -0.5869065226965963
v 0.6209762949956765 1.9320014277371627 -0.6348221628267067
v 0.506169687625181 1.8987092607738023 -0.7351696795839682
v 0.4613366581677113 1.9951936147069294 -0.7142542458591142
v 0.38565704463904216 1.990041102014877 -0.8506529163273331
v 0.3598924300195849 2.0162448260103427 -1.0023371247297521
v 0.3879652433283387 2.0698155072523665 -1.1462143253578767
v 0.46560165321973224 2.142597495141285 -1.260380518666146
v 0.580982220063609 2.2235103917913737 -1.3274549366424957
v 0.7165412984854317 2.3002359421648904 -1.3372261071811393
v 0.8516412476415838 2.3610933767363145 -1.28820645814345
v 0.9657143249571299 2.396817702766164 -1.1878587867311912
v 1.041393938485799 2.401970215458216 -1.0514601162629722
v 1.0671585531052563 2.3757664914627505 -0.8997759078605531
v 1.0390857397965025 2.3221958102207267 -0.7558987072324288
v 0.961449329905109 2.249413822331808 -0.6417325139241593
v 0.8460687630612322 2.1685009256817196 -0.5746580959478097
v 0.7105096846394096 2.091775375308203 -0.564886925409166
v 0.5754097354832576 2.030917940736779 -0.613906574446855
v 0.46133665816771136 1.9951936147069294 -0.7142542458591141
v 0.40665952344152356 2.088728700667868 -0.6857238263046124
v 0.3289704164131078 2.0865290816621163 -0.8210682533112134
v 0.29807457526711034 2.120793447555789 -0.970165368729903
v 0.31867561174651193 2.186305359248825 -1.1103164883069025
v 0.38763720479618435 2.273091222052918 -1.2201848745596768
v 0.4944605770127126 2.3679386750719496 -1.283044061640642
v 0.622882838332411 2.456408053378076 -1.2893243081366712
v 0.753352863620053 2.5250306961011 -1.2380695034493205
v 0.8660077742393197 2.5633594279522467 -1.137082726966277
v 0.9436968812677355 2.5655590469579987 -1.0017382999596762
v 0.974592722413733 2.5312946810643258 -0.8526411845409867
v 0.9539916859343314 2.46578276937129 -0.712490064963987
v 0.885030092884659 2.3789969065671968 -0.6026216787112126
v 0.7782067206681306 2.2841494535481646 -0.5397624916302474
v 0.6497844593484324 2.1956800752420387 -0.5334822451342182
v 0.5193144340607905 2.1270574325190146 -0.5847370498215688
v 0.4066595234415236 2.088728700667868 -0.6857238263046123
v 0.34241249116561445 2.177809021813572 -0.6493834436529148
v 0.2629039773686709 2.1781275471598036 -0.7836847629755234
v 0.22669681223091953 2.219625422616849 -0.929717352220621
v 0.23930320842581365 2.2959849728255497 -1.0652490734643596
v 0.2988039564099467 2.395581148467678 -1.1696464507454927
v 0.3961406066783581 2.5032513346433003 -1.2270159297375491
v 0.5164945365866142 2.6026037215398468 -1.2286235273196104
v 0.6415429513172742 2.678512808883947 -1.1742245013327164
v 0.7522483632942977 2.7194221262450533 -1.0721006103549726
v 0.8317568770912412 2.7191036008988214 -0.9377992910323641
v 0.8679640422289926 2.6776057254417767 -0.7917667017872665
v 0.8553576460340986 2.601246175233076 -0.6562349805435279
v 0.7958568980499654 2.5016499995909474 -0.5518376032623947
v 0.6985202477815539 2.393979813415325 -0.4944681242703383
v 0.578166317873298 2.2946274265187787 -0.49286052668827696
v 0.45311790314263817 2.2187183391746785 -0.547259552675171
v 0.3424124911656145 2.177809021813572 -0.6493834436529147
v 0.26904167775196036 2.260852516011846 -0.6052845449121478
v 0.18779525418988252 2.263325805485591 -0.738519116604103
v 0.14602378693371862 2.311223589690776 -0.8810655875807253
v 0.15008660321392578 2.3972538651766553 -1.0112225498228011
v 0.19936517608136392 2.5083193023668944 -1.1091747857047753
v 0.28635728952834094 2.627511195259974 -1.1600099552528467
v 0.3978191828680267 2.7366836586401226 -1.155988864725281
v 0.5167817932440333 2.819216174608557 -1.0977236887036232
v 0.6251341416253622 2.8625439157682044 -0.9940847720620354
v 0.70638056518744 2.8600706262944593 -0.8608502003700802
v 0.7481520324436038 2.8121728420892746 -0.7183037293934579
v 0.7440892161633967 2.726142566603395 -0.5881467671513823
v 0.6948106432959587 2.615077129413156 -0.4901945312694078
v 0.6078185298489815 2.4958852365200763 -0.4393593617213364
v 0.4963566365092958 2.386712773139928 -0.4433804522489023
v 0.37739402613328943 2.3041802571714936 -0.5016456282705597
v 0.2690416777519604 2.260852516011846 -0.6052845449121477
v 0.18718892659253786 2.336276386629307 -0.5536935027672482
v 0.10420915609316249 2.3405855921089755 -0.6858083695778885
v 0.05658792329004708 2.3940371145510237 -0.8244939943964935
v 0.05157512918991558 2.4884934442029087 -0.9486367480327503
v 0.08993392625342136 2.6095744611238914 -1.0393370216024027
v 0.16582453535100694 2.738846678089903 -1.0827865206544987
v 0.2676932991976494 2.856629571923434 -1.0723704528290459
v 0.3800316219403414 2.94499176474292 -1.00967457003058
v 0.4857370122909395 2.9904809136968673 -0.9042437520755745
v 0.5687167827903149 2.9861717082171992 -0.7721288852649342
v 0.6163380155934304 2.9327201857751506 -0.6334432604463291
v 0.6213508096935618 2.8382638561232656 -0.5093005068100724
v 0.5829920126300561 2.717182839202283 -0.41860023324041995
v 0.5071014035324704 2.587910622236271 -0.37515073418832406
v 0.405232639685828 2.4701277284027405 -0.3855668020137767
v 0.29289431694313617 2.3817655355832548 -0.4482626848122424
v 0.1871889265925379 2.336276386629307 -0.553693502767248
v 0.09770114371557147 2.4025630197268057 -0.4950649316025002
v 0.012938949256936907 2.408414146745726 -0.6259835486878992
v -0.04082090019113255 2.4665573567831784 -0.7604744231376172
v -0.05539395488441709 2.5681408731804733 -0.8780625384794976
v -0.028561599350933914 2.697699526422991 -0.9608461700916586
v 0.03559118351525278 2.835509186006675 -0.9962222604966386
v 0.1272977140691908 2.9605895805075835 -0.9788051206153371
v 0.2325965043558129 3.053898353719554 -0.911246352107916
v 0.33545676808989155 3.1012300907671992 -0.8038311650578689
v 0.4202189625485262 3.0953789637482796 -0.6729125479724699
v 0.47397881199659564 3.0372357537108265 -0.5384216735227519
v 0.48855186668988015 2.9356522373135316 -0.4208335581808718
v 0.46171951115639703 2.806093584071014 -0.3380499265687104
v 0.3975667282902103 2.66828392448733 -0.30267383616373056
v 0.30586019773627227 2.5432035299864215 -0.3200909760450321
v 0.20056140744965037 2.449894756774451 -0.3876497445524528
v 0.09770114371557152 2.4025630197268057 -0.49506493160250015
v 0.001626126323871921 2.458317616535111 -0.43001761972382035
v -0.08500338278819397 2.465427089769804 -0.559645290912174
v -0.14517278870683661 2.5273826524926903 -0.6896441387358232
v -0.1697218448179656 2.6347521319077862 -0.8002230170561073
v -0.1549131798664093 2.771189498080897 -0.8745472940487915
v -0.10300127885016014 2.9159233988199715 -0.9013017722929881
v -0.021889258116387506 3.046919409753562 -0.8764133250059674
v 0.07607431246049072 3.1442345756988272 -0.8036709926728419
v 0.1759753673021234 3.1930535448047745 -0.6941491359804453
v 0.2626048764141893 3.1859440715700815 -0.5645214647920916
v 0.322774282332832 3.1239885088471953 -0.4345226169684425
v 0.3473233384439609 3.0166190294320994 -0.32394373864815834
v 0.33251467349240466 2.8801816632589885 -0.24961946165547405
v 0.28060277247615545 2.735447762519914 -0.22286498341127747
v 0.19949075174238287 2.6044517515863235 -0.2477534306982982
v 0.10152718116550481 2.507136585641059 -0.3204957630314235
v 0.0016261263238719805 2.458317616535111 -0.4300176197238203
v -0.09980333943471331 2.502317894692671 -0.35931175540277943
v -0.1884066273715046 2.510402057043445 -0.48754066510049393
v -0.25522265335981054 2.575273277147981 -0.6127840005306362
v -0.2900792831316955 2.6870554998044374 -0.7159745992076298
v -0.2876699107805256 2.828730894921741 -0.7814026279080091
v -0.24836134140575183 2.9787306678839367 -0.7991072623686982
v -0.17813794836161467 3.1142187130088583 -0.7663931324859684
v -0.08769060666244094 3.2145682036284238 -0.6882406679801392
v 0.009210895825264393 3.264501839466202 -0.5765478731183684
v 0.0978141837620557 3.256417677115428 -0.4483189634206541
v 0.16463020975036166 3.191546457010892 -0.3230756279905118
v 0.19948683952224655 3.079764234354436 -0.21988502931351817
v 0.19707746717107671 2.9380888392371323 -0.15445700061313883
v 0.15776889779630288 2.7880890662749365 -0.13675236615244973
v 0.0875455047521658 2.652601021150015 -0.16946649603517958
v -0.0029018369470077826 2.55225153053045 -0.24761896054100851
v -0.09980333943471326 2.502317894692671 -0.3593117554027794
v -0.20519510121600107 2.533555696048851 -0.2838267179863548
v -0.29588833328304864 2.5423233737265654 -0.4105406283583443
v -0.3695418242910627 2.6091971333686685 -0.5307970757117019
v -0.41494249790463167 2.7239960512817905 -0.6262881060642888
v -0.4251785131242208 2.8692430328684413 -0.6824760756732693
v -0.3986915294223567 3.02282554184922 -0.6908068755108889
v -0.339513949962543 3.1613620334607133 -0.6500122168207587
v -0.2566550247714428 3.263761582691496 -0.5663027165839492
v -0.16272927409137367 3.3144347864254065 -0.4524223873830052
v -0.07203604202432608 3.305667108747692 -0.3257084770110157
v 0.0016174489836879857 3.2387933491055887 -0.20545202965765808
v 0.047018122597256906 3.123994431192467 -0.1099609993050713
v 0.057254137816846074 2.978747449605816 -0.05377302969609071
v 0.03076715411498196 2.825164940625037 -0.04544222985847107
v -0.028410425344831652 2.686628449013544 -0.08623688854860123
v -0.11126935053593177 2.584228899782761 -0.16994638878541063
v -0.205195101216001 2.533555696048851 -0.2838267179863547
v -0.3130309625461317 2.551270190687602 -0.2045390613894952
v -0.4059297205038505 2.5604177659726353 -0.32961780551776854
v -0.4865554149503687 2.628366355997367 -0.44468750659088274
v -0.5426335147799441 2.7447714038860336 -0.532229845729894
v -0.5656266376427646 2.891911296311972 -0.5789172953741684
v -0.5520342890161436 3.04738531847978 -0.5776421145381498
v -0.5039257807635371 3.1875239598899294 -0.5285984379445794
v -0.428625197161691 3.2909923827476724 -0.43925272077279254
v -0.3375963694624963 3.3420384576165065 -0.3232070385412508
v -0.24469761150477748 3.332890882331473 -0.19812829441297752
v -0.16407191705825927 3.2649422923067415 -0.08305859333986323
v -0.10799381722868398 3.1485372444180753 0.004483745799148009
v -0.08500069436586341 3.001397351992136 0.05117119544342241
v -0.09859304299248445 2.845923329824328 0.04989601460740395
v -0.14670155124509093 2.705784688414179 0.0008523380138334147
v -0.22200213484693687 2.602316265556436 -0.08849337915795333
v -0.31303096254613166 2.551270190687602 -0.20453906138949512
v -0.42170575070128635 2.5549723881622466 -0.1225005162695994
v -0.5169158474753501 2.56418103403317 -0.24582443085993977
v -0.604584168839732 2.6322648888258007 -0.35553953347628764
v -0.6713640075820168 2.7488588028296395 -0.4349426943151861
v -0.7070887386144373 2.8962124095640664 -0.4719455019303581
v -0.706319595482801 3.0518924581675346 -0.4609146142936801
v -0.6691736732565995 3.192198072483322 -0.40352938405259087
v -0.6013061018661484 3.29576899460541 -0.3085261923128887
v -0.5130491038345772 3.346837490513458 -0.19036841381086558
v -0.4178390070605135 3.3376288446425346 -0.06704449922052522
v -0.33017068569613167 3.269544989849904 0.04267060339582271
v -0.26339084695384696 3.152951075846065 0.12207376423472102
v -0.22766611592142622 3.0055974691116383 0.15907657184989313
v -0.22843525905306264 2.8499174205081697 0.14804568421321507
v -0.2655811812792641 2.709611806192383 0.09066045397212588
v -0.33344875266971513 2.606040884070295 -0.004342737767576113
v -0.4217057507012863 2.5549723881622466 -0.12250051626959932
v -0.5295702631552487 2.544460763131435 -0.03881594285625973
v -0.627179366091588 2.5533956413314094 -0.1602703811115288
v -0.7218894059097453 2.6206670734544275 -0.26449663679669416
v -0.7992816375960551 2.73603359377681 -0.3356272072970501
v -0.8475737954386038 2.8819316953795853 -0.3628331080541446
v -0.8594138361753644 3.036149714863315 -0.3419724872998144
v -0.8329992209344017 3.17520935675143 -0.27622118544190843
v -0.7723513354370688 3.277940051145256 -0.17558924215125718
v -0.6867032704758834 3.3287019810793983 -0.0553969585630248
v -0.5890941675395441 3.319767102879424 0.06605747969224426
v -0.49438412772138685 3.2524956707564057 0.1702837353774097
v -0.41699189603507714 3.1371291504340233 0.24141430587776555
v -0.3686997381925284 2.991231048831248 0.2686202066348601
v -0.35685969745576784 2.837013029347518 0.24775958588052988
v -0.38327431269673046 2.6979533874594033 0.18200828402262395
v -0.44392219819406326 2.595222693065577 0.08137634073197288
v -0.5295702631552486 2.544460763131435 -0.03881594285625965
v -0.6349763063429402 2.5198279308744045 0.04537877985070363
v -0.7350462142275641 2.528139261272365 -0.07410128090993988
v -0.8367196324280755 2.5936473502505537 -0.17274080598096775
v -0.9245177046952774 2.7063791850943457 -0.23552282183983753
v -0.9850739704179954 2.8491723658654022 -0.2528893356924272
v -1.0091692870838613 3.0002879252147365 -0.22219645323252007
v -0.993135361155087 3.1367198890973693 -0.1481168875829647
v -0.9394132125064275 3.2376977277710024 -0.04192858108097097
v -0.856181551277151 3.2878484806639614 0.08020225920792799
v -0.7561116433925271 3.279537150266001 0.1996823199685715
v -0.6544382251920158 3.214029061287812 0.2983218450395994
v -0.5666401529248141 3.1012972264440206 0.36110386089846913
v -0.5060838872020959 2.9585040456729637 0.3784703747510588
v -0.48198857053622973 2.8073884863236294 0.34777749229115174
v -0.4980224964650042 2.6709565224409966 0.27369792664159637
v -0.5517446451136637 2.569978683767364 0.1675096201396028
v -0.6349763063429401 2.5198279308744045 0.0453787798507037
v -0.7363221080290516 2.4814584504229984 0.12893891678374464
v -0.8388816232821162 2.488784442574572 0.01152330765770146
v -0.9473573573465904 2.551581276690097 -0.08147197362381806
v -1.045234863046136 2.6602887040302035 -0.1358892384900267
v -1.1176131773997962 2.798357004217643 -0.14344395165877852
v -1.153473358158279 2.944766530141136 -0.10298597653377653
v -1.1473560178744542 3.0772277586844874 -0.020674673075344457
v -1.1001924661527056 3.1755746685659996 0.09095880891879533
v -1.0191629262040092 3.22483483427317 0.21491928377506928
v -0.9166034109509447 3.2175088421215965 0.3323348929011124
v -0.8081276768864704 3.1547120080060713 0.42533017418263197
v -0.7102501711869248 3.046004580665965 0.47974743904884054
v -0.6378718568332646 2.9079362804785256 0.48730215221759243
v -0.6020116760747817 2.7615267545550326 0.4468441770925904
v -0.6081290163586067 2.629065526011681 0.3645328736341584
v -0.655292568080355 2.530718616130169 0.25289939164001884
v -0.7363221080290515 2.4814584504229984 0.12893891678374472
v -0.8320964368139852 2.4300179822475854 0.21073306838588624
v -0.9371348446383637 2.435989693482462 0.09545158182783124
v -1.0521646547838814 2.4951382050742623 0.00811232404103146
v -1.1596736214037087 2.598458692315728 -0.03798809470881631
v -1.243294478901186 2.7302215476268943 -0.035831303568384376
v -1.2902967097472833 2.8703670707198943 0.014254345562556947
v -1.293524650371966 2.9975593761261496 0.10464376663136174
v -1.2524868760764807 3.0924345883486763 0.221575989662447
v -1.1734310159889645 3.140548816372537 0.34724914369257115
v -1.068392608164586 3.1345771051376605 0.46253063025062613
v -0.9533627980190683 3.07542859354586 0.549869888037426
v -0.8458538313992412 2.972108106304395 0.5959703067872737
v -0.7622329739017638 2.840345250993228 0.5938135156468418
v -0.7152307430556665 2.700199727900228 0.5437278665159004
v -0.7120028024309839 2.5730074224939727 0.4533384454470957
v -0.7530405767264691 2.478132210271446 0.33640622241601065
v -0.832096436813985 2.4300179822475854 0.21073306838588632
v -0.9209197993890508 2.3664341811956158 0.28966536545818766
v -1.0283810192960976 2.370682440773673 0.17656104147791266
v -1.1496260171480908 2.425266122942903 0.09483698300608423
v -1.2661963411107073 2.521875356895352 0.05693493711460346
v -1.3603452160732563 2.6458022625266455 0.06862514670754666
v -1.4177393292843672 2.778180091854617 0.12812788334640218
v -1.4296409472865794 2.8988555203720927 0.22638439477155498
v -1.3942381566274928 2.989456808012772 0.3484360178160196
v -1.316920711257856 3.0361907300360773 0.4757014992719945
v -1.2094594913508094 3.03194247045802 0.5888058232522696
v -1.0882144934988158 2.97735878828879 0.670529881724098
v -0.9716441695361997 2.880749554336341 0.7084319276155788
v -0.8774952945736504 2.7568226487050476 0.6967417180226356
v -0.8201011813625397 2.624444819377076 0.63723898138378
v -0.8081995633603274 2.5037693908596004 0.5389824699586272
v -0.8436023540194141 2.4131681032189216 0.41693084691416277
v -0.9209197993890507 2.3664341811956158 0.2896653654581877
v -1.001581108204362 2.2918698629672116 0.36469764648456193
v -1.1113586256450954 2.2940344900869905 0.25377983614568966
v -1.2383870498238818 2.3431693438077184 0.17756897604763552
v -1.363327454675034 2.4317940880589726 0.14766747878716108
v -1.4671587961475543 2.5464164089138075 0.16862757626442604
v -1.5340736937357056 2.6695860970760004 0.23725828364227342
v -1.5538849608667489 2.7825516840588604 0.3431111978613377
v -1.523576511709567 2.8681151832798433 0.47007117229082307
v -1.4477625329015649 2.9132503276176065 0.5988097017188748
v -1.3379850154608315 2.9110857004978277 0.7097275120577471
v -1.210956591282045 2.8619508467770998 0.7859383721558012
v -1.0860161864308928 2.7733261025258455 0.8158398694162756
v -0.9821848449583727 2.6587037816710106 0.7948797719390107
v -0.9152699473702213 2.5355340935088178 0.7262490645611632
v -0.8954586802391779 2.4225685065259577 0.620396150342099
v -0.9257671293963596 2.337005007304975 0.4934361759126138
v -1.001581108204362 2.2918698629672116 0.364697646484562
v -1.0730682186651943 2.207689142908806 0.4348716116932691
v -1.185000937488901 2.2074308009046835 0.32610788008879465
v -1.317287559319782 2.250279945466188 0.25523651710409545
v -1.4497886451652982 2.329713182762295 0.23304704530308645
v -1.5623321058308046 2.4336375224787594 0.2629176106194088
v -1.637784219638989 2.5462314259702366 0.3403006902610011
v -1.66465808623767 2.650353492096425 0.4534154118317947
v -1.6388624030494061 2.7301520801584926 0.5850410843601408
v -1.56432432900116 2.773478578499992 0.7151388923932913
v -1.4523916101774532 2.7737369205041142 0.8239026239977658
v -1.3201049883465723 2.73088777594261 0.8947739869824651
v -1.187603902501056 2.651454538646503 0.9169634587834739
v -1.0750604418355496 2.5475301989300383 0.8870928934671516
v -0.9996083280273653 2.4349362954385607 0.8097098138255593
v -0.9727344614286841 2.330814229312373 0.6965950922547658
v -0.9985301446169481 2.251015641250305 0.5649694197264199
v -1.0730682186651943 2.207689142908806 0.43487161169326916
v -1.1345907246384228 2.1154174059203017 0.499330981542322
v -1.248459902816533 2.1124325941221227 0.39263772610431685
v -1.3853875736238255 2.1482240938563417 0.3268476728253185
v -1.5245277404323163 2.217342973739176 0.31197676092873644
v -1.644697574154166 2.309266510872671 0.3502889519456733
v -1.727602306947478 2.4100001800171906 0.4359515620946767
v -1.7606204447777452 2.5042081931984677 0.5559232355140558
v -1.7387252754704736 2.5775482344074176 0.6919393724716376
v -1.6652501400724917 2.6188549471991074 0.8232927491049825
v -1.5513809618943815 2.6218397589972864 0.9299860045429876
v -1.414453291087089 2.5860482592630674 0.9957760578219861
v -1.2753131242785982 2.516929379380233 1.010646969718568
v -1.1551432905567485 2.425005842246738 0.9723347787016312
v -1.0722385577634364 2.3242721731022185 0.8866721685526278
v -1.0392204199331696 2.2300641599209414 0.7667004951332488
v -1.061115589240441 2.156724118711992 0.630684358175667
v -1.1345907246384228 2.1154174059203017 0.4993309815423221
v -1.185593372809049 2.0166961152544833 0.5573437555179506
v -1.3011208064257265 2.010736031263609 0.4525752532037806
v -1.4419847939740706 2.038784669828822 0.39150840063214287
v -1.586740070285074 2.0965718799901105 0.3834400725346718
v -1.7133489567502331 2.175300082842783 0.4295985987246314
v -1.8025363981176414 2.262983623175456 0.5229567620176819
v -1.8407244149252806 2.346273476825752 0.6493016283463142
v -1.8220992277894215 2.412489518599817 0.7893983371310593
v -1.7494963526137572 2.451550956387464 0.9219184344392675
v -1.63396891899708 2.4575110403783382 1.0266869367534373
v -1.4931049314487357 2.4294624018131254 1.0877537893250753
v -1.3483496551377327 2.371675191651837 1.0958221174225462
v -1.2217407686725732 2.2929469887991645 1.0496635912325867
v -1.1325533273051647 2.2052634484664915 0.956305427939536
v -1.094365310497526 2.121973594816196 0.8299605616109039
v -1.1129904976333849 2.05575755304213 0.6898638528261589
v -1.185593372809049 2.0166961152544833 0.5573437555179507
v -1.2257584106964332 1.9132335781663379 0.6083247996859478
v -1.3426059968216297 1.904127930136358 0.5052603616529525
v -1.486621892849234 1.9238619396068999 0.4484401173911487
v -1.635880984116392 1.9694312825253149 0.44651443401259894
v -1.7676599270147098 2.0338984395193966 0.49977647935532415
v -1.861896572067011 2.10744887033303 0.6001175898375378
v -1.9042442443213976 2.178885188611154 0.7322617409827544
v -1.8882558945597439 2.2373318624677623 0.8760911836688279
v -1.8163656040985101 2.2738909156286047 1.0097091890639482
v -1.6995180179733136 2.2829965636585845 1.1127736270969435
v -1.5555021219457092 2.2632625541880427 1.1695938713587473
v -1.4062430306785516 2.2176932112696277 1.1715195547372972
v -1.2744640877802336 2.153226054275546 1.118257509394572
v -1.1802274427279322 2.0796756234619127 1.0179163989123583
v -1.137879770473546 2.008239305183789 0.8857722477671416
v -1.1538681202351992 1.9497926313271803 0.7419428050810682
v -1.2257584106964332 1.9132335781663379 0.6083247996859479
v -1.2549951253478535 1.8067527916851533 0.6518592372846959
v -1.3727658275996892 1.7944401716312586 0.5501881466300457
v -1.5190819151041444 1.8054343680387877 0.49699717202786803
v -1.671668089897302 1.8380616141673327 0.500384157183959
v -1.8072944900640224 1.8873547075605455 0.5598334643114007
v -1.9053132256353016 1.9458092215923137 0.6662944753093512
v -1.9508018326624628 2.00452598639279 0.8035594663248403
v -1.9368350830808703 2.0545659067899 0.9507310867860019
v -1.8655392879054213 2.0883108585161914 1.085403791591686
v -1.7477685856535856 2.100623478570086 1.1870748822463364
v -1.6014524981491305 2.089629282162557 1.2402658568485139
v -1.448866323355973 2.057002036034012 1.2368788716924228
v -1.3132399231892524 2.0077089426407992 1.1774295645649813
v -1.2152211876179733 1.9492544286090312 1.0709685535670306
v -1.169732580590812 1.8905376638085551 0.9337035625515417
v -1.1836993301724044 1.8404977434114451 0.7865319420903802
v -1.2549951253478535 1.8067527916851533 0.651859237284696
v -1.2734147803350715 1.6989372449315243 0.6877275473798827
v -1.39165477393815 1.6835044976363656 0.5870315503390072
v -1.53936976487579 1.6855220128936315 0.5366851435072604
v -1.694071484817464 1.7046826422942243 0.5443531109334611
v -1.8322079992766351 1.7380693537034422 0.6088680740872681
v -1.9327492761375162 1.780599322960524 0.7204082146581117
v -1.9803888174069826 1.8257977477812106 0.8619925573579732
v -1.967873934780275 1.8667835777112938 1.0120661694760609
v -1.8971099056896161 1.8973170916813915 1.147781703988078
v -1.7788699120865379 1.9127498389765503 1.2484777010289534
v -1.6311549211488976 1.9107323237192844 1.2988241078607003
v -1.4764532012072238 1.8915716943186915 1.2911561404344998
v -1.3383166867480525 1.8581849829094736 1.2266411772806927
v -1.2377754098871714 1.815655013652392 1.1151010367098488
v -1.190135868617705 1.7704565888317052 0.9735166940099875
v -1.2026507512444125 1.7294707589016223 0.8234430818919
v -1.2734147803350715 1.6989372449315243 0.6877275473798828
v -1.281289184404458 1.5913747410648489 0.7159339705919573
v -1.3994904432257809 1.57310903495878 0.6156674458197802
v -1.547677316380061 1.566155081628653 0.5671819556786267
v -1.70328969574691 1.5715715574312359 0.5778589765204247
v -1.8426370071974563 1.5885338530260606 0.6460730287094457
v -1.9445048857498783 1.614459612672408 0.761439141161834
v -1.9933848703291883 1.6454018744817178 0.9063938690531268
v -1.9818354263813498 1.6766499595858244 1.0588691690797556
v -1.9116148520514513 1.7034466302922244 1.1956520590047028
v -1.7934135932301285 1.7217123363982934 1.29591858377688
v -1.6452267200758484 1.7286662897284204 1.3444040739180336
v -1.4896143407089997 1.7232498139258374 1.3337270530762355
v -1.350267029258453 1.7062875183310127 1.2655130008872146
v -1.248399150706031 1.6803617586846653 1.1501468884348263
v -1.199519166126721 1.6494194968753555 1.0051921605435334
v -1.2110686100745593 1.618171411771249 0.8527168605169048
v -1.281289184404458 1.5913747410648489 0.7159339705919574
v -1.2789914348662994 1.4854972753816122 0.7367407742623022
v -1.3965930071163388 1.4649564879435315 0.6362097051735343
v -1.5443290506870992 1.4493496861805448 0.5883658051947761
v -1.6997080921755026 1.4410528641850564 0.6004928743917601
v -1.839075081029458 1.441329137895001 0.6707446764114018
v -1.9412126565608505 1.4501364471424667 0.7884260112303816
v -1.9905712987744537 1.466133958932984 0.9356209624064664
v -1.9796366018304523 1.486886197114252 1.0899204329486527
v -1.9100732742152955 1.5092338215426806 1.2278337271950759
v -1.7924717019652563 1.5297746089807613 1.3283647962838439
v -1.6447356583944956 1.545381410743748 1.3762086962626021
v -1.4893566169060923 1.5536782327392364 1.3640816270656178
v -1.3499896280521368 1.5534019590292918 1.2938298250459763
v -1.2478520525207442 1.5445946497818261 1.1761484902269965
v -1.1984934103071412 1.5285971379913088 1.0289535390509117
v -1.2094281072511428 1.5078448998100409 0.8746540685087257
v -1.2789914348662994 1.4854972753816122 0.7367407742623023
v -1.2669186040691645 1.382510497037404 0.7507117241618935
v -1.3833028933510647 1.360620141058996 0.6490551497563304
v -1.529704497683827 1.3370903119205273 0.6003574394826845
v -1.683835099941637 1.3155032128098976 0.6120323782842756
v -1.8222297131281313 1.2991452838791593 0.682302562562145
v -1.9238190119359593 1.2905068715230226 0.8004699937607942
v -1.9731369465309154 1.2909030957153058 0.9485447516706598
v -1.9626753084391084 1.3002736349145159 1.103983796700988
v -1.8940267872250303 1.3171919094717217 1.2431229433043631
v -1.7776424979431302 1.3390822654501298 1.3447795177099262
v -1.6312408936103677 1.3626120945885984 1.393477227983572
v -1.4771102913525582 1.3841991936992282 1.381802289181981
v -1.3387156781660634 1.4005571226299665 1.3115321049041115
v -1.2371263793582354 1.4091955349861032 1.1933646737054622
v -1.1878084447632793 1.40879931079382 1.0452899157955968
v -1.1982700828550863 1.3994287715946099 0.8898508707652689
v -1.2669186040691645 1.382510497037404 0.7507117241618936
v -1.2454000959743836 1.2832970365446135 0.7587668372947123
v -1.3598769790471825 1.261484659843555 0.6549505906809183
v -1.504134271197193 1.2313108413012128 0.6035898670439941
v -1.6562101073901865 1.197369271264313 0.6125038709715422
v -1.792952320136667 1.1648272460898743 0.6803355261712403
v -1.8935431471172282 1.138638994116513 0.7967580780344197
v -1.9426685467821971 1.122791439310077 0.9440472484129726
v -1.9328496223554394 1.119697228231405 1.099779596296418
v -1.8655812160721568 1.1298274264681314 1.2402462834367507
v -1.7511043329993579 1.15163980316919 1.3440625300505447
v -1.6068470408493474 1.181813621711532 1.395423253687469
v -1.4547712046563541 1.2157551917484317 1.3865092497599207
v -1.3180289919098733 1.2482972169228705 1.3186775945602227
v -1.217438164929312 1.2744854688962322 1.2022550426970429
v -1.1683127652643432 1.2903330237026678 1.0549658723184905
v -1.1781316896911012 1.2934272347813398 0.8992335244350452
v -1.2454000959743836 1.2832970365446135 0.7587668372947124
v -1.2146069383580367 1.1882610689367292 0.7622405914065158
v -1.3263729017034636 1.1686386417550159 0.6550870595685249
v -1.4677722935837096 1.1338458490249794 0.598924588590749
v -1.617278338373687 1.0891795780423164 0.6023034055654873
v -1.752130096029793 1.0414398636633826 0.6647091162373882
v -1.8517976088831118 0.997894644640782 0.7766410168658304
v -1.9011074015899803 0.9651732858323123 0.9210584902453398
v -1.892552505205161 0.9482573174967067 1.075975285201542
v -1.8274353251529145 0.9497220424694265 1.217806724026599
v -1.7156693618074879 0.9693444696511397 1.32496025586459
v -1.5742699699272416 1.0041372623811762 1.3811227268423658
v -1.4247639251372644 1.048803533363839 1.3777439098676276
v -1.2899121674811582 1.096543247742773 1.3153381991957267
v -1.1902446546278393 1.1400884667653737 1.2034062985672844
v -1.140934861920971 1.1728098255738433 1.058988825187775
v -1.1494897583057901 1.1897257939094488 0.904072030231573
v -1.2146069383580367 1.1882610689367292 0.7622405914065159
v -1.174507558209969 1.0970581947268123 0.7628981396885386
v -1.282560434451805 1.0826481973727342 0.6512044625688816
v -1.4204707419694536 1.0462775497988897 0.5878288152598796
v -1.5672428866034038 0.9934833533976555 0.5824195655626548
v -1.700532139825941 0.9323030459905371 0.6358002227086391
v -1.8000464211040228 0.872050774779401 0.7398440655442182
v -1.850635583212268 0.8218994018679436 0.8787113621574594
v -1.8445978848115923 0.789484019158607 1.0312608254741749
v -1.7828525107516264 0.7797395748227118 1.1742681825687238
v -1.6747996345097906 0.7941495721767899 1.2859618596883806
v -1.536889326992142 0.8305202197506344 1.3493375069973828
v -1.390117182358192 0.8833144161518687 1.3547467566946076
v -1.2568279291356546 0.944494723558987 1.3013660995486234
v -1.1573136478575725 1.0047469947701233 1.197322256713044
v -1.1067244857493275 1.0548983676815806 1.058454960099803
v -1.112762184150003 1.0873137503909172 0.9059054967830876
v -1.174507558209969 1.0970581947268123 0.7628981396885387
v -1.124981990973273 1.0081546357861622 0.7627549430605863
v -1.227974457394977 1.0030954601348645 0.645599037539389
v -1.3617575284761996 0.9695199894796014 0.5725694047952598
v -1.5059639443913837 0.9125397848652378 0.5547841443982231
v -1.6386395855518585 0.8408295659174693 0.5949509010199409
v -1.7395857882986232 0.7653065634163402 0.686954650077312
v -1.79343440834309 0.697468469874925 0.8167886547924138
v -1.791987481422445 0.6476430200810545 0.9646868648955556
v -1.7354652890439308 0.6234156870970188 1.1081331185991472
v -1.632472822622227 0.6284748627483167 1.2252890241203445
v -1.4986897515410043 0.6620503334035797 1.2983186568644736
v -1.3544833356258204 0.7190305380179431 1.3161039172615103
v -1.2218076944653453 0.7907407569657118 1.2759371606397925
v -1.1208614917185806 0.8662637594668409 1.1839334115824214
v -1.0670128716741138 0.9341018530082561 1.0540994068673197
v -1.068459798594759 0.9839273028021265 0.9062011967641781
v -1.124981990973273 1.0081546357861622 0.7627549430605864
v -1.0662976137212992 0.9183135101368214 0.7633193342887343
v -1.1623613763386458 0.927818194663636 0.640681803001481
v -1.291178737049262 0.9029248667469876 0.556153941315683
v -1.4331384204172395 0.8474233099036061 0.5226043499260287
v -1.5666283515175374 0.7697631330400311 0.5451406499937896
v -1.6713258984293746 0.6817673940924853 0.6203318941257181
v -1.7312918087210498 0.5968326466323728 0.7367308970130534
v -1.737396816142986 0.5278894360250924 0.8766169656257875
v -1.6887114886572232 0.48543374111384247 1.0186937140880012
v -1.5926477260398766 0.4759290565870279 1.1413312453752544
v -1.4638303653292604 0.5008223845036763 1.2258591070610525
v -1.321870681961283 0.5563239413470576 1.259408698450707
v -1.188380750860985 0.6339841182106328 1.236872398382946
v -1.0836832039491477 0.7219798571581787 1.1616811542510175
v -1.0237172936574728 0.8069146046182911 1.0452821513636823
v -1.0176122862355366 0.8758578152255714 0.9053960827509484
v -1.0662976137212992 0.9183135101368214 0.7633193342887344
v -1.000073631126725 0.822697993140969 0.7637380739359069
v -1.0868095554928239 0.8522880545243284 0.6374057451832251
v -1.2094158499280367 0.8430277349456947 0.5412782639795874
v -1.349226817533429 0.796326834115909 0.4899901679404603
v -1.484957505880657 0.7192951408415855 0.49134960476005274
v -1.5959441480706091 0.6236600321297021 0.545149612505907
v -1.665290033926282 0.5239810863472234 0.6431996276970018
v -1.6824378809481702 0.43543351939763825 0.7705724243460936
v -1.6447770848728114 0.37149789566332775 0.9078766488006352
v -1.5580411605067126 0.3419078342799683 1.034208977553317
v -1.4354348660714997 0.35116815385860195 1.1303364587569547
v -1.2956238984661077 0.3978690546883878 1.1816245547960817
v -1.1598932101188795 0.47490074796271114 1.1802651179764894
v -1.0489065679289271 0.5705358566745947 1.126465110230635
v -0.9795606820732544 0.6702148024570733 1.0284150950395403
v -0.9624128350513661 0.7587623694066584 0.9010422983904488
v -1.000073631126725 0.822697993140969 0.763738073935907
v -0.9301279820222673 0.7171021358122099 0.7583308598112186
v -1.00516894138451 0.7707343672978476 0.6324301538550825
v -1.1200547321412124 0.783392978523004 0.5275513464608059
v -1.257295034091953 0.7531508106792455 0.4596612853254108
v -1.3959962553511671 0.6846119596748499 0.4390956168318244
v -1.5150423923118406 0.5882108442690053 0.4689852775799462
v -1.5963097497776302 0.4786236604039641 0.544779837671324
v -1.627426109264799 0.37253406341288325 0.6549402624114435
v -1.6036542871119268 0.2860932327330633 0.782695625740359
v -1.528613327749684 0.23246100124742558 0.908596331696495
v -1.4137275369929816 0.2198023900222692 1.0134751390907717
v -1.276487235042241 0.25004455786602775 1.0813652002261667
v -1.137786013783027 0.3185834088704233 1.1019308687197533
v -1.0187398768223532 0.41498452427626803 1.0720412079716315
v -0.9374725193565641 0.5245717081413092 0.9962466478802536
v -0.9063561598693952 0.6306613051323899 0.8860862231401342
v -0.9301279820222673 0.7171021358122099 0.7583308598112187
v -0.8616017033258805 0.6023327808923702 0.7368487331378339
v -0.9238413314331051 0.6803072851394725 0.6168289223694393
v -1.0300665033591254 0.7179248389931421 0.5088489145543724
v -1.1641053996117865 0.7094585108831327 0.42934768704126897
v -1.305551813302241 0.6561972225167378 0.39042858103857686
v -1.43287181016105 0.5662495222329598 0.39801667763263154
v -1.526682074825106 0.45330913202207007 0.45095675790325507
v -1.5727008448914723 0.33457020248649016 0.5411891745322677
v -1.5639221797787348 0.22810965927693547 0.654976860046796
v -1.5016825516715102 0.15013515502983316 0.7749966708151906
v -1.39545737974549 0.1125176011761636 0.8829766786302575
v -1.261418483492829 0.12098392928617299 0.9624779061433609
v -1.1199720698023743 0.17424521765256784 1.0013970121460531
v -0.9926520729435651 0.26419291793634614 0.9938089155519984
v -0.8988418082795095 0.3771333081472355 0.9408688352813749
v -0.852823038213143 0.49587223768281535 0.8506364186523624
v -0.8616017033258805 0.6023327808923701 0.736848733137834
v -0.7983988850965054 0.4857482047384364 0.6901601672012678
v -0.8488784417755693 0.5845569397161644 0.5804004394047098
v -0.9469984589639919 0.645758974537854 0.4755895489542581
v -1.0778210535050066 0.6600368541997303 0.3916840038079064
v -1.221429671289517 0.6252169009525741 0.3414576626085259
v -1.3559612020751923 0.5466001370346028 0.3325570305008055
v -1.460934439831278 0.4361552520895876 0.36633714803871453
v -1.5203681606941795 0.31069647866503225 0.4376552985446345
v -1.5252141194305409 0.18932377772821207 0.5356539401046834
v -1.474734562751477 0.09051504275048408 0.6454136679012414
v -1.3766145455630543 0.029313007928794405 0.7502245583516931
v -1.2457919510220397 0.015035128266918107 0.8341301034980446
v -1.1021833332375293 0.049855081514074306 0.8843564446974252
v -0.9676518024518536 0.12847184543204587 0.8932570768051457
v -0.8626785646957682 0.23891673037706082 0.8594769592672367
v -0.803244843832867 0.364375503801616 0.7881588087613167
v -0.7983988850965054 0.48574820473843633 0.6901601672012679
v -0.7421632470217456 0.37639075962148916 0.615876962770505
v -0.7835869546617984 0.4908025424542129 0.5181397130098464
v -0.8755654979616275 0.5712711875789654 0.42106605890835336
v -1.0040959774914056 0.6055460732255877 0.3394345843281123
v -1.149610792874422 0.5884091587569937 0.2856729412828053
v -1.2899566325636986 0.5224693840545104 0.26796585257557254
v -1.4037671147047484 0.4177654820710446 0.2890090619469313
v -1.4737156250861856 0.29023767274034384 0.3455989315272603
v -1.4891531370872626 0.15930090899053717 0.4291201666613994
v -1.4477294294472098 0.04488912615781347 0.5268574164220581
v -1.3557508861473806 -0.03557951896693906 0.6239310705235511
v -1.2272204066176027 -0.06985440461356143 0.705562545103792
v -1.0817055912345863 -0.05271749014496746 0.7593241881490992
v -0.9413597515453095 0.013222284557516006 0.7770312768563319
v -0.8275492694042601 0.11792618654098178 0.7559880674849732
v -0.7576007590228228 0.2454539958716823 0.6993981979046443
v -0.7421632470217456 0.3763907596214891 0.6158769627705051
v -0.693645034481498 0.27958965615113207 0.5176788697553185
v -0.7291384704920361 0.40474279335395 0.4314497688389417
v -0.8174040881165969 0.4995196246140772 0.3443573891606231
v -0.9450042472016574 0.5494912365262742 0.2696607560319988
v -1.0925129802248394 0.547049904170699 0.21873175472023657
v -1.2374734197533581 0.492567298267755 0.19932386400250557
v -1.3578166529386533 0.39433790168011307 0.214391759307613
v -1.4352215134423891 0.2673162495865442 0.2616414901661672
v -1.4579038129296793 0.13084023706415077 0.3338797133748302
v -1.4224103769191412 0.005687099861332839 0.42010881429120706
v -1.33414475929458 -0.08908973139879442 0.5072011939695257
v -1.20654460020952 -0.13906134331099138 0.5818978270981499
v -1.0590358671863378 -0.1366200109554162 0.6328268284099122
v -0.9140754276578189 -0.08213740505247213 0.6522347191276432
v -0.7937321944725241 0.016091991535169686 0.6371668238225358
v -0.7163273339687883 0.14311364362873838 0.5899170929639816
v -0.693645034481498 0.27958965615113196 0.5176788697553185
v -0.6538847940124193 0.1961058105594275 0.40144841211900273
v -0.68609839956415 0.328314583973127 0.32501757118295904
v -0.7727079999904165 0.4331478929246367 0.2484192419278898
v -0.9005280687443027 0.49464581644240135 0.18331482561729529
v -1.0500991590498383 0.5034458531509062 0.13961587946146023
v -1.198650428273315 0.4582082772338127 0.12397517188067708
v -1.3235662922960676 0.3658200995448516 0.13877385882075283
v -1.405829443185759 0.2403465826362509 0.18175897434549204
v -1.4329160619367538 0.10088993203708191 0.24638642427729582
v -1.4007024563850232 -0.03131884137661761 0.3228172652133395
v -1.3140928559587566 -0.13615215032812733 0.3994155944684088
v -1.1862727872048704 -0.19765007384589192 0.4645200107790032
v -1.0367016968993348 -0.2064501105543968 0.5082189569348383
v -0.8881504276758581 -0.16121253463730328 0.5238596645156215
v -0.7632345636531056 -0.06882435694834224 0.5090609775755457
v -0.6809714127634141 0.05664915996025824 0.46607586205080664
v -0.6538847940124193 0.1961058105594274 0.4014484121190028
v -0.6242445305978014 0.12382410666928388 0.27281821148634167
v -0.6550368963943798 0.26051023282343544 0.20406297370761442
v -0.7413212997823818 0.37220821903588763 0.13745132904658228
v -0.8699617225160485 0.44191305945056114 0.08312429656682482
v -1.0213738263625156 0.45901282399027366 0.049352674487609355
v -1.1725064910652971 0.4209042285136056 0.04127788612997996
v -1.300351138444412 0.33338896122660144 0.06012924482324694
v -1.3854445798510044 0.20979042824583397 0.10303680209435252
v -1.414832110204888 0.06892538579413363 0.1634682713067461
v -1.3840397444083095 -0.06776074036001792 0.23222350908547335
v -1.2977553410203075 -0.17945872657247014 0.2988351537465055
v -1.1691149182866407 -0.24916356698714354 0.35316218622626294
v -1.0177028144401736 -0.2662633315268562 0.3869338083054784
v -0.8665701497373921 -0.22815473605018807 0.39500859666310784
v -0.7387255023582772 -0.14063946876318398 0.37615723796984085
v -0.6536320609516848 -0.017040935782416736 0.33324968069873534
v -0.6242445305978014 0.1238241066692838 0.2728182114863417
v -0.6060009129492219 0.05930854814962179 0.13656274352763997
v -0.6364390750399151 0.19868823771295058 0.07327475081054534
v -0.7229754549443087 0.31503428348707213 0.01553739563941979
v -0.8524356732761958 0.3906340546824079 -0.02785933305136082
v -1.0051105853543485 0.4139781714481004 -0.05030867671095032
v -1.157756819816392 0.38151270362151835 -0.04839292627098325
v -1.2871353712070415 0.2981802243790601 -0.022403737369623616
v -1.3735495278965597 0.17666734827458466 0.02370227157548064
v -1.4038435178752482 0.03547330917803339 0.08290587865444926
v -1.373405355784555 -0.10390638038529537 0.14619387137154388
v -1.2868689758801615 -0.220252426159417 0.20393122654266943
v -1.1574087575482745 -0.2958521973547527 0.24732795523345
v -1.0047338454701216 -0.3191963141204453 0.2697772988930396
v -0.8520876110080781 -0.28673084629386314 0.2678615484530725
v -0.7227090596174286 -0.20339836705140502 0.24187235955171285
v -0.6362949029279106 -0.08188549094692972 0.19576635060660869
v -0.6060009129492219 0.0593085481496217 0.13656274352764
v -0.6000153224007256 -0.0013795534562640389 -0.0032178436981671363
v -0.6304623430479046 0.13941452738203058 -0.06328909581595017
v -0.7171681220988381 0.2589840102222489 -0.11372515681283688
v -0.8469324906828658 0.3391255252020287 -0.14684759360608277
v -1 0.36763825315034093 -0.15761381544955327
v -1.153067509317134 0.3401813897055775 -0.14438476266362416
v -1.2828318779011618 0.2609349934301167 -0.10917443861329093
v -1.3695376569520954 0.1419636097865264 -0.057343295952834515
v -1.3999846775992744 0.0013795534562648186 0.0032178436981688315
v -1.3695376569520954 -0.13941452738202978 0.06328909581595187
v -1.2828318779011618 -0.2589840102222481 0.1137251568128386
v -1.1530675093171343 -0.3391255252020278 0.1468475936060844
v -1 -0.36763825315034016 0.157613815449555
v -0.8469324906828657 -0.34018138970557665 0.14438476266362582
v -0.7171681220988382 -0.26093499343011595 0.10917443861329265
v -0.6304623430479047 -0.14196360978652584 0.05734329595283632
v -0.6000153224007256 -0.0013795534562641289 -0.0032178436981670977
v -0.6065666449729563 -0.06233414536407979 -0.14274248848159005
v -0.6367521210407648 0.07886909132665626 -0.20197957634897235
v -0.7229881565064133 0.20085038452377285 -0.24717315878624674
v -0.8521460967018649 0.2850391881011854 -0.2714429225481832
v -1.0045628160520057 0.3186185198876377 -0.2710940161079832
v -1.1570342506967783 0.29647623101604303 -0.24617955730832253
v -1.2863480068685125 0.22198328424675326 -0.20049254665131805
v -1.3728172374221808 0.10648055544514873 -0.14098841735571574
v -1.4032777858515142 -0.03244771196357024 -0.07672613370049579
v -1.373092309783706 -0.17365094865430628 -0.017489045833113476
v -1.2868562743180572 -0.2956322418514229 0.027704536604160918
v -1.1576983341226057 -0.3798210454288354 0.051974300366097376
v -1.0052816147724648 -0.4134003772152878 0.05162539392589742
v -0.8528101801276923 -0.391258088343693 0.026710935126236693
v -0.723496423955958 -0.31676514157440333 -0.018976075530767772
v -0.6370271934022896 -0.201262412772799 -0.07848020482636998
v -0.6065666449729563 -0.06233414536407988 -0.14274248848159002
v -0.6253088635765116 -0.12763881236700017 -0.2781906688209146
v -0.6543474793558691 0.013027965783369538 -0.3392493775757004
v -0.7389830902211828 0.13703917276749772 -0.38187077492706817
v -0.8663306916419312 0.2255152264864415 -0.39956613949220127
v -1.0170027657106875 0.26498644979891595 -0.3896415124249374
v -1.1680608549962357 0.24944370676312705 -0.35360782822929904
v -1.2965077347498406 0.18125323911095728 -0.2969508886779116
v -1.3827885319028805 0.07079642739432092 -0.22829619922103772
v -1.4137677772261785 -0.06511068009641581 -0.1580958139721768
v -1.384729161446821 -0.2057774582467855 -0.09703710521739096
v -1.3000935505815074 -0.32978866523091377 -0.05441570786602322
v -1.172745949160759 -0.4182647189498574 -0.036720343300890135
v -1.0220738750920026 -0.45773594226233194 -0.04664497036815404
v -0.8710157858064543 -0.44219319922654304 -0.08267865456379242
v -0.7425689060528494 -0.3740027315743733 -0.13933559411517982
v -0.6562881088998098 -0.2635459198577371 -0.2079902835720536
v -0.6253088635765116 -0.12763881236700025 -0.27819066882091453
v -0.655335365884204 -0.201181126537811 -0.4053421208512797
v -0.6816884394686208 -0.06220055665526347 -0.47128502269950656
v -0.7631088843757299 0.06364202935999397 -0.5147925426530634
v -0.8872011759465953 0.15718823855302144 -0.5292410551956719
v -1.035073387688977 0.20419650857267838 -0.5124309052688119
v -1.1842133158300345 0.19751025643950096 -0.4669212858144596
v -1.3119157582671075 0.1381474034297389 -0.3996406238488123
v -1.398739175764675 0.0351454057885259 -0.3208317902554204
v -1.4314654900649713 -0.09581461605869708 -0.24249271554502236
v -1.4051124164805546 -0.2347951859412446 -0.17654981369679545
v -1.3236919715734454 -0.3606377719565021 -0.1330422937432386
v -1.1995996800025803 -0.45418398114952946 -0.11859378120063022
v -1.0517274682601983 -0.5011922511691865 -0.1354039311274901
v -0.9025875401191404 -0.49450599903600906 -0.1809135505818425
v -0.7748850976820678 -0.43514314602624704 -0.2481942125474897
v -0.6880616801845005 -0.33214114838503417 -0.3270030461408815
v -0.655335365884204 -0.2011811265378111 -0.40534212085127963
v -0.6953767503629963 -0.28623276317303437 -0.5192336842628933
v -0.7167825765215206 -0.15067462199691023 -0.5935595247474331
v -0.792841657144621 -0.02341975083349604 -0.6423423456615603
v -0.9119746866847132 0.07615844975085811 -0.6581554047384719
v -1.0560447413379204 0.13290010139582037 -0.6385913070794452
v -1.203118461281589 0.13816680200279824 -0.5866285092040804
v -1.3308052058808868 0.09115674414713926 -0.5101778760449661
v -1.4196658257537935 -0.0009732170098681325 -0.42087832347386206
v -1.4561720970481833 -0.12419713004224714 -0.3323248988672588
v -1.434766270889659 -0.2597552712183713 -0.2579990583827189
v -1.3587071902665586 -0.38701014238178555 -0.20921623746859175
v -1.2395741607264665 -0.4865883429661395 -0.1934031783916803
v -1.095504106073259 -0.5433299946111019 -0.21296727605070687
v -0.9484303861295904 -0.5485966952180797 -0.2649300739260717
v -0.8207436415302926 -0.5015866373624208 -0.341380707085186
v -0.7318830216573862 -0.4094566762054136 -0.4306802596562899
v -0.6953767503629963 -0.2862327631730344 -0.5192336842628933
v -0.7441621597462169 -0.38448726101064074 -0.614070806992249
v -0.7576385624800294 -0.25518924230324636 -0.70043606924558
v -0.8256202083605315 -0.12781807499598052 -0.7597119594417696
v -0.9377575080575713 -0.021764864688867513 -0.7828742606357308
v -1.0769785742194276 0.046824748723580056 -0.7663967224374661
v -1.2220882615650652 0.06750861836571098 -0.7127879006684057
v -1.350994935618702 0.03713781258425605 -0.6302092524777093
v -1.4440737237975823 -0.0396639887525982 -0.5312326284751008
v -1.4871542243627873 -0.15120440760137857 -0.43092632243964635
v -1.4736778216289748 -0.280502426308773 -0.3445610601863154
v -1.4056961757484727 -0.4078735936160388 -0.28528516999012576
v -1.2935588760514332 -0.5139268039231517 -0.2621228687961646
v -1.1543378098895767 -0.5825164173355994 -0.27860040699442923
v -1.009228122543939 -0.6032002869777304 -0.3322092287634898
v -0.8803214484903022 -0.5728294811962754 -0.41478787695418595
v -0.7872426603114221 -0.4960276798594213 -0.5137645009567945
v -0.7441621597462169 -0.3844872610106408 -0.6140708069922489
v -0.8007942598979667 -0.49436683001797654 -0.6841408157907025
v -0.8029678670027498 -0.3756851624296468 -0.7854743581495656
v -0.8597714034456566 -0.2511956293497749 -0.8605360927253336
v -0.9625570457285952 -0.13985063368934375 -0.8978985508651646
v -1.0956766115681555 -0.05860144169275505 -0.8918736370087953
v -1.238863853797134 -0.019817506315729705 -0.8433785896748782
v -1.370319812781751 -0.02940333014217031 -0.7597963402113032
v -1.4700315104178352 -0.08589955839021052 -0.6538515284239215
v -1.5228187446290822 -0.1807051524486707 -0.5416732915152516
v -1.520645137524299 -0.2993868200370004 -0.44033974915638857
v -1.4638416010813924 -0.42387635311687233 -0.3652780145806204
v -1.3610559587984539 -0.5352213487773032 -0.3279155564407896
v -1.2279363929588933 -0.6164705407738922 -0.3339404702971588
v -1.084749150729915 -0.6552544761509175 -0.382435517631076
v -0.9532931917452978 -0.6456686523244769 -0.4660177670946509
v -0.8535814941092138 -0.5891724240764368 -0.5719625788820325
v -0.8007942598979667 -0.4943668300179766 -0.6841408157907024
v -0.8645135641426114 -0.609576252491893 -0.7267217077949708
v -0.8525871294585625 -0.5069919503805809 -0.8437378208412107
v -0.8954940449229842 -0.39043638648545487 -0.9382489139827378
v -0.9867021216085757 -0.2776540888307301 -0.9958665300339473
v -1.1123257566432294 -0.18581513986026443 -1.0078189092560328
v -1.253239890374007 -0.12890118703266562 -0.9722864102610191
v -1.3879916233302005 -0.11557686373966841 -0.8946785339179918
v -1.4960662256967308 -0.14787067741734033 -0.7868103758830256
v -1.5610103189620035 -0.22086618767740568 -0.6651038853896567
v -1.5729367536460523 -0.3234504897887178 -0.5480877723434168
v -1.5300298381816306 -0.4400060536838438 -0.4535766792018897
v -1.4388217614960395 -0.5527883513385684 -0.39595906315068025
v -1.3131981264613855 -0.6446273003090341 -0.3840066839285947
v -1.172283992730608 -0.7015412531366332 -0.41953918292360837
v -1.0375322597744143 -0.7148655764296301 -0.4971470592666357
v -0.9294576574078842 -0.6825717627519584 -0.6050152173016017
v -0.8645135641426114 -0.6095762524918931 -0.7267217077949707
v -0.9332959862790251 -0.7209204485069403 -0.7457786086106738
v -0.9064044762801081 -0.6391702580498013 -0.8759796172342168
v -0.9343937921856906 -0.5364758903335758 -0.9901243264015294
v -1.0130028143729284 -0.42847163191629734 -1.0708352388662536
v -1.1302640318063746 -0.3316001520809563 -1.1058248498518788
v -1.2683254871073704 -0.26060925549033165 -1.0897663082674567
v -1.4061685752365478 -0.22630666261626595 -1.0251043814981737
v -1.5228079355769455 -0.2339146322700571 -0.9216832617328273
v -1.600486282855172 -0.2822749200383319 -0.7952478769409063
v -1.627377792854089 -0.36402511049547076 -0.6650468683173634
v -1.5993884769485065 -0.46671947821169635 -0.5509021591500507
v -1.520779454761269 -0.5747237366289746 -0.47019124668532647
v -1.4035182373278225 -0.6715952164643159 -0.4352016356997012
v -1.2654567820268265 -0.7425861130549405 -0.4512601772841234
v -1.1276136938976493 -0.776888705929006 -0.5159221040534063
v -1.0109743335572519 -0.7692807362752151 -0.6193432238187526
v -0.9332959862790251 -0.7209204485069403 -0.7457786086106737
v -1.0028105303015438 -0.8222659293312381 -0.7512748795733589
v -0.9625392430342883 -0.7630782574353974 -0.8899601077477277
v -0.9770573543947709 -0.6786215874955283 -1.0204010711816922
v -1.0441546135353652 -0.5817536819083561 -1.1227393156427095
v -1.1536160709900842 -0.4872218011897771 -1.1813947711100852
v -1.28877721213203 -0.40941756724556233 -1.1874376762019399
v -1.4290609784611366 -0.36018596939658154 -1.1399480533971096
v -1.5531104382293064 -0.347022072129796 -1.046155767273127
v -1.6420401856979878 -0.3719299594730482 -0.9203398431631774
v -1.6823114729652433 -0.43111763136888875 -0.7816546149888086
v -1.6677933616047607 -0.515574301308758 -0.6512136515548441
v -1.6006961024641666 -0.6124422068959301 -0.5488754070938272
v -1.4912346450094474 -0.7069740876145092 -0.4902199516264511
v -1.3560735038675016 -0.784778321558724 -0.4841770465345963
v -1.215789737538395 -0.8340099194077047 -0.5316666693394266
v -1.0917402777702256 -0.8471738166744902 -0.6254589554634091
v -1.0028105303015438 -0.8222659293312381 -0.7512748795733588
v -1.0680167748533695 -0.9142635642497602 -0.7527754485585549
v -1.01741354818265 -0.87598693128348 -0.8953684442338851
v -1.0216309124866167 -0.8112031258717929 -1.0372973771231888
v -1.0800268122804928 -0.7297748951219698 -1.1569548537830505
v -1.1837110011808114 -0.6440989490169212 -1.236124108089733
v -1.3168985013270111 -0.5672186736967556 -1.2627523387461213
v -1.4593127231695284 -0.5108383941575367 -1.2327856390202925
v -1.5892723924209762 -0.48354149687060405 -1.1507861672966944
v -1.6869923275251568 -0.48948368700090306 -1.0292375998181824
v -1.7375955541958765 -0.5277603199671831 -0.8866446041428524
v -1.7333781898919096 -0.5925441253788704 -0.7447156712535485
v -1.6749822900980333 -0.6739723561286934 -0.6250581945936869
v -1.571298101197715 -0.759648302233742 -0.5458889402870043
v -1.438110601051515 -0.8365285775539077 -0.5192607096306159
v -1.295696379208998 -0.8929088570931265 -0.5492274093564449
v -1.1657367099575502 -0.9202057543800591 -0.6312268810800429
v -1.0680167748533695 -0.9142635642497602 -0.7527754485585548
v -1.125576141249572 -1.0016485242554651 -0.7547655543491764
v -1.0677533625500013 -0.9808002928457462 -0.898224353685207
v -1.0651133977922553 -0.9348300035456356 -1.0473495114692986
v -1.118058157679361 -0.8707362161793653 -1.179438074251745
v -1.21852728246395 -0.79827662886182 -1.274380755734722
v -1.3512252586524525 -0.728482556914302 -1.317723393319997
v -1.4959500222803188 -0.6719795151059826 -1.3028674633372002
v -1.6306685400184555 -0.6373695793508294 -1.232074646456872
v -1.7348711387676359 -0.6299217986277154 -1.1161225073105583
v -1.7926939174672065 -0.6507700300374342 -0.972663707974528
v -1.7953338822249525 -0.6967403193375448 -0.823538550190436
v -1.7423891223378472 -0.7608341067038151 -0.6914499874079899
v -1.641919997553258 -0.8332936940213603 -0.5965073059250128
v -1.5092220213647554 -0.9030877659688785 -0.5531646683397378
v -1.3644972577368892 -0.9595908077771977 -0.5680205983225346
v -1.2297787399987525 -0.9942007435323509 -0.6388134152028629
v -1.125576141249572 -1.0016485242554651 -0.7547655543491762
v -1.1742446105453788 -1.0890700570663048 -0.7573551551882438
v -1.111653093726881 -1.0819539362733812 -0.9001494563476685
v -1.1049381015306643 -1.052982860219575 -1.0533621687069161
v -1.1551219306470468 -1.0065674126106199 -1.1936680456859874
v -1.2545645480106034 -0.9497739245878991 -1.2997067893907608
v -1.3881267165773032 -0.8912486898686209 -1.35533496233579
v -1.5354748069269397 -0.8399016449062214 -1.3520836794608375
v -1.6741764080175456 -0.8035499118341045 -1.2904479191106621
v -1.7831154584162212 -0.7877277124832189 -1.1798111670690197
v -1.845706975234719 -0.7948438332761426 -1.037016865909595
v -1.8524219674309357 -0.8238149093299488 -0.8838041535503474
v -1.8022381383145532 -0.8702303569389037 -0.7434982765712762
v -1.7027955209509966 -0.9270238449616246 -0.6374595328665027
v -1.5692333523842965 -0.9855490796809028 -0.5818313599214735
v -1.4218852620346603 -1.0368961246433022 -0.5850826427964261
v -1.2831836609440543 -1.073247857715419 -0.646718403146601
v -1.1742446105453788 -1.0890700570663048 -0.7573551551882437
v -1.2138857881790845 -1.1794329389989713 -0.7587865897929615
v -1.14822784149914 -1.1829246589095328 -0.900333018664297
v -1.1393242938811312 -1.1690710966630637 -1.0555340342836714
v -1.1885306297390397 -1.1399813315287342 -1.2007616889237451
v -1.2883556304950443 -1.1000840165488686 -1.3139063886575344
v -1.4236018446999281 -1.0554531562590903 -1.377742878609827
v -1.573679262250983 -1.0128833945587623 -1.382552631864609
v -1.7157399567812384 -0.9788555917709084 -1.3276034070893614
v -1.8281564753318653 -0.9585501724071793 -1.2212607256401529
v -1.8938144220118098 -0.9550584524966178 -1.0797142967688174
v -1.9027179696298187 -0.9689120147430871 -0.9245132811494431
v -1.8535116337719102 -0.9980017798774163 -0.7792856265093695
v -1.7536866330159055 -1.0378990948572822 -0.66614092677558
v -1.6184404188110215 -1.0825299551470604 -0.6023044368232874
v -1.4683630012599669 -1.1250997168473884 -0.5974946835685055
v -1.326302306729712 -1.1591275196352422 -0.6524439083437529
v -1.2138857881790845 -1.1794329389989713 -0.7587865897929614
v -1.2445986104237794 -1.2740302452815038 -0.7570314006066309
v -1.1769850462169407 -1.2857380064392003 -0.8972094440382264
v -1.166995529941219 -1.2853919735935608 -1.0529612961050159
v -1.2161508748944023 -1.2730448271085382 -1.2005751492238854
v -1.3169676254016802 -1.250576308109316 -1.317578132380398
v -1.4540973451044386 -1.2214070449358934 -1.3861576020236577
v -1.606663277261937 -1.1899777934863953 -1.395872955574919
v -1.7514386417168155 -1.1610733723871338 -1.3452451185259013
v -1.8663827016227659 -1.1390942177312415 -1.241981720124832
v -1.9339962658296044 -1.127386456573545 -1.1018036766932364
v -1.9439857821053264 -1.1277324894191845 -0.946051824626447
v -1.8948304371521432 -1.1400796359042071 -0.7984379715075778
v -1.794013686644865 -1.1625481549034293 -0.6814349883510651
v -1.6568839669421067 -1.191717418076852 -0.6128555187078053
v -1.5043180347846083 -1.22314666952635 -0.6031401651565441
v -1.3595426703297298 -1.2520510906256115 -0.6537680022055615
v -1.2445986104237794 -1.2740302452815038 -0.7570314006066308
v -1.2663382144162727 -1.3730687054891328 -0.7503803683672281
v -1.1974648992186245 -1.3912379803185442 -0.8892504281434339
v -1.1869010490528913 -1.4031064935120325 -1.0445117982927412
v -1.2362549143452655 -1.4068673715242295 -1.1925273426577427
v -1.3380128164988863 -1.4019480547702223 -1.3107630363731184
v -1.476683037348545 -1.3890974646320908 -1.3812185668799346
v -1.6311542928185632 -1.3702719869674762 -1.393167718339503
v -1.7779097345490484 -1.3483376300974357 -1.344791340761432
v -1.8946071768779265 -1.326633701019993 -1.2434542990990283
v -1.9634804920755746 -1.3084644261905816 -1.1045842393228225
v -1.9740443422413079 -1.2965959129970932 -0.9493228691735154
v -1.9246904769489337 -1.2928350349848963 -0.8013073248085139
v -1.822932574795313 -1.2977543517389034 -0.683071631093138
v -1.684262353945654 -1.310604941877035 -0.6126161005863218
v -1.529791098475636 -1.3294304195416495 -0.6006669491267533
v -1.383035656745151 -1.35136477641169 -0.6490433267048242
v -1.2663382144162727 -1.3730687054891328 -0.750380368367228
v -1.2788503488300422 -1.4760705563424625 -0.7375600667440401
v -1.2091316610508318 -1.499433729296383 -0.8752263891335714
v -1.1980867351894824 -1.5224820404663977 -1.0291917571918323
v -1.2473970610858827 -1.5417065934103331 -1.1760163393314893
v -1.3495555886215227 -1.5541806242134812 -1.293347423889931
v -1.4890096080484596 -1.5580050747634335 -1.363322416852065
v -1.6445285090627764 -1.5525977071326906 -1.3752882598642973
v -1.7924359487673913 -1.538781744025123 -1.3274232617986519
v -1.910214360251557 -1.518660540581841 -1.227014434713336
v -1.9799330480307678 -1.4952973676279204 -1.0893481123238045
v -1.990977973892117 -1.4722490564579058 -0.9353827442655439
v -1.941667647995717 -1.4530245035139704 -0.788558162125887
v -1.8395091204600766 -1.4405504727108223 -0.671227077567445
v -1.7000551010331397 -1.43672602216087 -0.6012520846053111
v -1.544536200018823 -1.4421333897916129 -0.5892862415930791
v -1.3966287603142082 -1.4559493528991805 -0.6371512396587241
v -1.2788503488300422 -1.4760705563424625 -0.73756006674404
v -1.281732948956545 -1.582112518220873 -0.7177004765624428
v -1.211391501565956 -1.6097543388195898 -0.8542528845579579
v -1.1996720272548809 -1.6431289968719474 -1.0062638569189968
v -1.2483587097498818 -1.6771555032315022 -1.150591101086487
v -1.3500394429869704 -1.7066536307560605 -1.265262102465655
v -1.4892342570689425 -1.7271325569312004 -1.3328192405917383
v -1.644752003355949 -1.7354745508886846 -1.3429775535920223
v -1.7929165147476744 -1.73040961966885 -1.2941905303975512
v -1.9111710874993688 -1.7127088531362002 -1.1938855530342163
v -1.9815125348899578 -1.6850670325374835 -1.0573331450387013
v -1.993232009201033 -1.651692374485126 -0.9053221726776624
v -1.9445453267060322 -1.6176658681255711 -0.7609949285101723
v -1.8428645934689434 -1.5881677406010128 -0.6463239271310042
v -1.7036697793869713 -1.567688814425873 -0.578766789004921
v -1.5481520330999647 -1.5593468204683887 -0.5686084760046368
v -1.3999875217082394 -1.5644117516882232 -0.6173954991991077
v -1.281732948956545 -1.582112518220873 -0.7177004765624427
v -1.274530626812251 -1.6899638860494375 -0.6902760444532813
v -1.2036556370759972 -1.7212177199042706 -0.8257695250921986
v -1.1908768090451491 -1.7641803200924515 -0.9752669034492011
v -1.2381396034470384 -1.8123110201922703 -1.1160085588665445
v -1.338248688272276 -1.8582823574194127 -1.226567850133222
v -1.4759633628473328 -1.8950956124122555 -1.2901131273763529
v -1.6303178163547905 -1.9171463008111267 -1.2969701981750428
v -1.7778129824747437 -1.9210774051972854 -1.2460951356596928
v -1.8959940592124402 -1.9062904505634894 -1.1452332069146753
v -1.966869048948694 -1.8750366167086563 -1.009739726275758
v -1.979647876979542 -1.8320740165204754 -0.8602423479187554
v -1.9323850825776527 -1.7839433164206568 -0.719500692501412
v -1.8322759977524152 -1.7379719791935142 -0.6089414012347345
v -1.6945613231773584 -1.7011587242006714 -0.5453961239916039
v -1.5402068696699007 -1.6791080358018002 -0.538539053192914
v -1.3927117035499479 -1.6751769314156415 -0.5894141157082635
v -1.274530626812251 -1.6899638860494375 -0.6902760444532812
v -1.2568253431946952 -1.7981748392353338 -0.6550535982338921
v -1.1854107495916997 -1.8325467307460737 -0.7895046245999306
v -1.171064653490029 -1.884424060529825 -0.9360020026568016
v -1.2159711179734773 -1.9459089753961776 -1.0722428345973853
v -1.3132935409025541 -2.0076409544188705 -1.1774856887849452
v -1.448215465616268 -2.0602218633934815 -1.2357082946982738
v -1.6001962521472495 -2.0956467355757535 -1.2380467883763042
v -1.746098203455417 -2.1085224553032016 -1.1841451553550537
v -1.8637090700585845 -2.0968888109660115 -1.082209430642488
v -1.93512366366158 -2.062516919455272 -0.9477584042764495
v -1.9494697597632507 -2.0106395896715203 -0.8012610262195786
v -1.9045632952798024 -1.9491546748051678 -0.665020194278995
v -1.8072408723507256 -1.887422695782475 -0.559777340091435
v -1.6723189476370113 -1.8348417868078635 -0.5015547341781061
v -1.5203381611060303 -1.7994169146255914 -0.499216240500076
v -1.3744362097978629 -1.7865411948981436 -0.5531178735213262
v -1.2568253431946952 -1.7981748392353338 -0.655053598233892
v -1.2283114743005372 -1.9051432914342894 -0.6120514578117635
v -1.1562814255094154 -1.9422571725904683 -0.7454410432113061
v -1.1397859135665411 -2.0024058797259743 -0.8885094908580806
v -1.1813362306330293 -2.0764323174288144 -1.019475926516573
v -1.2746067175900688 -2.153066631610061 -1.1184018975714736
v -1.4053977882975202 -2.220641942627406 -1.1702268216958343
v -1.5537976878641826 -2.268870521950179 -1.1670608239858282
v -1.6972138768294711 -2.290410005569648 -1.1093858988929635
v -1.8138125404944105 -2.281981202360654 -1.0059825309381303
v -1.8858425892855324 -2.244867321204475 -0.8725929455385878
v -1.9023381012284066 -2.184718614068969 -0.7295244978918132
v -1.8607877841619187 -2.110692176366129 -0.598558062233321
v -1.767517297204879 -2.0340578621848824 -0.4996320911784202
v -1.6367262264974274 -1.9664825511675372 -0.4478071670540595
v -1.4883263269307652 -1.9182539718447644 -0.45097316476406546
v -1.344910137965477 -1.8967144882252955 -0.5086480898569303
v -1.2283114743005372 -1.9051432914342894 -0.6120514578117634
v -1.1888527497695844 -2.0091735048630994 -0.5615070097007471
v -1.1160793132354712 -2.048731525005173 -0.6937860313702578
v -1.096813320565929 -2.11651379821119 -0.8330445483876034
v -1.1339878444982374 -2.2022010878333695 -0.9580817139184932
v -1.2219434007516012 -2.2927482807839508 -1.0498617529755774
v -1.3472895532055484 -2.374370387748555 -1.0944119866005406
v -1.490943486414667 -2.434641182848063 -1.0849500455728558
v -1.6310351912740162 -2.464384983884694 -1.022916424641279
v -1.7462369756532268 -2.459073566778848 -0.9177551802564685
v -1.81901041218734 -2.419515546636774 -0.7854761585869579
v -1.8382764048568823 -2.3517332734307574 -0.6462176415696121
v -1.8011018809245738 -2.266045983808578 -0.5211804760387226
v -1.71314632467121 -2.1754987908579966 -0.42940043698163827
v -1.5878001722172628 -2.0938766838933924 -0.384850203356675
v -1.4441462390081443 -2.0336058887938844 -0.3943121443843598
v -1.3040545341487952 -2.0038620877572533 -0.4563457653159365
v -1.1888527497695844 -2.0091735048630994 -0.561507009700747
v -1.1385216540272498 -2.1085316906786624 -0.5038494934034943
v -1.0648377697701283 -2.150285149816566 -0.6349444339892805
v -1.0421671833597232 -2.225052212016659 -0.7700535769743646
v -1.0739612860676409 -2.3214502698240853 -0.8886077801066989
v -1.1553797139708597 -2.4248035927882334 -0.9725582406559129
v -1.2740272494810014 -2.5193775743880176 -1.0091242620162086
v -1.4118408808592344 -2.5907741832401485 -0.9927389989072903
v -1.5478397320119024 -2.628123932858761 -0.9258969591047106
v -1.6613192106836674 -2.625740662440744 -0.8187742372438127
v -1.7350030949407886 -2.5839872033028404 -0.6876792966580266
v -1.757673681351194 -2.5092201411027473 -0.5525701536729424
v -1.7258795786432763 -2.412822083295321 -0.4340159505406082
v -1.6444611507400575 -2.309468760331173 -0.3500654899913941
v -1.5258136152299158 -2.214894778731389 -0.31349946863109823
v -1.3879999838516828 -2.143498169879258 -0.3298847317400167
v -1.2520011326990148 -2.1061484202606455 -0.39672677154259617
v -1.1385216540272498 -2.1085316906786624 -0.5038494934034942
v -1.0776228192684931 -2.2014999791867047 -0.43967565826973576
v -1.002832395644289 -2.2452277162323466 -0.5694940974198333
v -0.9761293841611578 -2.32630870211487 -0.7001515599026091
v -1.0015790762540038 -2.432399091734628 -0.8117566314679077
v -1.0753069870037248 -2.54734758498379 -0.8873184516724053
v -1.186088710343851 -2.6536543157758565 -0.915333418359573
v -1.317058733134671 -2.7351350480206493 -0.8915365068075951
v -1.4482780566524958 -2.7793850788585766 -0.8195505810807195
v -1.5597697283978655 -2.779667742222092 -0.7103348458168216
v -1.6345601520220696 -2.73594000517645 -0.5805164066667242
v -1.6612631635052009 -2.654859019293927 -0.44985894418394823
v -1.635813471412355 -2.5487686296741687 -0.33825387261864975
v -1.5620855606626338 -2.4338201364250067 -0.262692052414152
v -1.4513038373225073 -2.3275134056329403 -0.23467708572698426
v -1.3203338145316876 -2.2460326733881475 -0.2584739972789623
v -1.1891144910138634 -2.2017826425502203 -0.33045992300583765
v -1.0776228192684931 -2.2014999791867047 -0.4396756582697357
v -1.0067021564067185 -2.286428447900084 -0.3697268602177765
v -0.9305885099316287 -2.331920566033263 -0.49816256243647494
v -0.8992463816267879 -2.418615099142706 -0.6241001601531491
v -0.9174473264095071 -2.5333135904503994 -0.7283667957426014
v -0.9824204154285927 -2.6585542343991597 -0.7950888191157434
v -1.0842740848634076 -2.775270278257053 -0.8141084070506619
v -1.2075020368483138 -2.8656927623802866 -0.7825299996972594
v -1.333343932757776 -2.9160556832429583 -0.7051611233161165
v -1.4426414846992053 -2.918691742684741 -0.5937804879856506
v -1.518755131174295 -2.873199624551562 -0.4653447857669524
v -1.5500972594791358 -2.786505091442119 -0.3394071880502781
v -1.5318963146964168 -2.671806600134426 -0.23514055246082582
v -1.466923225677331 -2.5465659561856655 -0.16841852908768384
v -1.3650695562425161 -2.4298499123277724 -0.14939894115276542
v -1.24184160425761 -2.339427428204539 -0.18097734850616776
v -1.115999708348148 -2.289064507341867 -0.2583462248873107
v -1.0067021564067185 -2.286428447900084 -0.36972686021777645
v -0.9265434709178315 -2.36178423571286 -0.29486680118818054
v -0.8488768786045022 -2.4088297716939473 -0.42180445351827345
v -0.8123219424473278 -2.500403144940012 -0.5427862850107339
v -0.8224438201049165 -2.622563139489036 -0.6393939085238683
v -0.8777015474589501 -2.7567120035540382 -0.69691968912809
v -0.9696826364323228 -2.8824267886436035 -0.7066058481989057
v -1.084383800039486 -2.9805685583352104 -0.6669777558230345
v -1.2043428258898874 -3.0361961178506687 -0.5840684298351508
v -1.3112970397290797 -3.040840675518833 -0.4705000635419984
v -1.3889636320424092 -2.993795139537746 -0.34356241121190556
v -1.4255185681995834 -2.902221766291681 -0.22258057971944495
v -1.4153966905419948 -2.7800617717426577 -0.12597295620631066
v -1.3601389631879612 -2.645912907677655 -0.0684471756020889
v -1.2681578742145885 -2.5201981225880896 -0.05876101653127319
v -1.1534567106074252 -2.4220563528964827 -0.09838910890714436
v -1.033497684757024 -2.3664287933810244 -0.18129843489502784
v -0.9265434709178316 -2.36178423571286 -0.2948668011881805
v -0.8381542581098582 -2.4261965911337287 -0.2160594991752277
v -0.7586991137068958 -2.4745742306738108 -0.34137922474475846
v -0.7164005941354604 -2.570254524553134 -0.45720092479107743
v -0.7176982655632685 -2.6986710153725952 -0.5458917954084581
v -0.7623945692788572 -2.8402734565033194 -0.5939494555301483
v -0.84368489821453 -2.9735041599124794 -0.5940575620463946
v -0.9491935366884976 -3.078079958745364 -0.5461996567200866
v -1.0628577509312882 -3.1380801356116437 -0.4576616718041625
v -1.1673731946931043 -3.1443702074863857 -0.3419227129032399
v -1.2468283390960668 -3.0959925679463036 -0.21660298733370914
v -1.289126858667502 -3.0003122740669803 -0.10078128728739014
v -1.287829187239694 -2.871895783247519 -0.012090416670009652
v -1.2431328835241053 -2.730293342116795 0.03596724345168073
v -1.1618425545884326 -2.597062638707635 0.03607534996792705
v -1.056333916114465 -2.4924868398747506 -0.011782555358380908
v -0.9426697018716746 -2.4324866630084707 -0.10032054027430487
v -0.8381542581098583 -2.4261965911337287 -0.21605949917522763
v -0.742742319039683 -2.478496733326549 -0.1343472936521661
v -0.6612642033892178 -2.527968010766048 -0.2579290842806473
v -0.6127429486229354 -2.626944787112276 -0.3684181569367361
v -0.6045654759327329 -2.760358745393232 -0.4489935518944809
v -0.6379767314067191 -2.9078988198611837 -0.48738839568933917
v -0.7078901542727644 -3.047103371632491 -0.47775742140366945
v -0.80366205966627 -3.1567797695923763 -0.4215668575674656
v -0.9107120431655592 -3.220230776370471 -0.32737120815606013
v -1.0127427151933817 -3.2277965513696176 -0.20951090690665125
v -1.094220830843847 -3.1783252739301187 -0.08592911627817011
v -1.1427420856101294 -3.0793484975838905 0.024559956377918774
v -1.150919558300332 -2.9459345393029346 0.10513535133566346
v -1.1175083028263457 -2.798394464834983 0.14353019513052184
v -1.0475948799603003 -2.6591899130636754 0.13389922084485206
v -0.9518229745667948 -2.5495135151037904 0.07770865700864829
v -0.8447729910675059 -2.486062508325696 -0.016486992402757028
v -0.7427423190396831 -2.478496733326549 -0.13434729365216602
v -0.6416847997604358 -2.5177515219958706 -0.05082880719584115
v -0.5579576548530221 -2.5680561727154436 -0.1725570164080979
v -0.5027941481144818 -2.669480594095739 -0.2775742715063318
v -0.48459242338732395 -2.806583837396276 -0.34989264738562487
v -0.5061235282622129 -2.9584931766685436 -0.37850232688606444
v -0.5641095472018984 -3.1020817920699284 -0.35904774565109926
v -0.6497226344673839 -3.2154896185396096 -0.29449068731753464
v -0.749928973607068 -3.2814513425420855 -0.1946593788054647
v -0.8494730578596601 -3.2899248895424953 -0.07475223186278689
v -0.9332002027670738 -3.2396202388229223 0.04697597734946986
v -0.9883637095056141 -3.138195817442627 0.1519932324477038
v -1.006565434232772 -3.00109257414209 0.22431160832699673
v -0.985034329357883 -2.8491832348698223 0.2529212878274365
v -0.9270483104181975 -2.7055946194684375 0.23346670659247123
v -0.841435223152712 -2.5921867929987563 0.16890964825890664
v -0.7412288840130281 -2.5262250689962804 0.06907833974683686
v -0.6416847997604359 -2.5177515219958706 -0.050828807195841076
v -0.5364912365930343 -2.543290080739293 0.03336315653759972
v -0.45030475192583275 -2.594143376856743 -0.08640487647242084
v -0.3881467607748155 -2.697129753542647 -0.18584702020216673
v -0.3594802538291322 -2.8365704685204047 -0.24982410971406183
v -0.3686694469087305 -2.9912369369678817 -0.2685962130836807
v -0.4143153686674842 -3.137582591118978 -0.23930544774253967
v -0.4894688412989343 -3.253327631755847 -0.16641106719237853
v -0.5826884298628683 -3.3208509256729313 -0.061010580082754014
v -0.679782297038102 -3.3298726634715385 0.060849744881688386
v -0.7659687817053036 -3.2790193673540884 0.18061777789170896
v -0.8281267728563209 -3.1760329906681846 0.2800599216214549
v -0.8567932798020041 -3.036592275690427 0.34403701113334995
v -0.8476040867224058 -2.8819258072429497 0.3628091145029689
v -0.801958164963652 -2.7355801530918535 0.3335183491618278
v -0.726804692332202 -2.6198351124549846 0.2606239686116667
v -0.6335851037682682 -2.5523118185379006 0.15522348150204235
v -0.5364912365930344 -2.543290080739293 0.033363156537599796
v -0.4287621884699795 -2.554722675623453 0.11708376935754927
v -0.33992945449885215 -2.6058146962980775 -0.0006315669202140578
v -0.27049951906306824 -2.7094435782246644 -0.0944350236391249
v -0.23104246044879387 -2.8498327635280454 -0.15004587484418178
v -0.2275652581509253 -3.005609271376914 -0.15899787255303616
v -0.2605972846983956 -3.15305754056884 -0.11992815626457642
v -0.32510971348541884 -3.2697299087412417 -0.03878473611586036
v -0.4112811120357938 -3.337864065477522 0.07207903774240533
v -0.5059926660658992 -3.3470872030522507 0.19578516072291227
v -0.5948254000370266 -3.2959951823776263 0.3135004970006756
v -0.6642553354728105 -3.1923663004510394 0.4073039537195865
v -0.7037123940870847 -3.051977115147659 0.4629148049246432
v -0.7071895963849534 -2.89620060729879 0.47186680263349773
v -0.674157569837483 -2.748752338106864 0.4327970863450379
v -0.6096451410504599 -2.632079969934462 0.35165366619632193
v -0.5234737425000849 -2.563945813198182 0.24078989233805645
v -0.42876218846997954 -2.554722675623453 0.11708376935754936
v -0.32014505274964106 -2.5519513080817733 0.19919836757691584
v -0.228510502226822 -2.60294819432989 0.08360867798538786
v -0.15161335586626168 -2.706271223139606 -0.004537395072788747
v -0.10116050712698763 -2.8461904000002303 -0.05182041102064877
v -0.08483294487334175 -3.0014042986052294 -0.05104195930173733
v -0.10511639244872115 -3.1482830099094867 -0.002320552133576348
v -0.15892287882968445 -3.2644655815757626 0.0869264179031374
v -0.2380608542217437 -3.3322642702655014 0.2031119086461124
v -0.3304822792589911 -3.341357340222334 0.32854773235382684
v -0.4221168297818102 -3.2903604539742175 0.4441374219453548
v -0.49901397614237053 -3.1870374251645015 0.5322834950035314
v -0.5494668248816446 -3.0471182483038772 0.5795665109513914
v -0.5657943871352904 -2.891904349698878 0.5787880592324801
v -0.545510939559911 -2.7450256383946208 0.530066652064319
v -0.49170445317894773 -2.6288430667283453 0.44081968202760535
v -0.41256647778688865 -2.561044378038606 0.32463419128463056
v -0.3201450527496411 -2.5519513080817733 0.19919836757691592
v -0.21228869201745665 -2.535171636254426 0.278604647865781
v -0.11773633212461905 -2.58571897124663 0.16518786004197836
v -0.033266258397207954 -2.6877658018628647 0.08266634404732656
v 0.02826172616290351 -2.82577642319863 0.04360325263260589
v 0.05748054365900723 -2.978739969224955 0.053945587357902225
v 0.049941893996561626 -3.1233691266773285 0.11211882151478691
v 0.006793468248644685 -3.237645417400204 0.20926660754455503
v -0.06539577690607667 -3.304171312048178 0.3305990756710478
v -0.15563568328993302 -3.3128188462198347 0.457644457503569
v -0.2501880431827706 -3.2622715112276306 0.5710612453273717
v -0.33465811691018177 -3.160224680611396 0.6535827613220235
v -0.3961861014702931 -3.0222140592756306 0.6926458527367441
v -0.4254049189663969 -2.869250513249306 0.6823035180114478
v -0.4178662693039513 -2.7246213557969323 0.624130283854563
v -0.3747178435560344 -2.610345065074057 0.526982497824795
v -0.3025285984013132 -2.5438191704260826 0.4056500296983025
v -0.2122886920174567 -2.535171636254426 0.27860464786578104
v -0.10679854572442785 -2.504865990914541 0.3542548479287889
v -0.009260481678501756 -2.554594542855963 0.24302559467061782
v 0.08279146759800468 -2.6543822471920717 0.16603597008319032
v 0.15534322728074154 -2.789037330515488 0.13500694659725743
v 0.19734944964135132 -2.9380597770415906 0.1546624117597542
v 0.2024150681127852 -3.0787622701786224 0.22200999917692577
v 0.16976888820271313 -3.1897241308177473 0.326796649171908
v 0.10438099486408572 -3.254052421548429 0.45306954417631246
v 0.01620610211497989 -3.26195374324433 0.5816047805923622
v -0.0813319619309462 -3.2122251913029083 0.6928340338505333
v -0.17338391120745267 -3.1124374869667997 0.7698236584379607
v -0.24593567089018942 -2.977782403643384 0.8008526819238936
v -0.28794189325079933 -2.828759957117281 0.781197216761397
v -0.29300751172223316 -2.688057463980249 0.7138496293442254
v -0.26036133181216115 -2.5770956033411245 0.6090629793492432
v -0.19497343847353382 -2.512767312610442 0.48279008434483894
v -0.1067985457244279 -2.504865990914541 0.354254847928789
v -0.005193962142157074 -2.461787400250134 0.4251779032516315
v 0.0953407703322607 -2.510321578796914 0.316110260591332
v 0.19487984351133078 -2.606867067847067 0.24448979528212877
v 0.27826933582748514 -2.7367256918797445 0.22122007392621312
v 0.3328139530032195 -2.88012765255733 0.2498437006594741
v 0.3502097715217142 -3.015241301308672 0.3260029877855949
v 0.327808435707016 -3.1214968099196536 0.43810337422528084
v 0.269020345868298 -3.1827177404128375 0.5690785923356232
v 0.18279545576814335 -3.189583761089754 0.6989888524526312
v 0.08226072329372558 -3.141049582542974 0.8080564951129307
v -0.017278349885344546 -3.0445040934928214 0.879676960422134
v -0.10066784220149881 -2.914645469460144 0.9029466817780495
v -0.15521245937723324 -2.7712435087825584 0.8743230550447887
v -0.17260827789572794 -2.6361298600312164 0.7981637679186677
v -0.1502069420810298 -2.5298743514202346 0.6860633814789818
v -0.09141885224231183 -2.4686534209270508 0.5550881633686398
v -0.005193962142157134 -2.461787400250134 0.4251779032516316
v 0.09113043717703367 -2.4069346789571147 0.4905016011975414
v 0.19460666874311572 -2.4539042027462736 0.38351990681812687
v 0.30142798184996944 -2.546240360896266 0.3170233613393175
v 0.39533179991469114 -2.6698858103581133 0.30113546101757643
v 0.4620221178771573 -2.8060166523000407 0.3382749946527134
v 0.49134593937682025 -2.933908200065544 0.4227878049194897
v 0.47883897841146017 -3.034090124847093 0.5418075825653215
v 0.42640530641216956 -3.0913106367481067 0.6772146453606018
v 0.3420274746284203 -3.0968584315368877 0.8083944954628304
v 0.23855124306233824 -3.0498889077477287 0.9153761898422449
v 0.13172992995548444 -2.9575527495977365 0.9818727353210542
v 0.03782611189076293 -2.833907300135889 0.9977606356427954
v -0.028864206071703313 -2.6977764581939616 0.9606211020076584
v -0.05818802757136629 -2.5698849104284585 0.876108291740882
v -0.04568106660600621 -2.4697029856469093 0.7570885140950503
v 0.006752605393284233 -2.4124824737458956 0.62168145129977
v 0.09113043717703362 -2.4069346789571147 0.49050160119754144
v 0.18093745931723296 -2.3415187626448946 0.5494748155300553
v 0.28722416209326274 -2.38657423526952 0.44444295942934764
v 0.4010070269371972 -2.4737706708234217 0.38272755704882844
v 0.5049636441207856 -2.5898332024311754 0.37372421894941604
v 0.5832675610469082 -2.7170923617649687 0.41880362174128277
v 0.6239977161903372 -2.8361740954233836 0.511102834995171
v 0.6209533126502613 -2.928949288935531 0.6365701401876275
v 0.5745978332680705 -2.981293760098409 0.7761042774670551
v 0.4919884795662361 -2.9852385376812824 0.9084624393127649
v 0.38570177679020634 -2.940183065056657 1.0134942954134725
v 0.27191891194627177 -2.8529866295027553 1.0752096977939918
v 0.16796229476268346 -2.736924097895002 1.0842130358934043
v 0.0896583778365608 -2.6096649385612083 1.0391336331015375
v 0.04892822269313174 -2.4905832049027934 0.9468344198476493
v 0.051972626233207614 -2.397808011390646 0.8213671146551927
v 0.09832810561539841 -2.345463540227768 0.6818329773757654
v 0.1809374593172329 -2.3415187626448946 0.5494748155300554
v 0.2631721166516397 -2.2669205565352453 0.6014900253183761
v 0.3720518397048762 -2.309753930840026 0.49819889525434163
v 0.49235512420947514 -2.3909435386630387 0.44080623966724386
v 0.605766885651601 -2.498128998198856 0.43804957010449996
v 0.6950212114318678 -2.614992294871761 0.4903485645177659
v 0.7465299395427077 -2.723742051131726 0.5897411750991868
v 0.7524513330570287 -2.807822102407167 0.721095777884
v 0.7118839134898409 -2.85443202307896 0.864414825330657
v 0.631003702725675 -2.8564758752448087 0.9978792916558048
v 0.5221239796724384 -2.813642500940028 1.1011704217198393
v 0.40182069516783947 -2.7324528931170153 1.158563077306937
v 0.28840893372571375 -2.625267433581198 1.161319746869681
v 0.19915460794544687 -2.508404136908293 1.109020752456415
v 0.1476458798346068 -2.3996543806483275 1.009628141874994
v 0.14172448632028595 -2.315574329372887 0.878273539090181
v 0.18229190588747352 -2.268964408701094 0.7349544916435241
v 0.26317211665163964 -2.2669205565352453 0.6014900253183763
v 0.3369764238202594 -2.184640566900677 0.6461065479680888
v 0.4481332705577541 -2.225011887055844 0.544259301914529
v 0.5743919851741264 -2.2994248415802523 0.4905936818327853
v 0.696530822907132 -2.3965507327026727 0.4932797919002459
v 0.7959552529032417 -2.5016030239481126 0.5519086962087882
v 0.8575288069802501 -2.5985884562758454 0.6575546755497776
v 0.8718774696955904 -2.6727418767891065 0.7941340872517363
v 0.8368167872218035 -2.7127740994171834 0.9408539539784909
v 0.7576844306396452 -2.712590581157953 1.075377506039797
v 0.6465275839021506 -2.6722192610027857 1.1772247520933568
v 0.5202688692857782 -2.5978063064783776 1.2308903721751003
v 0.3981300315527728 -2.500680415355957 1.2282042621076399
v 0.2987056015566629 -2.3956281241105173 1.1695753577990975
v 0.2371320474796545 -2.2986426917827845 1.0639293784581079
v 0.2227833847643142 -2.2244892712695234 0.9273499667561496
v 0.25784406723810105 -2.1844570486414465 0.7806301000293951
v 0.33697642382025933 -2.184640566900677 0.6461065479680889
v 0.4016921982443733 -2.096240383378366 0.6830753153770184
v 0.5146971925033637 -2.1340127951438355 0.5822702273192542
v 0.6462202346024479 -2.201020226872073 0.5315726624213584
v 0.7762381336413863 -2.2870614045063347 0.5387008653644654
v 0.88495684310669 -2.379037338717022 0.6025696318678078
v 0.955824925019822 -2.462945527284478 0.7134555212030615
v 0.9780533563302702 -2.5260117091289294 0.8544771619020244
v 0.9482580598722505 -2.558634629760923 1.0041652875326357
v 0.8709750994364616 -2.555847745241748 1.1397312378938724
v 0.7579701051774712 -2.518075333476278 1.2405363259516367
v 0.6264470630783868 -2.451067901748041 1.2912338908495324
v 0.49642916403944876 -2.3650267241137795 1.2841056879064254
v 0.3877104545741449 -2.273050789903092 1.220236921403083
v 0.3168423726610129 -2.1891426013356363 1.109351032067829
v 0.2946139413505647 -2.1260764194911843 0.9683293913688664
v 0.3244092378085842 -2.093453498859191 0.8186412657382552
v 0.40169219824437324 -2.096240383378366 0.6830753153770185
v 0.4568501589934865 -2.0032754500355687 0.7123666750687085
v 0.571141908580644 -2.0384613458620193 0.6120776013488616
v 0.7071102679663827 -2.097631935180865 0.5633949945780714
v 0.8440552869904709 -2.1717790321510386 0.5737303403282616
v 0.9611283279161804 -2.2496144134039397 0.6415101758991083
v 1.0405060815323302 -2.3192883477233015 0.7564156357506893
v 1.0701040044119898 -2.3701936102047894 0.9009534052411889
v 1.0454160811025706 -2.39458033609295 1.0531189192038217
v 0.9702008241313489 -2.3887358674375307 1.1897463575215959
v 0.8559090745441915 -2.35354997161108 1.2900354312414428
v 0.7199407151584528 -2.2943793822922345 1.338718038012233
v 0.5829956961343646 -2.220232285322061 1.3283826922620428
v 0.4659226552086551 -2.1423969040691597 1.2606028566911962
v 0.3865449015925053 -2.072722969749798 1.1456973968396151
v 0.35694697871284564 -2.02181770726831 1.0011596273491155
v 0.38163490202226485 -1.99743098138015 0.848994113386483
v 0.45685015899348647 -2.0032754500355687 0.7123666750687087
v 0.5021446183339687 -1.9072170531291253 0.7342036239823764
v 0.6170015690276596 -1.9400394444203728 0.633759006885891
v 0.7564649672022126 -1.99121368606173 0.5859081222710136
v 0.8993027747244048 -2.0529489636589555 0.5979358335510097
v 1.023769230226932 -2.1158466408295564 0.6680110307149744
v 1.1109154441507627 -2.170331116393173 0.785465400227938
v 1.147474195408391 -2.2081076228482446 0.9324175790580629
v 1.1278797455267475 -2.2234250295318714 1.086495430103281
v 1.0551151718761824 -2.2139514001291074 1.2242419972611556
v 0.9402582211824918 -2.18112900883786 1.324686614357641
v 0.8007948230079387 -2.129954767196503 1.3725374989725185
v 0.6579570154857467 -2.0682194895992776 1.3605097876925223
v 0.5334905599832195 -2.0053218124286762 1.2904345905285575
v 0.4463443460593885 -1.9508373368650598 1.1729802210155937
v 0.40978559480176047 -1.9130608304099879 1.026028042185469
v 0.4293800446834037 -1.8977434237263613 0.8719501911402512
v 0.5021446183339686 -1.9072170531291253 0.7342036239823765
v 0.5373957369805177 -1.8093582555838994 0.7491037620589335
v 0.6518936248247282 -1.8403329716358205 0.6476673275735588
v 0.7937609425890546 -1.883722116817343 0.599194697903191
v 0.9413996771743163 -1.932920087098161 0.6110653915096612
v 1.0723331695883687 -1.980436937483731 0.68147220289949
v 1.1666279825262367 -2.0190386582441713 0.7996963332779102
v 1.2099285855027377 -2.0428484873191746 0.9477392304992183
v 1.1956428542356432 -2.04824159406871 1.1030627054736752
v 1.1259456618098915 -2.0343969268787956 1.2420201671472264
v 1.011447773965681 -2.003422210826874 1.343456601632601
v 0.8695804562013547 -1.9600330656453517 1.391929231302969
v 0.7219417216160934 -1.9108350953645339 1.3800585376964989
v 0.5910082292020408 -1.863318244978964 1.30965172630667
v 0.49671341626417265 -1.824716524218524 1.1914275959282496
v 0.45341281328767147 -1.8009066951435204 1.0433846987069417
v 0.46769854455476595 -1.7955135883939848 0.8880612237324851
v 0.5373957369805176 -1.8093582555838994 0.7491037620589336
v 0.5625079920435011 -1.710692412447026 0.7579325123871571
v 0.675451990667648 -1.7407378465549341 0.6544942474150284
v 0.8184660227308671 -1.7770573885366796 0.6036373196701774
v 0.9697774982769624 -1.8141217173630095 0.6131042353825594
v 1.1063506167959822 -1.8462881249590923 0.6814537424527692
v 1.2073933590318082 -1.868659567357636 0.7982802480191916
v 1.257522883433775 -1.8778301952510923 0.945797975644249
v 1.2491074243369538 -1.872403863674631 1.1015486885485575
v 1.1834281591025082 -1.8532066824209508 1.2418207525761638
v 1.0704841604783615 -1.8231612483130428 1.3452590175482926
v 0.9274701284151423 -1.7868417063312971 1.3961159452931435
v 0.7761586528690473 -1.7497773775049672 1.3866490295807614
v 0.6395855343500273 -1.7176109699088844 1.3182995225105518
v 0.5385427921142012 -1.6952395275103407 1.2014730169441292
v 0.48841326771223437 -1.6860688996168844 1.053955289319072
v 0.49682872680905577 -1.6914952311933455 0.8982045764147639
v 0.562507992043501 -1.710692412447026 0.7579325123871572
v 0.5774492836412446 -1.611743095850781 0.7619622379950702
v 0.6872653496423844 -1.6423222978321417 0.6553606730412446
v 0.8299444868367984 -1.6729716391079026 0.6000268562091506
v 0.983765089976237 -1.6990250353057996 0.6043848595091761
v 1.1253093666199598 -1.7165160930293275 0.6677712164442902
v 1.2330284837510233 -1.7227819572969125 0.7805359287698783
v 1.2905231822624514 -1.7168687070740156 0.9255115912490326
v 1.289040415496619 -1.699676581103326 1.0806269734769547
v 1.22880592125231 -1.6738229247168717 1.2222671646338845
v 1.1189898552511701 -1.643243722735511 1.3288687295877102
v 0.9763107180567558 -1.61259438145975 1.3842025464198042
v 0.8224901149173178 -1.586540985261853 1.3798445431197788
v 0.6809458382735948 -1.5690499275383252 1.3164581861846647
v 0.573226721142531 -1.5627840632707402 1.2036934738590763
v 0.5157320226311031 -1.568697313493637 1.0587178113799223
v 0.5172147893969354 -1.5858894394643266 0.9036024291520006
v 0.5774492836412446 -1.611743095850781 0.7619622379950703
v 0.5823090673360595 -1.5123150438622561 0.7629002151296815
v 0.6868778916468952 -1.5456016945731155 0.6519231478450795
v 0.827397555671308 -1.5728951891660343 0.5897311968243836
v 0.9824752143755078 -1.590040340505386 0.5857925228390546
v 1.1285017000042568 -1.5944269547209375 0.6407067532991907
v 1.2432458038539667 -1.5853872095631283 0.7461136944159745
v 1.3092387762714104 -1.5642973242867408 0.8859660949206765
v 1.3164337854338168 -1.534368042744819 1.0389726946016233
v 1.2637354564191305 -1.5001558267425077 1.1818396256656707
v 1.159166632108295 -1.4668691760316483 1.2928166929502727
v 1.0186469680838819 -1.4395756814387295 1.3550086439709688
v 0.8635693093796823 -1.4224305300993778 1.3589473179562974
v 0.7175428237509331 -1.4180439158838263 1.3040330874961614
v 0.6027987199012232 -1.4270836610416355 1.1986261463793775
v 0.5368057474837796 -1.448173546318023 1.0587737458746758
v 0.529610738321373 -1.4781028278599448 0.9057671461937291
v 0.5823090673360595 -1.5123150438622561 0.7629002151296816
v 0.5775517198600978 -1.411154866285613 0.7627531727769424
v 0.6739905571482835 -1.4501690204156807 0.6464088732328461
v 0.8099781249698819 -1.4775867655133883 0.5748952504179478
v 0.9648115488544267 -1.4892339984300877 0.5590996051332106
v 1.1149188435839787 -1.483337533536641 0.6014266811853548
v 1.2374475342619788 -1.460795054161488 0.6954325649413412
v 1.3137437384580481 -1.4250384484414114 0.8268057127647792
v 1.3321920507101488 -1.3815113354628548 0.9755457538001009
v 1.2899838827122654 -1.3368403236025415 1.1190083651315084
v 1.1935450454240797 -1.2978261694724738 1.2353526646756046
v 1.0575574776024812 -1.2704084243747662 1.306866287490503
v 0.9027240537179365 -1.2587611914580668 1.32266193277524
v 0.7526167589883843 -1.2646576563515135 1.2803348567230959
v 0.6300880683103842 -1.2872001357266665 1.1863289729671094
v 0.5537918641143148 -1.3229567414467431 1.0549558251436715
v 0.5353435518622142 -1.3664838544252997 0.90621578410835
v 0.5775517198600978 -1.411154866285613 0.7627531727769425
v 0.5646138817418132 -1.3056557964078106 0.7631857632698126
v 0.6491084204534883 -1.354202352479912 0.6412740968148428
v 0.7773849636414811 -1.386513076560401 0.5584508200532844
v 0.9299145704351798 -1.3976689538054665 0.5273250260772111
v 1.0834759908845721 -1.3859716030328264 0.552635334863455
v 1.2146908907639808 -1.353201839860866 0.6305284813378309
v 1.3035829910327956 -1.3043485636738736 0.7491459400527464
v 1.3366192752339847 -1.2468492429152673 0.8904292781887962
v 1.3087702685725793 -1.1894576279379043 1.0328693882514164
v 1.2242757298609044 -1.1409110718658029 1.1547810547063861
v 1.095999186672911 -1.108600347785314 1.2376043314679446
v 0.9434695798792128 -1.0974444705402482 1.268730125444018
v 0.7899081594298205 -1.1091418213128885 1.2434198166577741
v 0.6586932595504114 -1.1419115844848489 1.1655266701833982
v 0.5698011592815969 -1.1907648606718413 1.0469092114684828
v 0.5367648750804076 -1.2482641814304476 0.9056258733324332
v 0.5646138817418132 -1.3056557964078106 0.7631857632698127
v 0.5467475130096079 -1.192192075645752 0.763839639989167
v 0.6147744015229349 -1.2542714915484823 0.6378355203868326
v 0.7312937919082814 -1.2971523135499035 0.5432679976049708
v 0.8785666632303821 -1.3143063252159182 0.49453411973039163
v 1.0341720558623506 -1.3031219837718784 0.4990531778957967
v 1.1744204593423664 -1.265302003816332 0.5561371864608673
v 1.27796032559554 -1.206604134458539 0.6570956225893976
v 1.3290286485760514 -1.135964594210712 0.7865584795713214
v 1.3198507390456178 -1.064137612726556 0.924816211014862
v 1.2518238505322905 -1.0020581968238258 1.0508203306171964
v 1.1353044601469442 -0.9591773748224047 1.1453878533990582
v 0.9880315888248434 -0.94202336315639 1.1941217312736372
v 0.832426196192875 -0.9532077046004296 1.1896026731082323
v 0.6921777927128592 -0.9910276845559761 1.1325186645431617
v 0.5886379264596855 -1.049725553913769 1.0315602284146315
v 0.5375696034791743 -1.120365094161596 0.9020973714327077
v 0.5467475130096079 -1.192192075645752 0.7638396399891672
v 0.5290774746000297 -1.0681888080222735 0.7598244150436053
v 0.5765645992733949 -1.1466408744514545 0.6335358729677864
v 0.6771327023709828 -1.2053278664278317 0.5296106921476126
v 0.8154712018483103 -1.2353152214219092 0.46387053927884564
v 0.9705193152015751 -1.2320376364718884 0.4463237566997852
v 1.1186723726873897 -1.1959940941750282 0.47964168299611326
v 1.2373754143143498 -1.1326718971105014 0.5587519659169679
v 1.3085569780405024 -1.0517112757642364 0.6716107820241491
v 1.321380316051023 -0.9654377508263414 0.8010363996330547
v 1.2738931913776579 -0.8869856843971605 0.9273249417088736
v 1.1733250882800699 -0.8282986924207831 1.0312501225290474
v 1.0349865888027425 -0.7983113374267057 1.0969902753978142
v 0.8799384754494777 -0.8015889223767265 1.1145370579768747
v 0.7317854179636626 -0.8376324646735865 1.0812191316805468
v 0.6130823763367027 -0.9009546617381132 1.002108848759692
v 0.5419008126105501 -0.9819152830843785 0.8892500326525111
v 0.5290774746000297 -1.0681888080222735 0.7598244150436054
v 0.5162592788645706 -0.9357247792479695 0.7413070119720185
v 0.5415872185096912 -1.0307652794046496 0.6201280187442753
v 0.6236441411417963 -1.1080618371872217 0.5121907536339232
v 0.7499376241380041 -1.1558467523683305 0.4339276868002686
v 0.9012406295654161 -1.1668452047829867 0.3972536607122681
v 1.0545186464128684 -1.1393827797522786 0.4077519633909452
v 1.186436486084019 -1.0776403825396283 0.46382432342082214
v 1.27691085332713 -0.9910177334244379 0.5569342322845596
v 1.312167845881619 -0.892702345498225 0.6729065504010793
v 1.2868399062364986 -0.7976618453415449 0.7940855436288226
v 1.204782983604393 -0.7203652875589728 0.9020228087391746
v 1.0784895006081856 -0.6725803723778642 0.9802858755728291
v 0.9271864951807737 -0.6615819199632078 1.0169599016608297
v 0.7739084783333212 -0.689044344993916 1.0064615989821526
v 0.6419906386621707 -0.7507867422065659 0.9503892389522756
v 0.5515162714190597 -0.8374093913217564 0.8572793300885383
v 0.5162592788645706 -0.9357247792479694 0.7413070119720186
v 0.509227752880268 -0.8025723448845586 0.6985462746704156
v 0.5143822090018941 -0.9117623512684473 0.5871482330163325
v 0.57855276982076 -1.0071019715147986 0.4815497219858165
v 0.6919700491597758 -1.0740766126969152 0.3978271576303775
v 0.8373672943697739 -1.102489992821454 0.34872654142619536
v 0.9926090928968417 -1.0880164323323864 0.3417229970921624
v 1.1340612881856418 -1.03285939961102 0.37788275076584776
v 1.240189065770797 -0.9454160528894365 0.4517008077394162
v 1.2948354335656673 -0.8389988490300849 0.5519390380009945
v 1.2896809774440414 -0.7298088426461963 0.6633370796550777
v 1.2255104166251753 -0.6344692223998449 0.7689355906855937
v 1.1120931372861598 -0.5674945812177286 0.8526581550410326
v 0.9666958920761616 -0.5390812010931896 0.9017587712452149
v 0.8114540935490933 -0.5535547615822574 0.9087623155792477
v 0.6700018982602935 -0.6087117943036235 0.8726025619055624
v 0.5638741206751384 -0.6961551410252069 0.7987845049319942
v 0.509227752880268 -0.8025723448845585 0.6985462746704157
v 0.5057099883789127 -0.6778626878340084 0.6280798423107984
v 0.4952084417262504 -0.7976751744561413 0.5286150989908087
v 0.5448804589415578 -0.9081976041041924 0.4302482710108335
v 0.6471639256817618 -0.9926039387525656 0.3479548162333078
v 0.7864871113376012 -1.038044079096375 0.29426316715608475
v 0.9416393238607973 -1.0376001756841735 0.27734739063516056
v 1.0890000453530024 -0.9913398087864744 0.29978276030395
v 1.2061349417952953 -0.9063056999121822 0.35815369450751233
v 1.2752112870348171 -0.7954435213012914 0.4435737476471914
v 1.2857128336874795 -0.6756310346791585 0.543038490967181
v 1.236040816472172 -0.5651086050311074 0.6414053189471562
v 1.1337573497319682 -0.4807022703827343 0.7236987737246817
v 0.9944341640761287 -0.4352621300389248 0.7773904228019051
v 0.8392819515529323 -0.4357060334511263 0.7943061993228291
v 0.6919212300607274 -0.48196640034882543 0.7718708296540397
v 0.5747863336184347 -0.5670005092231174 0.7134998954504775
v 0.5057099883789127 -0.6778626878340083 0.6280798423107985
v 0.5037947738379775 -0.567354742445856 0.5329519386387265
v 0.4826286338033309 -0.6946506824949612 0.44516647424150063
v 0.5221460056926648 -0.8169220397026385 0.3565852001372021
v 0.6163307278616967 -0.9155541083266325 0.2806938123169609
v 0.750844030146824 -0.9755310500208685 0.22904608661926507
v 0.9052074816412576 -0.9877219191047295 0.20950492109378954
v 1.0559206461631425 -0.9502707662707011 0.22504528105068125
v 1.18003881063226 -0.8688791900422181 0.2733012875602173
v 1.2586661096421499 -0.7559383200835914 0.3469264010731092
v 1.2798322496767969 -0.6286423800344864 0.434711865470335
v 1.2403148777874624 -0.5063710228268089 0.5232931395746335
v 1.146130155618431 -0.40773895420281514 0.5991845273948746
v 1.0116168533333034 -0.34776201250857897 0.6508322530925705
v 0.8572534018388696 -0.335571143424718 0.6703734186180461
v 0.706540237316985 -0.37302229625874644 0.6548330586611544
v 0.5824220728478675 -0.4544138724872292 0.6065770521516184
v 0.5037947738379775 -0.5673547424458559 0.5329519386387265
v 0.5037845079107245 -0.4726700971547431 0.41893413748480113
v 0.47610599348019855 -0.6051630929217484 0.3412292115920899
v 0.5093042060980615 -0.7361565492786337 0.26314500917544104
v 0.5983250188357905 -0.845707899953702 0.1965691422177318
v 0.7296158199297433 -0.9171389448921413 0.15163718295153655
v 0.8831887750674412 -0.9395749550261088 0.13518961486590853
v 1.0356637939714748 -0.9096002511956462 0.14973043110430861
v 1.1638279372031928 -0.8317782103375748 0.1930459242072678
v 1.2481693757664183 -0.7179565327139787 0.2585417030057834
v 1.2758478901969446 -0.5854635369469735 0.33624662889849455
v 1.2426496775790814 -0.45447008059008814 0.4143308313151435
v 1.1536288648413526 -0.3449187299150199 0.4809066982728526
v 1.0223380637473998 -0.2734876849765805 0.5258386575390479
v 0.8687651086097016 -0.25105167484261304 0.542286225624676
v 0.7162900897056683 -0.28102637867307556 0.5277454093862759
v 0.5881259464739501 -0.3588484195311468 0.48442991628331683
v 0.5037845079107245 -0.47267009715474306 0.4189341374848012
v 0.5076739836653861 -0.392752837439341 0.2917633073318159
v 0.4764428781280868 -0.5288509040960601 0.22204613659454642
v 0.5060709696254453 -0.6661797378608394 0.15406439487356677
v 0.592047649806307 -0.7838322686819695 0.09816768608987272
v 0.7212837484936823 -0.863896965264781 0.06286577745085495
v 0.8741042411905702 -0.8941847033428229 0.053533064534205116
v 1.0272435932050856 -0.8700844493527424 0.0715903682802299
v 1.1573877264047012 -0.795265248495183 0.11428862788346311
v 1.244723376269281 -0.6811176458629633 0.17512742037999965
v 1.2759544818065804 -0.5450195792062443 0.24484459111726914
v 1.2463263903092219 -0.40769074544146494 0.31282633283824884
v 1.1603497101283604 -0.29003821462033497 0.36872304162194275
v 1.031113611440985 -0.20997351803752323 0.40402495026096064
v 0.8782931187440969 -0.17968577995948143 0.4133576631776104
v 0.7251537667295817 -0.2037860339495619 0.39530035943158565
v 0.595009633529966 -0.2786052348071212 0.3526020998283525
v 0.5076739836653861 -0.3927528374393409 0.29176330733181594
v 0.5180835311829359 -0.32518794594396294 0.15633411574820485
v 0.4851734686018375 -0.46370896552417573 0.09240130326701719
v 0.5128618675442774 -0.6055554569517787 0.03348207864490001
v 0.5969334202672305 -0.729132577748566 -0.011453640273530574
v 0.7245889949791506 -0.8156268315026163 -0.03556479762624987
v 0.8763941876308143 -0.8518702521522381 -0.035180688274491986
v 1.0292380337585036 -0.832345107450953 -0.010359789385102194
v 1.1598514433221936 -0.7600239236836541 0.035119142188018704
v 1.2483497087293185 -0.6459169454857493 0.09433235138040437
v 1.2812597713104168 -0.5073959259055365 0.15826516386159203
v 1.253571372367977 -0.36554943447793353 0.21718438848370925
v 1.1694998196450241 -0.24197231368114647 0.26212010740213976
v 1.0418442449331038 -0.15547805992709607 0.2862312647548591
v 0.8900390522814401 -0.11923463927747413 0.28584715540310124
v 0.7371952061537508 -0.13875978397875924 0.2610262565137114
v 0.606581796590061 -0.21108096774605797 0.21554732494059062
v 0.5180835311829359 -0.3251879459439629 0.15633411574820488
v 0.5375451976653689 -0.26687115720667315 0.01682211274355145
v 0.503948819972795 -0.4068102579452084 -0.04356729929876135
v 0.5303642268985476 -0.5518011979633168 -0.09493268828785033
v 0.6127699121944408 -0.6797704209893857 -0.12945413937853745
v 0.7386203572835726 -0.7712357728615913 -0.14187607457999893
v 0.8887559727382479 -0.8122724828928699 -0.1303073668629353
v 1.0403199720882357 -0.796633083979662 -0.0965092471066729
v 1.1702381103635762 -0.7266985328349994 -0.04562717266338413
v 1.2587315287227043 -0.6131157309123723 0.014592521880093683
v 1.2923279064152784 -0.473176630173837 0.07498193392240647
v 1.2659124994895257 -0.3281856901557285 0.12634732291149547
v 1.1835068141936327 -0.20021646712965985 0.16086877400218255
v 1.057656369104501 -0.10875111525745407 0.17329070920364406
v 0.9075207536498253 -0.06771440522617544 0.16172200148658042
v 0.7559567542998376 -0.08335380413938331 0.12792388173031805
v 0.6260386160244974 -0.15328835528404575 0.07704180728702938
v 0.5375451976653689 -0.2668711572066731 0.016822112743551488
v 0.568161680440054 -0.2142824850357587 -0.1229682398993915
v 0.5341622011221931 -0.3546311558274497 -0.18216989198367153
v 0.5591812726868689 -0.5017209473121419 -0.2279649669963804
v 0.639409968286808 -0.6331587721085712 -0.2533815799002219
v 0.7626341962918565 -0.7289344128783298 -0.25455028178275596
v 0.9100941850186537 -0.7744668965225678 -0.23129314837667558
v 1.059340487911672 -0.7628243151594418 -0.1871508674166173
v 1.1876517082765534 -0.6957791462612251 -0.1288437010279766
v 1.2754936259568543 -0.5835384090267013 -0.06524838673764449
v 1.3094931052747152 -0.4431897382350104 -0.006046734653364458
v 1.2844740337100393 -0.29609994675031814 0.03974834035934442
v 1.2042453381101006 -0.16466212195388913 0.0651649532631859
v 1.081021110105052 -0.06888648118413027 0.06633365514571996
v 0.9335611213782544 -0.023353997539892313 0.04307652173963958
v 0.7843148184852364 -0.03499657890301827 -0.0010657592204186689
v 0.6560035981203549 -0.10204174780123487 -0.05937292560905929
v 0.568161680440054 -0.2142824850357586 -0.12296823989939146
v 0.6114767494288248 -0.1636214073071186 -0.2592438562381859
v 0.5767644851316873 -0.3031872808090003 -0.31986543042931603
v 0.5996168694792688 -0.45152706988617475 -0.3626629198715489
v 0.6765548341120298 -0.5860573863551788 -0.3811207947575125
v 0.7958652713590185 -0.6862972090539623 -0.37242901095687125
v 0.9393842487011878 -0.7369859336528907 -0.33791081376205656
v 1.0852623028409618 -0.7304066613262101 -0.2828212857877421
v 1.2112908224234138 -0.6675610266444054 -0.21554730828020266
v 1.2982831077934902 -0.5580167077906842 -0.14633073447483638
v 1.3329953720906276 -0.4184508342888026 -0.08570916028370625
v 1.310142987743046 -0.27011104521162804 -0.042911670841473334
v 1.2332050231102851 -0.13558072874262417 -0.02445379595550981
v 1.1138945858632965 -0.0353409060438406 -0.03314557975615101
v 0.9703756085211269 0.015347818555087933 -0.06766377695096576
v 0.8244975543813531 0.008768546228407226 -0.12275330492528014
v 0.6984690347989014 -0.05407708845339734 -0.19002728243281952
v 0.6114767494288248 -0.16362140730711852 -0.25924385623818585
v 0.6684445306595491 -0.11098215295692998 -0.38786395132436435
v 0.6321985250494471 -0.24814830741224675 -0.452904113882901
v 0.6515822721019159 -0.396883715641695 -0.4960387668363388
v 0.7236447720423219 -0.5345447600321744 -0.5107010502891194
v 0.8374151625029269 -0.6401737944757093 -0.49465876449948754
v 0.9755729328672617 -0.6976897560078532 -0.4503542020552318
v 1.117084815000663 -0.6983363608688269 -0.38453233096663153
v 1.2404069076567268 -0.6420151693300346 -0.3072139344301788
v 1.326764540146121 -0.5373005722503847 -0.23017003742553857
v 1.363010545756223 -0.4001344177950681 -0.16512987486700187
v 1.3436267987037542 -0.2513990095656198 -0.1219952219135641
v 1.2715642987633482 -0.11373796517514057 -0.10733293846078348
v 1.157793908302743 -0.008108930731605457 -0.12337522425041536
v 1.0196361379384082 0.04940703080053849 -0.1676797866946711
v 0.8781242558050071 0.050053635661512025 -0.23350165778327134
v 0.7548021631489433 -0.006267555877280104 -0.310820054319724
v 0.6684445306595491 -0.1109821529569299 -0.3878639513243643
v 0.7394275484053554 -0.05276324905252924 -0.5039879458096684
v 0.700410558361443 -0.1851321543508746 -0.5768899141947481
v 0.7146175300297885 -0.33304777958262277 -0.62461495337445
v 0.779885580760405 -0.47399131166472186 -0.6398973587622222
v 0.8862782414859096 -0.5865053754939722 -0.620410522673126
v 1.0175981940627155 -0.6534607247948987 -0.5691211392531174
v 1.1538531661293379 -0.6646640145881884 -0.49383755218847414
v 1.2742995733430316 -0.6184096455608876 -0.40602100516237205
v 1.3606005420549119 -0.5217394261005036 -0.319040771400554
v 1.3996175320988244 -0.3893705208021583 -0.24613880301547436
v 1.385410560430479 -0.24145489557041008 -0.19841376383577242
v 1.3201425096998625 -0.10051136348831125 -0.1831313584480003
v 1.2137498489743577 0.012002700340939199 -0.20261819453709645
v 1.0824298963975518 0.0789580496418659 -0.2539075779571051
v 0.9461749243309294 0.0901613394351555 -0.3291911650217483
v 0.8257285171172359 0.04390697040785489 -0.41700771204785025
v 0.7394275484053554 -0.05276324905252917 -0.5039879458096684
v 0.8241277767737649 0.013406584794683762 -0.6019195808161271
v 0.7808864497296013 -0.11052690934097037 -0.6863543264080674
v 0.7880269007302977 -0.2554688178692626 -0.7437947886979118
v 0.8444620608393476 -0.39935304911843317 -0.7654961780011188
v 0.9416001885161486 -0.5202745331946 -0.7481546545198591
v 1.0646528843812277 -0.5998240703031497 -0.6944103080028524
v 1.1948864909645924 -0.6258909645376548 -0.6124452280135989
v 1.312474122234509 -0.5945067675478968 -0.514737854965162
v 1.3995141272646647 -0.5104494388271121 -0.41616325068462384
v 1.4427554543088283 -0.386515944691458 -0.3317285050926835
v 1.4356150033081319 -0.2415740361631657 -0.274288042802839
v 1.3791798431990823 -0.09768980491399532 -0.25258665349963205
v 1.282041715522281 0.023231679162171726 -0.2699281769808918
v 1.158989019657202 0.10278121627072129 -0.32367252349789843
v 1.0287554130738372 0.12884811050522643 -0.40563760348715194
v 0.9111677818039208 0.09746391351546854 -0.5033449765355887
v 0.8241277767737649 0.013406584794683828 -0.601919580816127
v 0.9212496249189619 0.0870506460757168 -0.6758089465143994
v 0.872550488785141 -0.023265113547474986 -0.7748916236833474
v 0.8710295012831808 -0.16145680085625866 -0.8474126120395363
v 0.9169182189724688 -0.3064859841686369 -0.8823312485101326
v 1.0032305005670727 -0.43627328501812057 -0.8743314872307157
v 1.1168260836169952 -0.5310597633751879 -0.8246312193380607
v 1.2404110703494096 -0.5764150371515411 -0.7407968600847736
v 1.3551707668350008 -0.5654341770613113 -0.6355914307068085
v 1.4436340495830766 -0.49978891951149124 -0.5250315041373682
v 1.4923331857168975 -0.38947315988829934 -0.42594882696842007
v 1.4938541732188577 -0.2512814725795157 -0.35342783861223126
v 1.4479654555295696 -0.10625228926713762 -0.3185092021416351
v 1.3616531739349658 0.02353501158234622 -0.3265089634210518
v 1.2480575908850433 0.11832148993941358 -0.376209231313707
v 1.124472604152629 0.16367676371576675 -0.46004359056699395
v 1.009712907667038 0.15269590362553698 -0.5652490199449589
v 0.9212496249189619 0.08705064607571686 -0.6758089465143993
v 1.0277085103858368 0.16341867597902557 -0.7222563089872482
v 0.9732248133073638 0.07287183549879939 -0.8371098941646292
v 0.9625536362673532 -0.05302143861556968 -0.9287371778182076
v 0.9973195692356863 -0.19509503660554076 -0.9831887366151209
v 1.0722298140719015 -0.33171954107751356 -0.9921748143331486
v 1.1758799650627452 -0.44209510972984734 -0.9543273620987183
v 1.2924902263108202 -0.5094180627922458 -0.8754083114265134
v 1.4043077426157575 -0.5234390909450478 -0.7674323723784011
v 1.4943093107484398 -0.48202361975292607 -0.6468379028701317
v 1.548793007826913 -0.39147677927269997 -0.5319843176927507
v 1.5594641848669233 -0.26558350515833085 -0.44035703403917226
v 1.52469825189859 -0.12350990716836 -0.38590547524225904
v 1.449788007062375 0.013114597303613001 -0.3769193975242313
v 1.3461378560715311 0.1234901659559469 -0.4147668497586616
v 1.2295275948234563 0.1908131190183452 -0.49368590043086646
v 1.1177100785185192 0.20483414717114728 -0.6016618394789786
v 1.0277085103858368 0.16341867597902562 -0.7222563089872481
v 1.1379961041753976 0.23507690677558646 -0.7441495623684975
v 1.0788086753696748 0.16932721801582967 -0.872727850954677
v 1.060357872193549 0.061667076155810685 -0.9842061506960378
v 1.0854526621736387 -0.07151323814789892 -1.0616129010102615
v 1.150272591020312 -0.20993822932511483 -1.0931636258559463
v 1.244949412160782 -0.3325339472947757 -1.07405501338337
v 1.355069437823932 -0.4206363053289514 -1.0071961766214783
v 1.463867892343067 -0.4608325180668032 -0.9027657673904053
v 1.5547811972780938 -0.44700307649856885 -0.7766623688315646
v 1.6139686260838166 -0.3812533877388121 -0.6480840802453851
v 1.6324194292599425 -0.2735932458787931 -0.5366057805040243
v 1.6073246392798528 -0.14041293157508367 -0.4591990301898007
v 1.5425047104331795 -0.001987940397867635 -0.4276483053441157
v 1.4478278892927094 0.12060777757179335 -0.4467569178166922
v 1.3377078636295594 0.20871013560596896 -0.5136157545785837
v 1.2289094091104247 0.24890634834382075 -0.6180461638096566
v 1.1379961041753976 0.23507690677558649 -0.7441495623684974
v 1.2454652461255022 0.29751921524420444 -0.7509105684058219
v 1.1836873650031798 0.25803687753815485 -0.8886900589321333
v 1.1605055649298541 0.17239464226108506 -1.0170900639106986
v 1.1794490648231477 0.05363076338513291 -1.116562846532475
v 1.2376338885475608 -0.08017403512808083 -1.171964577366317
v 1.3262019241377923 -0.20864918564843832 -1.1748608451107128
v 1.4316694910464713 -0.3122355111393547 -1.1248107192563106
v 1.5379801082776259 -0.3751629325572169 -1.0294338777589223
v 1.6289489480659582 -0.387851320429651 -0.9032505801433042
v 1.6907268291882807 -0.34836898272360145 -0.7654710896169928
v 1.7139086292616064 -0.2627267474465316 -0.6370710846384274
v 1.694965129368313 -0.14396286857057963 -0.5375983020166513
v 1.6367803056438996 -0.010158070057365756 -0.482196571182809
v 1.548212270053668 0.11831708046299186 -0.47930030343841334
v 1.4427447031449891 0.22190340595390812 -0.5293504292928156
v 1.3364340859138346 0.2848308273717703 -0.6247272707902037
v 1.2454652461255022 0.29751921524420444 -0.7509105684058218
v 1.3453903209692741 0.35271434006879376 -0.752576520172154
v 1.2831265430446555 0.33711188742236986 -0.8948380224359714
v 1.2587334033321056 0.2738508401815457 -1.0354138533364021
v 1.2759245362284983 0.17256211932591528 -1.1529026169419359
v 1.3320827475883652 0.04866601442120746 -1.2294177140319245
v 1.4186584588076205 -0.07897541568182373 -1.2533104146854994
v 1.5224713026639092 -0.19092992032243702 -1.220943271816025
v 1.627716714745884 -0.2701534410392108 -1.1372438895164976
v 1.718372035116101 -0.3045849149660199 -1.0149547400052301
v 1.7806358130407196 -0.28898246231959607 -0.8726932377414129
v 1.8050289527532695 -0.2257214150787718 -0.7321174068409821
v 1.787837819856877 -0.1244326942231416 -0.6146286432354486
v 1.7316796084970099 -0.000536589318433648 -0.5381135461454598
v 1.6451038972777543 0.1271048407845977 -0.5142208454918847
v 1.5412910534214659 0.23905934542521082 -0.5465879883613594
v 1.436045641339491 0.3182828661419846 -0.6302873706608866
v 1.3453903209692741 0.35271434006879376 -0.7525765201721539
v 1.4364017500763766 0.4062546760355214 -0.7544163018995282
v 1.3750581507754058 0.4101524405149336 -0.8978747274215353
v 1.3523224206940965 0.3672077803703751 -1.0461899064799391
v 1.3716558686374216 0.28395863081454126 -1.1767821975435446
v 1.4301151524141515 0.17307892021188787 -1.2697701081199835
v 1.5188003760040067 0.0514490793745893 -1.3109970717615018
v 1.6242100180489851 -0.06241385100712846 -1.2941866569770342
v 1.7302964160885235 -0.15117527195268318 -1.221898097030727
v 1.820908877696695 -0.20132206174739858 -1.1051366698769767
v 1.8822524769976658 -0.20521982622681087 -0.9616782443549698
v 1.9049882070789752 -0.16227516608225231 -0.8133630652965658
v 1.8856547591356503 -0.0790260165264186 -0.6827707742329605
v 1.8271954753589201 0.03185369407623491 -0.5897828636565214
v 1.738510251769065 0.15348353491353361 -0.5485559000150031
v 1.6331006097240865 0.2673464652952513 -0.5653663147994705
v 1.5270142116845484 0.35610788624080586 -0.637654874745778
v 1.4364017500763766 0.4062546760355214 -0.7544163018995281
v 1.519247446990427 0.4631373144271786 -0.7570075706727972
v 1.4595113987610235 0.4820602251257885 -0.8999483891572841
v 1.4402913832984956 0.456597667221602 -1.0527253466704654
v 1.4645134737271392 0.39062608433686935 -1.1920795363575276
v 1.5284900763529896 0.29418905193190303 -1.2967955460874907
v 1.6224813333756083 0.18196823398648349 -1.35093131263196
v 1.7321779279461682 0.07104823274855293 -1.3462451562764857
v 1.8408795479434075 -0.02168438708572875 -1.2834505018460756
v 1.9320373571053855 -0.08211192476988431 -1.1721072662427996
v 1.9917734053347889 -0.10103483546849425 -1.0291664477583127
v 2.010993420797317 -0.07557227756430775 -0.8763894902451314
v 1.9867713303686734 -0.009600694679575222 -0.7370353005580694
v 1.9227947277428228 0.08683633772539118 -0.632319290828106
v 1.828803470720204 0.19905715567081084 -0.5781835242836368
v 1.7191068761496442 0.3099771569087413 -0.5828696806391112
v 1.6104052561524052 0.4027097767430229 -0.6456643350695211
v 1.519247446990427 0.4631373144271786 -0.7570075706727971
v 1.5950952834287486 0.5263165979506855 -0.7587321180467977
v 1.5371905902697398 0.556576551746686 -0.9004710728292189
v 1.5224732392128002 0.5460086284989573 -1.0554880660025001
v 1.5531838135432285 0.49622169872350314 -1.200183165588552
v 1.6246469067112674 0.41479537115899423 -1.312527854339742
v 1.7259829105966351 0.31412606604562965 -1.375418671800841
v 1.8417643372209473 0.20953977251739575 -1.3792810611200768
v 1.9543645139418984 0.11695880568685449 -1.3235270085362418
v 2.0466410845768674 0.05047777850540157 -1.21664456314348
v 2.104545777735876 0.020217824709401054 -1.0749056083610586
v 2.119263128792816 0.030785747957129836 -0.9198886151877774
v 2.0885525544623875 0.08057267773258389 -0.7751935156017258
v 2.017089461294349 0.16199900529709282 -0.6628488268505355
v 1.915753457408981 0.2626683104104576 -0.5999580093894366
v 1.7999720307846687 0.36725460393869136 -0.5960956200702009
v 1.6873718540637177 0.45983557076923254 -0.6518496726540357
v 1.5950952834287486 0.5263165979506855 -0.7587321180467976
v 1.664681261468266 0.5970930682556603 -0.7575467248235165
v 1.6085925608805547 0.6359297987578847 -0.897918786241264
v 1.598743291446721 0.6382427418179929 -1.0536627806115404
v 1.636632915154217 0.6036797728219645 -1.201068096614296
v 1.7164930802638705 0.5375027904853507 -1.3176936111206277
v 1.8261658005719361 0.44978664047306205 -1.3857841467598688
v 1.948954398597196 0.3538853114755898 -1.394973536723187
v 2.0661654233717175 0.2643989114850868 -1.3438627796906948
v 2.159954558894165 0.19495093370387123 -1.240233025100423
v 2.2160432594818764 0.15611420320164676 -1.0998609636826755
v 2.2258925289157103 0.15380126014153858 -0.944116969312399
v 2.188002905208214 0.18836422913756692 -0.7967116533096439
v 2.1081427400985606 0.2545412114741808 -0.6800861388033117
v 1.9984700197904952 0.34225736148646946 -0.6119956031640708
v 1.8756814217652351 0.43815869048394157 -0.6028062132007523
v 1.7584703969907138 0.5276450904744445 -0.6539169702332444
v 1.664681261468266 0.5970930682556603 -0.7575467248235164
v 1.7281359221402453 0.6757734408225732 -0.751683162148557
v 1.6737383696538324 0.7212087366476404 -0.8907338355491731
v 1.6687042997798178 0.7349454000794953 -1.046118879278136
v 1.7138001040225634 0.7148921486338019 -1.1941823289966402
v 1.8021603549805947 0.66410190805999 -1.3123828666835573
v 1.9203330054332208 0.5903070320707452 -1.3827255319665963
v 2.0503273405867732 0.5047421215832133 -1.3945012917142638
v 2.172352901315706 0.4204336585712761 -1.345917393252505
v 2.2678324021635023 0.3502168422703805 -1.2443702947079862
v 2.3222299546499157 0.3047815464453132 -1.1053196213073702
v 2.32726402452393 0.2910448830134584 -0.9499345775784072
v 2.2821682202811844 0.3110981344591517 -0.8018711278599031
v 2.193807969323153 0.36188837503296367 -0.6836705901729858
v 2.075635318870527 0.4356832510222085 -0.6133279248899466
v 1.9456409837169746 0.5212481615097404 -0.6015521651422793
v 1.8236154229880417 0.6055566245216775 -0.6501360636040381
v 1.7281359221402453 0.6757734408225732 -0.7516831621485569
v 1.7850825684996945 0.7620976110757697 -0.7398062234066848
v 1.7322036693478442 0.8127402806627381 -0.8776383373641434
v 1.7316516531835533 0.8368769598064307 -1.031831935138036
v 1.7835105594637959 0.8308330579067621 -1.1789124392357324
v 1.8798853398095612 0.7955287042398493 -1.2964881761964477
v 2.0061038075527655 0.736338666616717 -1.3666593058946226
v 2.1429503451527654 0.6622740917064599 -1.3787429099365849
v 2.2695913077769134 0.584610639642121 -1.3308993691450892
v 2.366746756868868 0.5151718669795501 -1.2304124289028633
v 2.419625656020718 0.4645291973925817 -1.0925803149454048
v 2.4201776721850092 0.440392518248889 -0.9383867171715121
v 2.3683187659047666 0.44643642014855756 -0.7913062130738161
v 2.2719439855590013 0.4817407738154704 -0.6737304761131006
v 2.145725517815797 0.5409308114386028 -0.6035593464149256
v 2.008878980215797 0.6149953863488599 -0.5914757423729633
v 1.882238017591649 0.6926588384131985 -0.6393192831644589
v 1.7850825684996945 0.7620976110757697 -0.7398062234066847
v 1.8347955613198639 0.8554496549811563 -0.7209918382812428
v 1.783240925737374 0.9103294416022387 -0.8576991100950325
v 1.7866480047534017 0.9441468875932788 -1.0100254760190244
v 1.8444981014730049 0.9517535933580522 -1.1547806276832362
v 1.9479840630830563 0.9319915068988314 -1.2699269054555093
v 2.0813510900310037 0.8878692267352731 -1.3379343323486224
v 2.2242952614391323 0.8261039700528132 -1.3484493941069589
v 2.355054623002695 0.7560989372779103 -1.299871267897084
v 2.4537222472602034 0.6885117600533408 -1.1995955330726409
v 2.5052768828426935 0.6336319734322585 -1.0628882612588513
v 2.501869803826666 0.5998145274412183 -0.9105618953348594
v 2.444019707107063 0.5922078216764449 -0.7658067436706475
v 2.3405337454970114 0.6119699081356658 -0.6506604658983743
v 2.2071667185490638 0.6560921882992241 -0.5826530390052613
v 2.0642225471409352 0.7178574449816839 -0.572137977246925
v 1.9334631855773725 0.7878624777565868 -0.6207161034567995
v 1.8347955613198639 0.8554496549811563 -0.7209918382812427
v 1.8763486111855796 0.954951568044601 -0.6946687023415264
v 1.8259109669570175 1.0133947623207287 -0.8303115668197734
v 1.8326247963537938 1.05637312630754 -0.9801993058788316
v 1.8954679797112646 1.0773435936878824 -1.1215128699826982
v 2.00487321203813 1.073113600900859 -1.2327385500072074
v 2.144184538473526 1.0443271260033142 -1.2969432444319284
v 2.292193072427982 0.9953666488483544 -1.3043523705477014
v 2.4263658563076347 0.9336859582549915 -1.2538379560672954
v 2.5262763000461197 0.8686753802292122 -1.153090362681045
v 2.576713944274682 0.8102321859530847 -1.017447498202798
v 2.5700001148779053 0.7672538219662732 -0.8675597591437396
v 2.507156931520435 0.7462833545859309 -0.7262461950398734
v 2.3977516991935692 0.7505133473729542 -0.6150205150153638
v 2.2584403727581734 0.779299822270499 -0.5508158205906428
v 2.1104318388037173 0.8282602994254589 -0.5434066944748699
v 1.976259054924065 0.8899409900188218 -0.5939211089552757
v 1.8763486111855796 0.954951568044601 -0.6946687023415263
v 1.9087383754943232 1.0595072155469483 -0.6605646196994994
v 1.8591995259451144 1.1210474572079483 -0.7951649563931155
v 1.8684802306955899 1.172788233660046 -0.9421183849610015
v 1.9351675865772882 1.2068524807197158 -1.0790525780398443
v 2.0491090481796066 1.2180542255652917 -1.1851205460449412
v 2.1929580608555135 1.2046881040881046 -1.2441744023560404
v 2.3448149164196503 1.168788987118863 -1.2472237326743179
v 2.4815607851982 1.1158221897898288 -1.1938043041010635
v 2.582377348274015 1.0538514268491337 -1.09204874038823
v 2.631916197823224 0.9923111851881337 -0.957448403694614
v 2.6226354930727482 0.940570408736036 -0.8104949751267279
v 2.5559481371910504 0.9065061616763662 -0.6735607820478853
v 2.4420066755887317 0.8953044168307903 -0.5674928140427883
v 2.298157662912825 0.9086705383079775 -0.508438957731689
v 2.146300807348688 0.9445696552772189 -0.5053896274134116
v 2.009554938570139 0.997536452606253 -0.5588090559866656
v 1.9087383754943232 1.0595072155469483 -0.6605646196994993
v 1.9309842190008228 1.1678307026367312 -0.6186641270439934
v 1.8821144079079906 1.2321455652674471 -0.7522077139545271
v 1.8931646087594933 1.2923158456581176 -0.8957903731276938
v 1.9624525286460104 1.3391811640642133 -1.0275529462844255
v 2.0794297098613774 1.3656067005935753 -1.12743577609231
v 2.226287436966343 1.3675694068576933 -1.1802326071532034
v 2.380667952277787 1.3447704786198318 -1.1779056005425503
v 2.5190682218023994 1.3006808460314065 -1.1208090219224554
v 2.620418059106624 1.2420127559804903 -1.0176353078060536
v 2.6692878701994562 1.1776978933497744 -0.88409172089552
v 2.6582376693479532 1.1175276129591039 -0.7405090617223532
v 2.5889497494614364 1.0706622945530082 -0.6087464885656217
v 2.4719725682460694 1.0442367580236462 -0.5088636587577371
v 2.3251148411411036 1.0422740517595281 -0.4560668276968436
v 2.1707343258296596 1.0650729799973897 -0.4583938343074966
v 2.032334056305048 1.109162612585815 -0.5154904129275915
v 1.9309842190008228 1.1678307026367312 -0.6186641270439933
v 1.942207595915181 1.2784740102511043 -0.5691750732067486
v 1.8937642525695295 1.345339523962149 -0.7016167402078916
v 1.905751230610246 1.4136328194951422 -0.8414412292614293
v 1.9763436212928585 1.4729568616854507 -0.9673615294211104
v 2.0947943730575536 1.5142801028833817 -1.0602074164579869
v 2.243070432706895 1.5313114542126647 -1.105843945720756
v 2.3985981142850994 1.5214580468230006 -1.0973233693253293
v 2.537699738133828 1.4862199726681053 -1.035942867788693
v 2.639198342981474 1.4309619091041237 -0.9310470660541681
v 2.687641686327125 1.364096395393079 -0.7986053990530253
v 2.675654708286409 1.2958030998600858 -0.6587809099994875
v 2.605062317603797 1.2364790576697773 -0.5328606098398065
v 2.4866115658391013 1.1951558164718463 -0.4400147228029298
v 2.3383355061897593 1.1781244651425633 -0.39437819354016057
v 2.1828078246115554 1.1879778725322274 -0.4028987699355874
v 2.0437062007628266 1.2232159466871226 -0.4642792714722234
v 1.942207595915181 1.2784740102511043 -0.5691750732067485
v 1.9416939798553128 1.3898592009845105 -0.5125008283241763
v 1.8934207059750778 1.459116642875504 -0.6437701978205965
v 1.9054931705129778 1.5352254355025599 -0.7794914447984416
v 1.976073450180282 1.6065987051161312 -0.8990022397215023
v 2.0944163372094704 1.6623705184178528 -0.9841081474307962
v 2.2425051998312924 1.6940501224052835 -1.021852564964558
v 2.397794851140458 1.6968145845476625 -1.0064892469072695
v 2.536643849429341 1.6702430405437245 -0.9403571191643276
v 2.637913693377763 1.6183807670964223 -0.8335241986953645
v 2.686186967257998 1.5491233252054288 -0.7022548291989444
v 2.674114502720098 1.473014532578373 -0.5665335822210993
v 2.6035342230527942 1.4016412629648016 -0.44702278729803874
v 2.4851913360236053 1.34586944966308 -0.36191687958874463
v 2.3371024734017833 1.3141898456756493 -0.3241724620549828
v 2.181812822092618 1.3114253835332703 -0.3395357801122715
v 2.042963823803735 1.3379969275372083 -0.40566790785521306
v 1.9416939798553128 1.3898592009845105 -0.5125008283241762
v 1.928939421038283 1.500316152952279 -0.449215636648158
v 1.8805656028258435 1.5718472311800213 -0.5792226678253782
v 1.8918667117878398 1.6554436366697085 -0.7105332748676927
v 1.9611222565296167 1.7383785744888383 -0.8231566081865263
v 2.0777887081673145 1.8080259521615318 -0.899946786217145
v 2.2241046570231116 1.8537825877921725 -0.9292132004590847
v 2.377794826241092 1.86868244839093 -0.9065003046447158
v 2.515461280762672 1.8504571652492157 -0.8352659312688626
v 2.6161455508364577 1.8018813725127534 -0.726354867936796
v 2.6645193690488975 1.730350294285011 -0.5963478367595759
v 2.653218260086901 1.646753888795324 -0.46503722971726136
v 2.583962715345124 1.5638189509761942 -0.352413896398428
v 2.4672962637074263 1.4941715733035006 -0.2756237183678091
v 2.320980314851629 1.44841493767286 -0.24635730412586943
v 2.167290145633649 1.4335150770741025 -0.2690701999402383
v 2.0296236911120693 1.4517403602158165 -0.3403045733160914
v 1.928939421038283 1.500316152952279 -0.44921563664815795
v 1.9036832280811384 1.6081249324617057 -0.38004156809710654
v 1.8549244547268913 1.6818327852365367 -0.5086817020238921
v 1.8646022691322164 1.7725547808639377 -0.6353087489534722
v 1.9312433117835086 1.8664793179065757 -0.7406448888678576
v 2.0447020880396654 1.9493072370277578 -0.8086536493395691
v 2.187705527722054 2.00842873837824 -0.8289813130877373
v 2.3384826534684398 2.0348431093151564 -0.7985331775774345
v 2.474079014681984 2.0245290013102295 -0.7219446954270686
v 2.5738512945520005 1.9790566438095882 -0.6108757687677132
v 2.6226100679062476 1.9053487910347575 -0.4822356348409278
v 2.6129322535009227 1.8146267954073563 -0.35560858791134753
v 2.5462912108496303 1.7207022583647182 -0.2502724479969623
v 2.4328324345934735 1.6378743392435362 -0.18226368752525074
v 2.289828994911085 1.5787528378930538 -0.1619360237770825
v 2.139051869164699 1.5523384669561378 -0.19238415928738523
v 2.0034555079511547 1.5626525749610645 -0.26897264143775096
v 1.9036832280811384 1.6081249324617057 -0.3800415680971065
v 1.865927955689574 1.7115612201674688 -0.30582619791770754
v 1.8164873396654093 1.7873555401562828 -0.4329851383858186
v 1.8237035991803632 1.8847970312556235 -0.5546881827492944
v 1.8864781241388389 1.9890511097549324 -0.6524071457446405
v 1.9952540621683952 2.084246037268265 -0.7112652010804208
v 2.133471262760365 2.1558892490258836 -0.7223017433813627
v 2.280087410066665 2.1930737154850215 -0.6838365591286532
v 2.412781524738595 2.1901384387053033 -0.6017256239370036
v 2.5113521306925 2.1475302879680913 -0.4884695833518615
v 2.5607927467166647 2.0717359679792775 -0.3613106428837505
v 2.5535764872017106 1.9742944768799369 -0.23960759852027452
v 2.4908019622432347 1.8700403983806277 -0.14188863552492859
v 2.3820260242136784 1.774845470867295 -0.08303058018914827
v 2.243808823621708 1.7032022591096767 -0.07199403788820635
v 2.0971926763154087 1.6660177926505388 -0.11045922214091591
v 1.964498561643479 1.6689530694302566 -0.19257015733256536
v 1.865927955689574 1.7115612201674688 -0.3058261979177075
v 1.8159477361962137 1.808943021720956 -0.2275205594347313
v 1.7655181920499408 1.8867282158636094 -0.3530788098437627
v 1.7694560936767605 1.9904318152308642 -0.469648986155895
v 1.827161931251157 2.104265886894525 -0.5594843357388859
v 1.9298505141071478 2.210900225352229 -0.6089082409781965
v 2.0618884363792307 2.2941007192164755 -0.6103963603299589
v 2.203174121328227 2.3412008475107884 -0.5637221411127025
v 2.332198104178575 2.3450300426660844 -0.47599131009940376
v 2.4293176531466267 2.3050053444317102 -0.36056009102987413
v 2.4797471972929 2.2272201502890567 -0.23500184062084267
v 2.47580929566608 2.123516550921802 -0.11843166430871027
v 2.418103458091684 2.009682479258141 -0.028596314725719663
v 2.315414875235693 1.9030481408004372 0.020827590513591232
v 2.18337695296361 1.8198476469361906 0.022315709865353472
v 2.0420912680146137 1.772747518641878 -0.024358509351902896
v 1.9130672851642656 1.768918323486582 -0.11208934036520136
v 1.8159477361962137 1.808943021720956 -0.2275205594347312
v 1.7542859483134026 1.8986769271482458 -0.1461571512013501
v 1.7025534675750233 1.9783426253573222 -0.2699944499521781
v 1.7024249759142285 2.0877944479824597 -0.38125464773340045
v 1.7539200350215938 2.2103693472122243 -0.46299938800903073
v 1.8491989889518967 2.3274064057831128 -0.5027837750900198
v 1.973756480675116 2.4210877924712846 -0.4945509966896542
v 2.1086297611928666 2.4771513653773516 -0.4395544186890675
v 2.233285596175653 2.4870619537439183 -0.34616677154362807
v 2.328746264755303 2.449310760331882 -0.22860547797009947
v 2.3804787454936824 2.369645062122806 -0.1047681792192715
v 2.3806072371544778 2.260193239497668 0.006492018561950946
v 2.3291121780471125 2.1376183402679034 0.08823675883758103
v 2.2338332241168093 2.020581281697015 0.12802114591857028
v 2.1092757323935896 1.9268998950088427 0.11978836751820465
v 1.9744024518758396 1.8708363221027764 0.06479178951761802
v 1.8497466168930536 1.8609257337362097 -0.02859585762782131
v 1.7542859483134026 1.8986769271482458 -0.14615715120135
v 1.6817432269685435 1.9793022995732226 -0.06282790706135001
v 1.6283911769716086 2.060715799859192 -0.18482770349027555
v 1.6234442748134614 2.17534188094906 -0.2906338436212007
v 1.6676556415039003 2.3057297610849066 -0.3641383017542408
v 1.7542944972413426 2.4320290674851264 -0.3941506904582127
v 1.8701708616229462 2.535011875656349 -0.3761018956159178
v 1.9976436085934701 2.598999986595987 -0.3127396826293628
v 2.1173061679699816 2.6142517904671503 -0.21371037404585969
v 2.2109409998312084 2.5784453383884007 -0.09409028439432907
v 2.2642930498281433 2.4970318381024312 0.02790951203459649
v 2.2692399519862905 2.382405757012563 0.13371565216552167
v 2.225028585295852 2.2520178768767165 0.20722011029856166
v 2.1383897295584093 2.1257185704764967 0.23723249900253365
v 2.0225133651768057 2.022735762305274 0.21918370416023872
v 1.8950406182062818 1.9587476513656359 0.15582149117368377
v 1.7753780588297705 1.9434958474944728 0.05679218259018082
v 1.6817432269685435 1.9793022995732226 -0.06282790706134993
v 1.599356861008691 2.0495319152876 0.021337896885702014
v 1.5440713319556216 2.132532343208562 -0.09871621107669845
v 1.5335975257342316 2.251696509116672 -0.19895966743694832
v 1.5695299843964372 2.3888827489782756 -0.2641313146733944
v 1.646398316839467 2.5232057013708036 -0.28430936027674103
v 1.752500016262038 2.6342159144330894 -0.25642187971831765
v 1.871682060741365 2.7050130895364877 -0.1847144891125034
v 1.9858000643933926 2.724818998549497 -0.08010398864991897
v 2.07748059564438 2.6906183713658973 0.04148362127055528
v 2.1327661246974494 2.6076179434449354 0.16153772923295573
v 2.1432399309188397 2.4884537775368254 0.2617811855932056
v 2.1073074722566343 2.351267537675222 0.3269528328296516
v 2.030439139813604 2.2169445852826937 0.3471308784329984
v 1.9243374403910332 2.1059343722204074 0.3192433978745749
v 1.8051553959117066 2.0351371971170096 0.24753600726876074
v 1.6910373922596786 2.0153312881040004 0.14292550680617647
v 1.599356861008691 2.0495319152876 0.02133789688570209
v 1.5083726897450844 2.1082877201153534 0.10519579220792982
v 1.4508489172500711 2.1926818181945302 -0.01281777228248153
v 1.4341912382548663 2.315685007889009 -0.10742901184663149
v 1.4609356333842534 2.458571168594497 -0.16423422291390063
v 1.5270105109183287 2.5995871776098554 -0.17458532703981783
v 1.622356569722786 2.7172646258758006 -0.1369064624542047
v 1.7324582366588217 2.793688188642568 -0.05693389473046295
v 1.8405535310095207 2.817223071260239 0.053157277648599524
v 1.9301859240962724 2.784286301194514 0.1766066716672332
v 1.9877096965912857 2.699892203115337 0.29462023615764454
v 2.0043673755864906 2.576889013420858 0.38923147572179456
v 1.9776229804571037 2.4340028527153708 0.44603668678906366
v 1.9115481029230281 2.292986843700012 0.4563877909149809
v 1.816202044118571 2.1753093954340668 0.41870892632936774
v 1.7061003771825352 2.0988858326672992 0.338736358605626
v 1.5980050828318362 2.075350950049629 0.2286451862265637
v 1.5083726897450844 2.1082877201153534 0.1051957922079299
v 1.4102106893863002 2.1547305033166095 0.18760830410331725
v 1.35016059054479 2.240290072715876 0.071711387363806
v 1.326722276313888 2.366371244786097 -0.017242157095090638
v 1.3434640175664019 2.513779304008254 -0.06570995849539421
v 1.3978370359608987 2.6600727096231567 -0.0663132334356222
v 1.4815635323394554 2.782979616778961 -0.018960138774825885
v 1.5818969066110165 2.863788563015083 0.06914024608176048
v 1.683562312067039 2.8901971188019955 0.18457543617169916
v 1.7710821123260398 2.8581848209152945 0.3097714702264009
v 1.83113221116755 2.7726252515160286 0.42566838696591214
v 1.8545705253984521 2.646544079445807 0.5146219314248088
v 1.8378287841459384 2.4991360202236503 0.5630897328251123
v 1.7834557657514414 2.3528426146087473 0.5636930077653404
v 1.6997292693728847 2.229935707452943 0.516339913104544
v 1.5993958951013236 2.149126761216821 0.42823952824795775
v 1.497730489645301 2.1227182054299085 0.3128043381580192
v 1.4102106893863002 2.1547305033166095 0.18760830410331733
v 1.3064255338922224 2.188282417750883 0.2674671477958954
v 1.2435864164687298 2.274743525499861 0.15373820792286075
v 1.2128404149829983 2.4030824102181936 0.07041736024185011
v 1.218868329448033 2.5537606401024013 0.030189448506932115
v 1.2607524645297126 2.703838820554169 0.03917880761282033
v 1.3321163403424814 2.8304689090618074 0.09601688912438622
v 1.422095453708991 2.9143726225546414 0.19205061036998602
v 1.5169913002818838 2.9427763812424423 0.312659707837828
v 1.6023568476534282 2.9113559703457064 0.43948253976262425
v 1.6651959650769206 2.8248948625967283 0.553211479635659
v 1.6959419665626523 2.6965559778783956 0.6365323273166696
v 1.689914052097618 2.5458777479941883 0.6767602390515874
v 1.648029917015938 2.3957995675424204 0.6677708799456994
v 1.5766660412031692 2.2691694790347814 0.6109327984341334
v 1.4866869278366597 2.185265765541948 0.5148990771885337
v 1.3917910812637668 2.156862006854147 0.39428997972069196
v 1.3064255338922224 2.188282417750883 0.2674671477958955
v 1.1986635207335417 2.2086413932397684 0.343715412360637
v 1.1328080620122338 2.295705545586594 0.23217420235678626
v 1.0943074729007876 2.4254276275434887 0.15440251285971757
v 1.0890231190827115 2.5780586280661173 0.12224037859323872
v 1.1177594955240209 2.730361860928374 0.14058419294894808
v 1.1761417494074273 2.859150539559225 0.20664127647828007
v 1.2552817118156319 2.9448177551094017 0.3103550370228471
v 1.3431310408775308 2.974321450586632 0.43593599470731964
v 1.4263154725996012 2.9431699558061744 0.5642655871184528
v 1.492170931320909 2.8561058034593487 0.6758067971223035
v 1.5306715204323553 2.726383721502454 0.7535784866193722
v 1.5359558742504313 2.573752720979826 0.7857406208858511
v 1.507219497809122 2.4214494881175685 0.7673968065301418
v 1.4488372439257153 2.292660809486718 0.7013397230008097
v 1.369697281517511 2.206993593936541 0.5976259624562428
v 1.2818479524556121 2.1774898984593105 0.47204500477177036
v 1.1986635207335417 2.2086413932397684 0.3437154123606371
v 1.0886173701466282 2.2157865983395486 0.41536972053913
v 1.0195650222048183 2.303124174417265 0.30599664046464126
v 0.9729545752264009 2.4333084311115574 0.23362209288184155
v 0.9558820472390861 2.5865199954639455 0.20926444658330456
v 0.9709465758660909 2.739433795668068 0.23663193241536906
v 1.015854723184246 2.8687700918098966 0.31155809874698004
v 1.0837696308577311 2.954838605238283 0.42263611596153894
v 1.1643518698434299 2.984536184996773 0.5529553628628625
v 1.2453335247355848 2.953341643776366 0.6826759154571393
v 1.3143858726773947 2.8660040676986496 0.7920489955316281
v 1.360996319655812 2.7358198110043572 0.8644235431144278
v 1.3780688476431269 2.582608246651969 0.8887811894129648
v 1.363004319016122 2.4296944464478467 0.8614137035809003
v 1.318096171697967 2.300358150306018 0.7864875372492892
v 1.2501812640244818 2.2142896368776315 0.6754095200347305
v 1.169599025038783 2.1845920571191417 0.5450902731334071
v 1.0886173701466282 2.2157865983395486 0.41536972053913007
v 0.9779805355517758 2.2099742017609003 0.48154238004807937
v 0.9056106105168227 2.2972305514861335 0.3742694898127019
v 0.8506392876636785 2.4269206387733173 0.3070594866910962
v 0.8214354525804514 2.579300323476547 0.2901444843983311
v 0.8224451244251387 2.7311711799250373 0.32609963869860276
v 0.853514589812085 2.8594122469372474 0.40945110328398
v 0.9099138042815325 2.944499984568736 0.5275093732542471
v 0.9830564986906599 2.9734805560873716 0.6623011472073133
v 1.0618073608558543 2.9419419321889757 0.7933055994492977
v 1.134177285890807 2.854685582463743 0.9005784896846751
v 1.1891486087439516 2.7249954951765587 0.9677884928062809
v 1.2183524438271784 2.572615810473329 0.9847034950990459
v 1.2173427719824912 2.4207449540248387 0.9487483407987742
v 1.1862733065955449 2.2925038870126286 0.865396876213397
v 1.1298740921260977 2.20741614938114 0.7473386062431301
v 1.05673139771697 2.178435577862505 0.612546832290064
v 0.9779805355517758 2.2099742017609003 0.4815423800480794
v 0.8684027975393329 2.1917227626261098 0.5414635978196032
v 0.7926696424877635 2.278527509142857 0.4361641448082678
v 0.7292045902940941 2.4067472883662866 0.37379087359103824
v 0.6876696198426799 2.556861801224824 0.3638395492956259
v 0.6743880538693041 2.7060174739272043 0.40782517083702813
v 0.6913818903957176 2.8315067074040305 0.4990513260662186
v 0.7360639718602859 2.9142249034211902 0.6236296598167095
v 0.8016318564041056 2.941578966477384 0.7625942500803962
v 0.8781034279797335 2.909404488437507 0.89478899770678
v 0.9538365830313028 2.82259974192076 1.0000884507181154
v 1.0173016352249724 2.6943799626973304 1.062461721935345
v 1.0588366056763865 2.5442654498387935 1.0724130462307573
v 1.0721181716497623 2.3951097771364127 1.028427424689355
v 1.0551243351233488 2.2696205436595864 0.9372012694601646
v 1.0104422536587805 2.1869023476424267 0.8126229357096737
v 0.9448743691149609 2.1595482845862324 0.6736583454459873
v 0.8684027975393329 2.1917227626261098 0.5414635978196033
v 0.7614490377038634 2.1617876251432473 0.594503938745798
v 0.6823999629614279 2.2477678876708884 0.4909800872214706
v 0.6104419460751334 2.3735424473505975 0.4330029060244236
v 0.5565299428148703 2.5199632676203616 0.42939889542745086
v 0.5288715669634877 2.66473910590215 0.4807167333735041
v 0.5316775555205567 2.785829153213802 0.5791437442326561
v 0.5645207221646134 2.8647985475361324 0.7096953078446765
v 0.6224009924981471 2.8896249144429067 0.8524961321025061
v 0.6965066200488343 2.8565286646241455 0.9858060860055857
v 0.7755556947912698 2.7705484020965043 1.089329937529913
v 0.8475137116775644 2.6447738424167953 1.1473071187269601
v 0.9014257149378273 2.498353022147031 1.150911129323933
v 0.9290840907892101 2.3535771838652426 1.0995932913778796
v 0.926278102232141 2.23248713655359 1.0011662805187274
v 0.8934349355880844 2.1535177422312604 0.8706147169067073
v 0.8355546652545508 2.1286913753244865 0.727813892648878
v 0.7614490377038634 2.1617876251432473 0.5945039387457981
v 0.6585631588569865 2.121123678358346 0.6401974176357215
v 0.5763602011483617 2.205922160814362 0.5381658503954844
v 0.4960610763324841 2.3283058194932473 0.48401014673869125
v 0.4298905982491914 2.46964285177177 0.4859750216244126
v 0.3879226223497879 2.608415975708913 0.5437613406629325
v 0.37654639252430866 2.723498241166748 0.6485716606149228
v 0.3974938366379028 2.797369416452653 0.7844495603756093
v 0.44757589621332916 2.818783284773221 0.9307088614426563
v 0.5191680316752298 2.7844797787938442 1.0650829110724713
v 0.6013709893838546 2.699681296337828 1.1671144783127083
v 0.6816701141997322 2.5772976376589427 1.2212701819695013
v 0.7478405922830247 2.43596060538042 1.2193053070837803
v 0.7898085681824284 2.297187481443277 1.1615189880452603
v 0.8011847980079077 2.182105215985442 1.05670866809327
v 0.7802373538943135 2.108234040699537 0.9208307683325835
v 0.7301552943188873 2.086820172378969 0.7745714672655368
v 0.6585631588569865 2.121123678358346 0.6401974176357216
v 0.5610390337656412 2.0708357032372495 0.6782659826027722
v 0.4759863265320292 2.154134892661437 0.5773411014787644
v 0.3876694801790433 2.27224810955221 0.5262729877250278
v 0.30953393396971973 2.4071936873369255 0.5328362987269653
v 0.25347511651393795 2.53842738508257 0.5960318298810938
v 0.22802747459489495 2.6459700619438014 0.7062386344381137
v 0.2370651810113166 2.71344932024529 0.8466787254313903
v 0.27921232688831543 2.730592054611635 0.9959713720997918
v 0.3480523913309471 2.6947884391348333 1.1313881223292663
v 0.43310509856455914 2.611489249710646 1.232313003453274
v 0.521421944917545 2.493376032819873 1.2833811172070106
v 0.5995574911268685 2.3584304550351574 1.2768178062050732
v 0.6556163085826504 2.227196757289513 1.2136222750509447
v 0.6810639505016933 2.1196540804282815 1.1034154704939245
v 0.6720262440852718 2.052174822126793 0.9629753795006483
v 0.629879098208273 2.035032087760448 0.813682732832247
v 0.5610390337656412 2.0708357032372495 0.6782659826027723
v 0.4699998970548743 2.01211514643192 0.7086467605957223
v 0.38257956166062423 2.0936692384177755 0.6083214664954422
v 0.28676515825216325 2.206746944955037 0.5594176631654162
v 0.19714356118869972 2.334133210275369 0.5693805113485595
v 0.12735884620134558 2.456434630243122 0.6366932577224325
v 0.08803510354690883 2.555031922333338 0.7511081468431782
v 0.08515901657391262 2.61491454261196 0.8952065490157155
v 0.11916844345220227 2.6269659049788725 1.0470507887645446
v 0.1848857572357806 2.5893512987595853 1.183523957059367
v 0.27230609263003064 2.5077972067737297 1.283849251159647
v 0.3681204960384917 2.394719500236468 1.3327530544896733
v 0.457742093101955 2.267333234916136 1.3227902063065298
v 0.5275268080893094 2.1450318149483834 1.2554774599326568
v 0.5668505507437461 2.046434522858167 1.141062570811911
v 0.5697266377167423 1.9865519025795453 0.9969641686393738
v 0.5357172108384527 1.9745005402126328 0.8451199288905449
v 0.4699998970548744 2.01211514643192 0.7086467605957224
v 0.3863862369366097 1.9461613215618665 0.7315243288595028
v 0.2973075669281131 2.0258378979098435 0.6311491161455537
v 0.19474615841004486 2.1332925296101606 0.5832616521771263
v 0.09431605610779756 2.252166223065106 0.5951523692424722
v 0.01130683269574384 2.3643615360388783 0.6650110134580107
v -0.0416441100421151 2.452797749184266 0.7822022395121132
v -0.056475471075431494 2.5040112507261525 0.928884745579152
v -0.030929310133505458 2.510205249306333 1.082727449790649
v 0.031105201356780385 2.4704367647897114 1.2203091950179905
v 0.12018387136527695 2.3907601884417344 1.3206844077319395
v 0.2227452798833452 2.2833055567414173 1.368571871700367
v 0.3231753821855924 2.1644318632864725 1.3566811546350213
v 0.40618460559764624 2.0522365503126996 1.2868225104194826
v 0.45913554833550524 1.9638003371673118 1.16963128436538
v 0.4739669093688216 1.9125868356254254 1.0229487782983415
v 0.4484207484268956 1.906392837045245 0.8691060740868445
v 0.38638623693660973 1.9461613215618665 0.7315243288595029
v 0.31094888279612065 1.8740834490823923 0.7473712121695312
v 0.22121849543814248 1.951917183805119 0.6461342776046816
v 0.11293962061430768 2.0534205867848785 0.597850801685884
v 0.0025967354661004527 2.163140685048641 0.6098715059309763
v -0.09301145600340929 2.2643735882509177 0.6803663470865983
v -0.15932947333340253 2.3417075045577134 0.798603124624133
v -0.18626099955971198 2.383369046245016 0.9465813609825484
v -0.16970595394927518 2.3830156212537488 1.1017727111023283
v -0.11218469212441896 2.3407010353350275 1.2405506987408286
v -0.022454304766440822 2.262867300612301 1.3417876333056782
v 0.08582457005739406 2.1613638976325413 1.390071109224476
v 0.1961674552056011 2.0516437993687786 1.3780504049793838
v 0.291775646675111 1.950410896166502 1.3075555638237617
v 0.3580936640051043 1.8730769798597064 1.1893187862862267
v 0.3850251902314137 1.8314154381724044 1.0413405499278114
v 0.36847014462097694 1.831768863163671 0.8861491998080318
v 0.3109488827961207 1.8740834490823923 0.7473712121695313
v 0.2442362575263981 1.7967774493505968 0.7569994950271699
v 0.15526095173633225 1.8730375682619222 0.6539153603624068
v 0.042648573488442254 1.9686265664880602 0.6035194748173967
v -0.07645666346278156 2.068991885565508 0.613484155126527
v -0.18392206648317685 2.158853815478607 0.6822923690427849
v -0.26338700213919275 2.224531691998511 0.7994686897454325
v -0.3027536543286363 2.256026653796499 0.9471740846134835
v -0.2960288071152556 2.248543878441365 1.1029217462310166
v -0.2442362575263959 2.2032225506494023 1.24300050497283
v -0.1552609517363301 2.1269624317380766 1.3460846396375932
v -0.042648573488440034 2.0313734335119387 1.3964805251826033
v 0.07645666346278357 1.9310081144344913 1.386515844873473
v 0.18392206648317902 1.841146184521392 1.317707630957215
v 0.26338700213919497 1.7754683080014875 1.2005313102545674
v 0.30275365432863854 1.7439733462035003 1.0528259153865165
v 0.29602880711525786 1.751456121558634 0.8970782537689838
v 0.24423625752639816 1.7967774493505968 0.75699949502717
v 0.18654809660507038 1.7147690871290597 0.7616201885364942
v 0.10028615015743862 1.7900390829700175 0.6555454322673592
v -0.014799550839517991 1.8802482038702346 0.600991371659213
v -0.1411882516634903 1.971662928920371 0.6062633679058549
v -0.25963841833045453 2.0503661949080896 0.6705588073694988
v -0.35211708671880004 2.1043761430336425 0.7840892922314149
v -0.40454521788761766 2.1254702482963137 0.9295708353277845
v -0.4089411041286476 2.1104371243884015 1.0848551905156576
v -0.36463551161050084 2.0615654281492777 1.2263017223738655
v -0.27837356516286915 1.9862954323083206 1.3323764786430004
v -0.1632878641659125 1.896086311408103 1.3869305392511466
v -0.03689916334194032 1.8046715863579665 1.3816585430045047
v 0.08155100332502405 1.725968320370248 1.3173631035408608
v 0.17402967171336964 1.6719583722446951 1.2038326186789448
v 0.2264578028821872 1.6508642669820242 1.0583510755825754
v 0.23085368912321713 1.6658973908899364 0.9030667203947025
v 0.18654809660507043 1.7147690871290597 0.7616201885364943
v 0.13779587854606057 1.6280192940213558 0.7628804753129552
v 0.05696993870042848 1.7032767153943076 0.6525988468667244
v -0.058058064858172984 1.7892933233240573 0.5915394401060106
v -0.18977616131939568 1.872973868995793 0.5889979962052314
v -0.31813146452453617 1.9415787478970288 0.6453614269600346
v -0.4235830431043328 1.9846634891198272 0.7520489109737731
v -0.49007685014095176 1.9956688313771684 0.8928182459298064
v -0.5074898062809297 1.9729193110740493 1.0462385766582774
v -0.4731709468007952 1.9198783364517036 1.1889530485645377
v -0.39234500695516317 1.8446209150787518 1.2992346770107683
v -0.2773170033965616 1.758604307149002 1.3602940837714823
v -0.14559890693533914 1.6749237614772665 1.3628355276722615
v -0.01724360373019848 1.6063188825760306 1.3064720969174584
v 0.08820797484959825 1.5632341413532322 1.1997846129037195
v 0.1547017818862171 1.552228799095891 1.0590152779476865
v 0.17211473802619504 1.5749783193990101 0.9055949472192157
v 0.1377958785460606 1.6280192940213558 0.7628804753129553
v 0.0971655670139823 1.5357216472838868 0.7627663049818905
v 0.02551858923331421 1.612377697232932 0.6472279556017206
v -0.0859669014338773 1.6961865912790421 0.5771879367135759
v -0.22031824965200197 1.7743891850332134 0.5633092062788241
v -0.35708168055285455 1.835079842504651 0.6077046751951516
v -0.4754362015453687 1.8690189612555086 0.7036155357659752
v -0.5573634096948386 1.8710396181148452 0.8364402289035032
v -0.5903906302324986 1.8408341863931275 0.9859573991363888
v -0.5694897682239898 1.7830011692570664 1.1294044126731981
v -0.49784279044332175 1.7063451193080212 1.244942762053368
v -0.38635729977613015 1.622536225261911 1.3149827809415129
v -0.2520059515580057 1.5443336315077398 1.3288615113762645
v -0.11524252065715293 1.4836429740363022 1.284466042459937
v 0.003112000335361312 1.4497038552854447 1.1885551818891131
v 0.08503920848483104 1.447683198426108 1.0557304887515853
v 0.11806642902249115 1.4778886301478256 0.9062133185187
v 0.09716556701398232 1.5357216472838868 0.7627663049818906
v 0.0624888157932052 1.4362470504835003 0.7630646155825478
v 0.004947082570835076 1.516049616506361 0.6419074903677229
v -0.09825576097851717 1.6004631517166286 0.560777485110598
v -0.231408017460569 1.6766364605891415 0.5320259076662415
v -0.37423846285413886 1.7329728473608248 0.5600299250668581
v -0.5050024566092672 1.760895607836307 0.6405261795202537
v -0.6037923660552912 1.75615375485365 0.7612598459862626
v -0.6555683230118128 1.7194691925444594 0.9038503181988469
v -0.65244790738242 1.6564268129739235 1.04658948934949
v -0.5949061741600499 1.576624246951063 1.167746614564315
v -0.49170333061069765 1.4922107117407952 1.2488766198214396
v -0.35855107412864595 1.4160374028682823 1.2776281972657964
v -0.21572062873507597 1.359701016096599 1.2496241798651797
v -0.0849566349799474 1.3317782556211168 1.1691279254117841
v 0.013833274466076455 1.3365201086037737 1.0483942589457753
v 0.06560923142259796 1.3732046709129644 0.9058037867331912
v 0.06248881579320522 1.4362470504835003 0.7630646155825479
v 0.029564212440440163 1.3276733552068 0.763855746330466
v -0.008096294485179149 1.412323267654978 0.6382586598315769
v -0.097034527007444 1.5006809601733875 0.5452992140230633
v -0.2237104454519252 1.5792947750405784 0.499129641849797
v -0.3688387895555106 1.636196471579027 0.5067788421469438
v -0.5103250845201447 1.662723282305918 0.5670822935094363
v -0.6266293245139196 1.6548367407542206 0.670859342119483
v -0.700045243298344 1.6137375013835031 0.8023108730674925
v -0.7193959327554506 1.545682550822425 0.9414245823777259
v -0.6817354258298314 1.4610326383742471 1.067021668876615
v -0.5927971933075664 1.3726749458558376 1.1599811146851287
v -0.46612127486308536 1.2940611309886467 1.2061506868583949
v -0.32099293075949986 1.2371594344501982 1.198501486561248
v -0.17950663579486564 1.2106326237233072 1.1381980351987555
v -0.06320239580109084 1.2185191652750045 1.0344209865887088
v 0.010213522983333598 1.259618404645722 0.9029694556406995
v 0.02956421244044017 1.3276733552068 0.7638557463304662
v -0.00732845703082019 1.2094972734766434 0.7610223293172538
v -0.019929356345532216 1.2999509741579791 0.6344605066142757
v -0.0884113929059469 1.3952863753668752 0.5316017610392637
v -0.20234879743694845 1.4809895264868418 0.468105404189163
v -0.3443956329438359 1.5440128996608633 0.4536381807984933
v -0.49292655637845595 1.5747617576314954 0.49040259448277723
v -0.6253290810840615 1.5685548655118007 0.5728015965288228
v -0.7214461229060994 1.5263371663613863 0.688290685823933
v -0.7666447335303183 1.4545359221715062 0.8192876954341288
v -0.7540438342156064 1.3640822214901704 0.9458495181371069
v -0.6855617976551915 1.2687468202812744 1.0487082637121188
v -0.5716243931241902 1.1830436691613078 1.1122046205622196
v -0.4295775576173026 1.1200202959872863 1.1266718439528893
v -0.2810466341826824 1.0892714380166542 1.0899074302686054
v -0.14864410947707696 1.0954783301363489 1.00750842822256
v -0.052527067655039096 1.1376960292867633 0.8920193389274498
v -0.007328457030820201 1.2094972734766434 0.7610223293172539
v -0.05211749692384432 1.0849743670073784 0.7452581845375279
v -0.037502421198953334 1.180903844998071 0.6230187293261391
v -0.0814870338561979 1.2848829048228807 0.5152585392570368
v -0.17737507634001912 1.3810816771960044 0.4383831264196861
v -0.31056846340952493 1.4548547710676767 0.40409607554122096
v -0.4607897092844434 1.4949709016506973 0.41761727930499754
v -0.6051689910393032 1.4953227517174303 0.4768882570079982
v -0.7217258718283751 1.4558567552847448 0.572885539587692
v -0.7927156231422783 1.382581252549368 0.690994410988854
v -0.8073306988671692 1.2866517745586752 0.8132338662002426
v -0.7633460862099246 1.1826727147338656 0.920994056269345
v -0.6674580437261035 1.0864739423607421 0.9978694691066957
v -0.5342646566565976 1.0127008484890696 1.0321565199851608
v -0.384043410781679 0.9725847179060491 1.0186353162213844
v -0.23966412902681944 0.9722328678393161 0.9593643385183837
v -0.1231072482377477 1.0116988642720017 0.8633670559386901
v -0.05211749692384435 1.0849743670073784 0.745258184537528
v -0.10311595645066157 0.9611961907060863 0.706355172233223
v -0.06354967827984179 1.0613243500988818 0.593362203758594
v -0.08321343377326545 1.1739093996660186 0.4870772427798722
v -0.15911359440944622 1.281811286196916 0.4036812111304974
v -0.27969504876819506 1.368602925600282 0.35587039864217745
v -0.4266003634969982 1.4210710775451247 0.3509235681101647
v -0.5774645361283894 1.431227941522823 0.3895938296398277
v -0.7093198639663701 1.3975272270649746 0.4659939864600687
v -0.8020925686191307 1.3250995624500483 0.5684928072641525
v -0.8416588467899505 1.2249714030572532 0.6814857757387814
v -0.8219950912965269 1.1123863534901162 0.7877707367175033
v -0.7460949306603463 1.0044844669592188 0.871166768366878
v -0.6255134763015973 0.9176928275558527 0.9189775808551981
v -0.47860816157279407 0.86522467561101 0.9239244113872108
v -0.3277439889414029 0.8550678116333116 0.8852541498575478
v -0.19588866110342243 0.8887685260911602 0.8088539930373069
v -0.10311595645066161 0.9611961907060863 0.7063551722332231
v -0.15447031190467359 0.8456627258751257 0.6397753362937859
v -0.09532307746628008 0.9487103880148656 0.5385758620747368
v -0.09459965821807007 1.068860583267333 0.43896684219313425
v -0.1524101881827717 1.1878215335695719 0.3561128469679381
v -0.25995353822701833 1.2874825126217664 0.30262764609884785
v -0.4008572081894691 1.3526710397922446 0.28665387657362895
v -0.5536698916132898 1.3734627527547714 0.31062339999991484
v -0.6951272426976287 1.3466923016881498 0.3708870737203243
v -0.8036936620539756 1.2764352450925291 0.45827029970248767
v -0.8628408964923692 1.1733875829527893 0.5594697739215366
v -0.8635643157405792 1.0532373877003218 0.6590787938031394
v -0.8057537857758776 0.9342764373980831 0.7419327890283353
v -0.698210435731631 0.8346154583458885 0.7954179898974257
v -0.55730676576918 0.7694269311754103 0.8113917594226445
v -0.40449408234535944 0.7486352182128835 0.7874222359963587
v -0.26303673126102084 0.775405669279505 0.7271585622759494
v -0.15447031190467364 0.8456627258751257 0.639775336293786
v -0.20147664761775125 0.7431902937214091 0.5478400384082065
v -0.1286890028273387 0.8484160376531927 0.4584641402238768
v -0.11295874840948011 0.9749105077134714 0.36840717082945984
v -0.1566806730041832 1.1034160675107942 0.2913794874467952
v -0.25319850993213777 1.2143689104718192 0.23910785661320488
v -0.38781829345743324 1.2908774720457563 0.2195501602795896
v -0.5400453818697198 1.3212940172848113 0.23568388042178354
v -0.6867045809002197 1.3009879029030074 0.2850528044006749
v -0.8054683569654892 1.2330505507395888 0.3601409610708879
v -0.8782560017559018 1.1278248068078052 0.44951685925521756
v -0.8939862561737604 1.0013303367475266 0.5395738286496345
v -0.8502643315790573 0.8728247769502041 0.6166015120322991
v -0.7537464946511027 0.7618719339891789 0.6688731428658895
v -0.6191267111258071 0.6853633724152417 0.6884308391995048
v -0.4668996227135206 0.6549468271761867 0.6722971190573108
v -0.3202404236830209 0.6752529415579905 0.6229281950784196
v -0.2014766476177513 0.7431902937214091 0.5478400384082065
v -0.24319096252322348 0.6556997553205508 0.4361530166308585
v -0.16169108677357802 0.7628062171251346 0.35713070529485785
v -0.1358736977891011 0.8945605847384065 0.27755182218357455
v -0.1696692590074654 1.030904450047562 0.20953153086632945
v -0.25793270259070034 1.1510806955194992 0.1634253040906971
v -0.3872267193633667 1.2367935771814937 0.1462523969292809
v -0.5378674673250069 1.274994085789714 0.16062722882461547
v -0.686921258160242 1.259866540197031 0.20436136192881166
v -0.8116960033903858 1.193713972088389 0.27079667092765947
v -0.8931958791400313 1.086607510283805 0.34981898226366004
v -0.9190132681245082 0.9548531426705332 0.4293978653749434
v -0.885217706906144 0.8185092773613779 0.49741815669218836
v -0.796954263322909 0.6983330318894405 0.5435243834678208
v -0.6676602465502425 0.612620150227446 0.5606972906292371
v -0.5170194985886024 0.5744196416192259 0.5463224587339025
v -0.3679657077533676 0.5895471872119086 0.5025883256297065
v -0.24319096252322353 0.6556997553205508 0.43615301663085854
v -0.28158851062131235 0.5832879546344719 0.3105410948588229
v -0.1949217397488689 0.6921250536221419 0.23981693839952145
v -0.16271749469904978 0.8281720205871195 0.17044360795626162
v -0.18987857984848167 0.9707169380778136 0.11298256421822334
v -0.2722699661990136 1.0980586345791608 0.07618173020886426
v -0.3973483120585542 1.1908104911541844 0.06564369930571834
v -0.546071573108017 1.2348518784370104 0.08297279118630152
v -0.6957979810323401 1.2234778944499987 0.12553080870040406
v -0.8237330474983129 1.1584201251497501 0.18683867947089336
v -0.9103998183707563 1.04958302616208 0.2575628359301948
v -0.9426040634205755 0.9135360591971026 0.3269361663734547
v -0.9154429782711436 0.7709911417064085 0.3843972101114929
v -0.8330515919206116 0.6436494452050611 0.42119804412085204
v -0.7079732460610708 0.5508975886300376 0.4317360750239979
v -0.5592499850116082 0.5068562013472115 0.4144069831434148
v -0.4095235770872853 0.5182301853342232 0.3718489656293123
v -0.2815885106213124 0.5832879546344718 0.310541094858823
v -0.3199855901504393 0.5250267326652355 0.17602278009816533
v -0.2304999809060619 0.6353658229073498 0.11139956059392359
v -0.19433549863531932 0.774774716221317 0.05126770311843694
v -0.21699785793208404 0.922029672344851 0.004781737875702796
v -0.2950369200282223 1.0547124590776447 -0.02098126832239683
v -0.4165719451454563 1.1526233249120872 -0.022099131324433974
v -0.5631003274274337 1.2008562280890935 0.0015983333781980774
v -0.7123144489548161 1.1920681463323206 0.04650340160257615
v -0.8414978123544397 1.1275969854250776 0.10577968377699577
v -0.9309834215988172 1.0172578951829636 0.1704029032812375
v -0.9671479038695597 0.8778490018689962 0.2305347607567242
v -0.9444855445727951 0.7305940457454624 0.27702072599945826
v -0.8664464824766567 0.5979112590126685 0.30278373219755794
v -0.7449114573594225 0.500000393178226 0.3039015951995951
v -0.5983830750774455 0.4517674900012197 0.280204130496963
v -0.44916895355006314 0.46055557175799244 0.23529906227258507
v -0.31998559015043937 0.5250267326652354 0.17602278009816535
v -0.36201388698122117 0.4793036560074545 0.03685640722521658
v -0.2711483864305988 0.5907073856847397 -0.023898999283697812
v -0.2323585875412737 0.732534566325187 -0.07623399646623236
v -0.25154988556374314 0.8831932953428823 -0.11218105541927703
v -0.32580057934363604 1.0197471469696608 -0.1262675622781316
v -0.44380667383717876 1.1214070351590932 -0.11634897406803817
v -0.5876028108856399 1.1726961634835193 -0.08393530593175741
v -0.7352973321386196 1.165806227092652 -0.03396124501240471
v -0.8644050855895208 1.1017861563445712 0.025965110931038773
v -0.9552705861401433 0.990382426667286 0.08672051743995317
v -0.9940603850294683 0.8485552460268388 0.13905551462248772
v -0.9748690870069988 0.6978965170091437 0.17500257357553234
v -0.9006183932271059 0.5613426653823649 0.18908908043438696
v -0.7826122987335631 0.4596827771929325 0.17917049222429351
v -0.638816161685102 0.40839364886850615 0.14675682408801277
v -0.4911216404321226 0.4152835852593737 0.09678276316866018
v -0.3620138869812212 0.47930365600745445 0.036856407225216624
v -0.4111389025004951 0.44393624532781034 -0.1031228374007749
v -0.3196653272902654 0.5556690633079687 -0.1623420236570845
v -0.27870297303177083 0.6989280833163203 -0.20879079453680247
v -0.2944879868362013 0.851903418202844 -0.23539774573264827
v -0.3646172434433386 0.9913059599559303 -0.23811221011766756
v -0.47841419925804035 1.0959129352808599 -0.21652093509592207
v -0.6185542993294915 1.1497988804490045 -0.17391099656407719
v -0.7637024837949842 1.1447601487858239 -0.11676937140355154
v -0.8917612573412158 1.0815638415108206 -0.05379535405491321
v -0.9832348325514455 0.9698310235306624 0.005423832201396403
v -1.02419718680994 0.8265720035223107 0.05187260308111438
v -1.0084121730055098 0.6735966686357873 0.07847955427696016
v -0.9382829163983724 0.5341941268827008 0.08119401866197948
v -0.8244859605836704 0.4295871515577713 0.05960274364023398
v -0.6843458605122195 0.37570120638962656 0.016992805108389103
v -0.539197676046727 0.38073993805280715 -0.04014882005213645
v -0.4111389025004952 0.4439362453278103 -0.10312283740077485
v -0.4704615519191686 0.41623515365667785 -0.2401420007642125
v -0.3786727635886771 0.5271578591056584 -0.30038750971788614
v -0.3352965246193945 0.6707701654289258 -0.3434288498663987
v -0.34693647418780904 0.8252084008375612 -0.3627133673428592
v -0.411820535488535 0.9669607439766902 -0.3553051691760628
v -0.5200706983640171 1.0744466855915706 -0.3223320863814206
v -0.6552068568066334 1.1313024654338242 -0.268813971912677
v -0.7966557557058224 1.1288723064213955 -0.20289847355478252
v -0.9228830824416439 1.0675261782344805 -0.134620628407246
v -1.0146718707721354 0.9566034727854998 -0.07437511945357235
v -1.0580481097414178 0.8129911664622325 -0.031333779305059775
v -1.0464081601730035 0.6585529310535974 -0.012049261828599278
v -0.9815240988722775 0.5168005879144681 -0.019457459995395693
v -0.8732739359967953 0.40931464629958747 -0.05243054279003795
v -0.7381377775541791 0.35245886645733393 -0.1059486572587815
v -0.5966888786549903 0.35488902546976264 -0.17186415561667587
v -0.47046155191916866 0.4162351536566778 -0.24014200076421247
v -0.5426129233289665 0.3931301947970029 -0.37013234794385186
v -0.45049791972305964 0.5015308909488203 -0.4343403286072661
v -0.40395998157608004 0.6442080417504368 -0.4771889055795405
v -0.4100840881034456 0.7994403443638991 -0.4921547714399638
v -0.46793789960152876 0.943595087900635 -0.4769595087771983
v -0.5687136977158536 1.0547260194231804 -0.43391645858625105
v -0.6970692807183988 1.1159144620116308 -0.3695785350724722
v -0.8334636746432844 1.1178450299565081 -0.29374060386610557
v -0.9571320694337062 1.0602238117888465 -0.21794830252076217
v -1.049247073039613 0.9518231156370291 -0.1537403218573479
v -1.0957850111865926 0.8091459648354127 -0.1108917448850735
v -1.0896609046592272 0.6539136622219506 -0.09592587902465025
v -1.0318070931611438 0.5097589186852146 -0.11112114168741574
v -0.9310312950468191 0.398627987162669 -0.154164191878363
v -0.8026757120442739 0.33743954457421854 -0.21850211539214176
v -0.6662813181193886 0.3355089766293412 -0.29434004659850826
v -0.5426129233289666 0.39313019479700284 -0.3701323479438518
v -0.6295961161948732 0.37149475321220266 -0.48837164921183185
v -0.5370663694006037 0.4748232723265932 -0.5599259131812393
v -0.4863629721892517 0.6148233495860935 -0.6066986988043984
v -0.485205057158805 0.7701812423318056 -0.6215692734665409
v -0.5337689063761236 0.9172451197159992 -0.6022737269774504
v -0.6246611140302599 1.0336258395442992 -0.5517496313755266
v -0.7440441654457858 1.1016054922166993 -0.47768882221409503
v -0.8737430732547435 1.1108347918509127 -0.39136638632507703
v -0.9940123544667464 1.0599086612414397 -0.3059241320577455
v -1.086542101261016 0.9565801421270492 -0.2343698680883381
v -1.1372454984723679 0.8165800648675487 -0.18759708246517892
v -1.1384034135028145 0.661222172121837 -0.17272650780303647
v -1.089839564285496 0.5141582947376432 -0.19202205429212696
v -0.9989473566313596 0.397777574909343 -0.24254614989405088
v -0.8795643052158338 0.329797922236943 -0.3166069590554823
v -0.7498653974068762 0.3205686226027296 -0.40292939494450014
v -0.6295961161948733 0.3714947532122026 -0.4883716492118318
v -0.7323795871957414 0.3488747483270158 -0.5892741075760546
v -0.6396252249618084 0.4434120935625472 -0.6718444911211403
v -0.5839155189768609 0.5781361348944173 -0.7275617321033306
v -0.5737317669673646 0.7325363583063249 -0.7479433856611346
v -0.6106243528608237 0.8831067294253176 -0.729886529800526
v -0.6889767148870828 1.0069242741723419 -0.6761401571404766
v -0.7968604161935744 1.0851388937685014 -0.5948866657063974
v -0.9178511412245731 1.1058431213975732 -0.49849616300439303
v -1.0335291488777627 1.0658849260873215 -0.4016432292887608
v -1.1262835111116956 0.9713475808517903 -0.31907284574367506
v -1.1819932170966432 0.8366235395199201 -0.2633556047614847
v -1.1921769691061395 0.6822233161080127 -0.2429739512036807
v -1.1552843832126802 0.5316529449890199 -0.26103080706428927
v -1.076932021186421 0.4078354002419954 -0.31477717972433883
v -0.9690483198799296 0.3296207806458361 -0.3960306711584179
v -0.8480575948489311 0.30891655301676435 -0.49242117386042217
v -0.7323795871957415 0.34887474832701576 -0.5892741075760545
v -0.8499779552607454 0.32474649231224917 -0.6669057549164839
v -0.7579796873012867 0.40545308278405723 -0.7637629412438997
v -0.6972739047632307 0.5310082029646638 -0.8338291196701841
v -0.6771025127387075 0.6822972239665701 -0.8664373496814248
v -0.7005364228093267 0.8362877637806265 -0.8566233238527512
v -0.7640080345957602 0.9695361586478625 -0.8058811386522133
v -0.8578543705751172 1.0617565483494487 -0.7219358317975387
v -0.9677881768136946 1.0989092145332326 -0.6175673152912501
v -1.0770730278641043 1.0753380005624915 -0.5086647496684717
v -1.169071295823563 0.9946314100906835 -0.411807563341056
v -1.229777078361619 0.8690762899100769 -0.34174138491477146
v -1.249948470386142 0.7177872689081708 -0.3091331549035309
v -1.226514560315523 0.5637967290941142 -0.31894718073220446
v -1.1630429485290894 0.4305483342268781 -0.3696893659327424
v -1.0691966125497325 0.33832794452529213 -0.45363467278741687
v -0.9592628063111552 0.30117527834150787 -0.5580031892937054
v -0.8499779552607455 0.3247464923122491 -0.6669057549164837
v -0.9781034814807008 0.3016288311640298 -0.7172769863549221
v -0.8890603909966367 0.36278666489561506 -0.8299250977758189
v -0.8250404149573328 0.47405987342150585 -0.9186846906583284
v -0.7957900143722454 0.6185081194377824 -0.9700429215938016
v -0.8057622975749124 0.7741404669150775 -0.9761809654858354
v -0.8534390748466998 0.9172633017607159 -0.9361643607933743
v -0.9315619890390406 1.026087469781178 -0.8560852728294205
v -1.0282375346521313 1.0840454778888877 -0.7481350168177459
v -1.1287477362323821 1.0823137447400986 -0.6287480406646203
v -1.2177908267164463 1.0211559110085136 -0.5160999292437235
v -1.28181080275575 0.9098827024826226 -0.42734033636121405
v -1.3110612033408373 0.7654344564663462 -0.3759821054257409
v -1.3010889201381706 0.6098021089890511 -0.36984406153370697
v -1.2534121428663831 0.46667927414341237 -0.4098606662261682
v -1.1752892286740424 0.3578551061229505 -0.4899397541901219
v -1.0786136830609518 0.2998970980152406 -0.5978900102017964
v -0.9781034814807009 0.3016288311640298 -0.717276986354922
v -1.1089090701259678 0.2838828164648476 -0.7422109388678194
v -1.0259369511404652 0.3210450998154365 -0.8690696861563465
v -0.9621971535228502 0.4130754124924487 -0.9778180624413515
v -0.9273934836577004 0.5459629736476711 -1.0519001132399286
v -0.9268244847859318 0.6994768567239624 -1.0800375178734571
v -0.9605767818277838 0.850245964629773 -1.0579466115526903
v -1.023511893523969 0.9753170674118095 -0.9889905345104008
v -1.1060485196269512 1.055649223443877 -0.8836672243878818
v -1.1956212070089305 1.0790125901829013 -0.7580112003931033
v -1.278593325994433 1.0418503068323124 -0.6311524531045763
v -1.3423331236120482 0.9498199941553 -0.5224040768195712
v -1.3771367934771979 0.8169324330000779 -0.4483220260209942
v -1.3777057923489666 0.6634185499237865 -0.42018462138746565
v -1.3439534953071144 0.5126494420179757 -0.4422755277082324
v -1.2810183836109292 0.3875783392359393 -0.511231604750522
v -1.1984817575079472 0.30724618320387176 -0.6165549148730407
v -1.1089090701259678 0.2838828164648476 -0.7422109388678193
v -1.2341015149166406 0.2733779829752939 -0.75045185222719
v -1.1599206619714857 0.2855627540134728 -0.8872264186036356
v -1.1008787571118916 0.355787063448724 -1.013484683407493
v -1.0659643951365316 0.4733598967544808 -1.1100049703563957
v -1.0604929711566744 0.6203818558603297 -1.162092940720953
v -1.0852974598746714 0.7744701802497831 -1.1618186731917883
v -1.1366016027364578 0.9121663193486859 -1.1092239225139757
v -1.2065948090645398 1.012507284197839 -1.0123157627056099
v -1.2846212476854622 1.0602170724920708 -0.8858475826228583
v -1.358802100630617 1.0480323014538921 -0.7490730162464128
v -1.417844005490211 0.9778079920186408 -0.6228147514425554
v -1.452758367465571 0.8602351587128841 -0.5262944644936528
v -1.4582297914454283 0.7132131996070352 -0.47420649412909543
v -1.4334253027274313 0.5591248752175815 -0.4744807616582601
v -1.3821211598656449 0.4214287361186789 -0.5270755123360726
v -1.3121279535375632 0.3210877712695257 -0.6239836721444383
v -1.2341015149166406 0.2733779829752939 -0.7504518522271899
v -1.3495050706817124 0.26688985737181165 -0.7523894029236987
v -1.2852323204820306 0.2567681008843377 -0.8942524115755874
v -1.2344356375509837 0.30597003058292305 -1.0333833452802326
v -1.2048483563917454 0.4070050986875615 -1.1486007806061567
v -1.2009748723514384 0.5444916319644949 -1.2223639074736399
v -1.2234048882619792 0.6974985520408379 -1.243442958481518
v -1.2687236375295887 0.8427319423461516 -1.2086288391959148
v -1.3300317513937585 0.9580813357504134 -1.1232216836872861
v -1.3979956252781045 1.0259858327526798 -1.0002239571640281
v -1.4622683754777863 1.036107589240154 -0.8583609485121395
v -1.5130650584088332 0.9869056595415685 -0.7192300148074944
v -1.5426523395680718 0.8858705914369303 -0.6040125794815705
v -1.5465258236083785 0.7483840581599968 -0.5302494526140871
v -1.5240958076978377 0.5953771380836536 -0.5091704016062091
v -1.4787770584302282 0.4501437477783401 -0.5439845208918122
v -1.4174689445660587 0.33479435437407823 -0.6293916764004406
v -1.3495050706817124 0.26688985737181165 -0.7523894029236986
v -1.45581620160012 0.2587864974325974 -0.7540857611199079
v -1.4009849057031218 0.23082937713979432 -0.897509880470796
v -1.360345626796311 0.26195557499788213 -1.0449485403033578
v -1.340085326697269 0.34742640954265314 -1.1739555411928653
v -1.3432884524359971 0.4742297210097106 -1.264890736705266
v -1.3694673571551812 0.6230608547030758 -1.3039100676533972
v -1.4146365399236878 0.7712616196755204 -1.2850731946115217
v -1.4719194021246726 0.8962697929032696 -1.2112478607435857
v -1.5325951472584756 0.979054013214311 -1.0936733039026643
v -1.5874264431554737 1.0070111335071141 -0.9502491845517762
v -1.6280657220622845 0.9758849356490262 -0.8028105247192143
v -1.6483260221613265 0.8904141011042555 -0.6738035238297071
v -1.6451228964225983 0.7636107896371979 -0.5828683283173062
v -1.6189439917034143 0.6147796559438325 -0.5438489973691749
v -1.5737748089349077 0.46657889097138805 -0.5626858704110504
v -1.5164919467339228 0.3415707177436389 -0.6365112042789863
v -1.45581620160012 0.25878649743259746 -0.7540857611199078
v -1.5558150759080598 0.2445917339351485 -0.7566427526540767
v -1.50915496288881 0.20322576009930804 -0.8997169979186651
v -1.479257978742242 0.21967255259929885 -1.0520134947654092
v -1.4706756682878352 0.29142823636754267 -1.190346482120574
v -1.4847146104934352 0.4075686590172176 -1.293656016650989
v -1.519237503671567 0.5504124940154634 -1.3462141582276606
v -1.568988550286666 0.698213062366386 -1.3400194062362807
v -1.6263936044859444 0.8284690673540461 -1.27601485551197
v -1.6827132671456737 0.9213502129926978 -1.1639446186998077
v -1.7293733801649236 0.9627161868285382 -1.0208703734352194
v -1.7592703643114915 0.9462693943285473 -0.8685738765884751
v -1.7678526747658982 0.8745137105603037 -0.7302408892333103
v -1.7538137325602983 0.7583732879106287 -0.6269313547028954
v -1.7192908393821664 0.6155294529123827 -0.5743732131262238
v -1.6695397927670674 0.4677288845614602 -0.5805679651176038
v -1.6121347385677893 0.33747287957380034 -0.6445725158419143
v -1.5558150759080598 0.24459173393514855 -0.7566427526540765
v -1.6519733756165107 0.22189624715268397 -0.7586176932539505
v -1.6120736665610782 0.17068265178361988 -0.9005463036996736
v -1.5927544549466592 0.175317716281685 -1.0553488677484784
v -1.5969569156124601 0.23509579409401316 -1.199458098312672
v -1.6240412620175135 0.34091621476330225 -1.3109346713922836
v -1.6698841479418611 0.476668778507155 -1.3728072892735943
v -1.7275064095703172 0.6216863880956247 -1.3756564067608519
v -1.7881355799170515 0.7538914270567713 -1.3190482715439358
v -1.8425414174015717 0.8531568766504225 -1.2116009590555983
v -1.8824411264570042 0.9043704720194866 -1.0696723486098751
v -1.9017603380714232 0.8997354075214214 -0.9148697845610703
v -1.897557877405622 0.8399573297090934 -0.7707605539968769
v -1.870473531000569 0.7341369090398043 -0.6592839809172649
v -1.824630645076221 0.5983843452959513 -0.5974113630359543
v -1.7670083834477652 0.45336673570748187 -0.5945622455486967
v -1.706379213101031 0.3211616967463355 -0.6511703807656126
v -1.6519733756165107 0.22189624715268402 -0.7586176932539503
v -1.7456768404915974 0.1897101592810046 -0.7579658229604231
v -1.71129286614319 0.1312538430404811 -0.8985330701981215
v -1.7020371131313086 0.12615958279381456 -1.0542473249891025
v -1.719318685948402 0.17520293348397578 -1.2014025035946738
v -1.7605066217909158 0.27091748954746875 -1.317595564037153
v -1.8193304307963951 0.39873157747823806 -1.385137166156889
v -1.8868347212829124 0.5391866610264163 -1.3937447132972989
v -1.9527425769518125 0.6708997269502965 -1.3421077844338654
v -2.0070201242337045 0.7738186549448833 -1.23808763389612
v -2.0414040985821122 0.8322749711854069 -1.0975203866584216
v -2.0506598515939936 0.8373692314320735 -0.9418061318674409
v -2.0333782787769 0.7883258807419122 -0.7946509532618697
v -1.9921903429343863 0.6926113246784192 -0.6784578928193901
v -1.9333665339289068 0.5647972367476498 -0.6109162906996543
v -1.8658622434423897 0.42434215319947166 -0.602308743559244
v -1.7999543877734898 0.2926290872755917 -0.6539456724226775
v -1.7456768404915974 0.18971015928100465 -0.757965822960423
v -1.8372990287599902 0.1477513029752895 -0.7528625441227578
v -1.8074263921579137 0.08387477087119875 -0.8920960308462598
v -1.8075675900518975 0.0704284153143433 -1.0475879122477707
v -1.8377011263425451 0.10945932204673775 -1.1956659589213259
v -1.8932394432907922 0.1950253893344256 -1.313786630591712
v -1.9657273355973648 0.3140999590911879 -1.383967125763668
v -2.044129178762967 0.4485550074852202 -1.3955231002350368
v -2.1165090028801146 0.5779209722365802 -1.3466952616477212
v -2.171847635851711 0.6825030579172638 -1.2449172058011815
v -2.2017202724537874 0.7463795900213546 -1.1056837190776796
v -2.2015790745598034 0.75982594557821 -0.9501918376761685
v -2.171445538269156 0.7207950388458156 -0.8021137910026137
v -2.115907221320909 0.6352289715581279 -0.6839931193322272
v -2.0434193290143363 0.5161544018013654 -0.613812624160271
v -1.965017485848734 0.38169935340733313 -0.6022566496889027
v -1.8926376617315868 0.2523333886559733 -0.651084488276218
v -1.8372990287599902 0.14775130297528954 -0.7528625441227577
v -1.9264722871873086 0.09606011301683956 -0.7419102138492761
v -1.9003246034083654 0.028009480081986865 -0.8799100674236571
v -1.9091254361967165 0.007051717012197589 -1.0343181860759167
v -1.9515349385400826 0.036377453252251835 -1.1816273334543297
v -2.021096648149783 0.11152211129806233 -1.299411027231279
v -2.107220425316209 0.2210455981501759 -1.369737767741067
v -2.196794705679755 0.3482739557682389 -1.3819009462545682
v -2.276182617047946 0.4738378200328349 -1.3340488291025905
v -2.333298069568183 0.5786212308489435 -1.233466467341
v -2.359445753347126 0.6466718637837962 -1.0954666137666191
v -2.350644920558775 0.6676296268535854 -0.9410584951143595
v -2.308235418215409 0.6383038906135313 -0.7937493477359467
v -2.2386737086057082 0.5631592325677208 -0.6759656539589972
v -2.1525499314392826 0.45363574571560705 -0.6056389134492093
v -2.062975651075736 0.3264073880975442 -0.5934757349357079
v -1.9835877397075454 0.20084352383294823 -0.6413278520876855
v -1.9264722871873086 0.09606011301683962 -0.741910213849276
v -2.0123306365175564 0.034855147526054814 -0.7241294645946044
v -1.9892915014768502 -0.03653227639956899 -0.8609928401127744
v -2.0059735363424056 -0.06453760671663261 -1.0136229838687336
v -2.059837052528965 -0.0448972857533147 -1.1587833400713357
v -2.142681817971115 0.01939862566367262 -1.2743745603706405
v -2.2418954681199557 0.11856165786498124 -1.3427989293131
v -2.342373624114306 0.2374951381130874 -1.3536394569956738
v -2.428819397540777 0.3580925221749001 -1.305245771348318
v -2.488072203028077 0.46199395154501716 -1.20498537232099
v -2.5111113380687833 0.533381375470641 -1.0681219968028202
v -2.4944293032032276 0.5613867057877047 -0.9154918530468608
v -2.4405657870166686 0.5417463848243869 -0.7703314968442587
v -2.3577210215745183 0.47745047340739943 -0.6547402765449538
v -2.2585073714256776 0.3782874412060907 -0.5863159076024944
v -2.1580292154313274 0.2593539609579847 -0.5754753799199207
v -2.0715834420048562 0.1387565768961721 -0.6238690655672763
v -2.0123306365175564 0.03485514752605487 -0.7241294645946043
v -2.0936918260824857 -0.03549625037894735 -0.6989021396742072
v -2.0732679418788904 -0.10967009996088577 -0.8346948294208293
v -2.0970218890764163 -0.14451008778556212 -0.9849628394472543
v -2.161337344544307 -0.1347121415319456 -1.1268292274098624
v -2.256422863208633 -0.08176790969854522 -1.2386961217633554
v -2.3678025368051223 0.006262328358660363 -1.3035328019183368
v -2.4785198196879663 0.11597676689155684 -1.3114684710671798
v -2.5717190091929196 0.23067237719737269 -1.261294995518993
v -2.63321137357061 0.33288779232534377 -1.1606508321022995
v -2.6536352577742055 0.4070616419072823 -1.0248581423556775
v -2.6298813105766796 0.44190162973195857 -0.8745901323292524
v -2.5655658551087885 0.43210368347834205 -0.7327237443666446
v -2.4704803364444627 0.37915945164494175 -0.6208568500131513
v -2.359100662847973 0.291129213587736 -0.5560201698581698
v -2.2483833799651296 0.18141477505483966 -0.5480845007093269
v -2.1551841904601763 0.06671916474902402 -0.5982579762575135
v -2.0936918260824857 -0.0354962503789473 -0.6989021396742071
v -2.16919293356723 -0.11446631502932464 -0.665916159931057
v -2.1509758302193793 -0.1910776719950873 -0.8006655077063486
v -2.180965746109899 -0.2326976331676397 -0.9480660958098668
v -2.25459698840372 -0.23298993674434826 -1.0856775208925096
v -2.3606598679304835 -0.19191008215539768 -1.1925496909361195
v -2.4830072727446355 -0.11571210487214642 -1.2524122868501906
v -2.6030129195452085 -0.01599645619958548 -1.256151771062589
v -2.702407036460712 0.09205606027649398 -1.2031988410004857
v -2.7660577702006743 0.1919954284211098 -1.1016151002463295
v -2.7842748735485245 0.2686067853868725 -0.966865752471038
v -2.7542849576580055 0.31022674655942484 -0.8194651643675197
v -2.6806537153641843 0.31051905013613346 -0.681853739284877
v -2.5745908358374208 0.2694391955471829 -0.574981569241267
v -2.452243431023269 0.19324121826393154 -0.5151189733271959
v -2.332237784222696 0.09352556959137068 -0.5113794891147976
v -2.2328436673071925 -0.014526946884708625 -0.5643324191769007
v -2.16919293356723 -0.11446631502932458 -0.6659161599310569
v -2.237395869000729 -0.20134864588439078 -0.6251216026075626
v -2.221032640385467 -0.2801902484027456 -0.7588182594768
v -2.256398826829094 -0.32862731677837276 -0.9029072349745725
v -2.3381102470408477 -0.3392857464342013 -1.0354522887511592
v -2.453727078009356 -0.3105428880740366 -1.1362746378929796
v -2.5856477052888467 -0.24677458132855404 -1.1900249937000622
v -2.7137884092394815 -0.15768897283861316 -1.1885203517489675
v -2.81864092928315 -0.056848538933755466 -1.1319897801371366
v -2.8842424197336647 0.04039467844481405 -1.0290395459415624
v -2.900605648348927 0.1192362809631689 -0.8953428890723251
v -2.8652394619052997 0.16767334933879607 -0.7512539135745525
v -2.783528041693546 0.1783317789946246 -0.618708859797966
v -2.6679112107250376 0.14958892063445994 -0.5178865106561454
v -2.535990583445547 0.0858206138889773 -0.4641361548490629
v -2.4078498794949126 -0.0032649946009635222 -0.4656407968001576
v -2.302997359451244 -0.10410542850582105 -0.5221713684119885
v -2.237395869000729 -0.20134864588439072 -0.6251216026075624
v -2.296873168446534 -0.29524715526092504 -0.5766962158189732
v -2.2820446866627795 -0.3762110079657295 -0.7092990826038652
v -2.321906629022518 -0.43154697032098777 -0.8496825090398751
v -2.410390376150887 -0.45283064367985953 -0.9764743910310498
v -2.534025079654757 -0.43682178171043606 -1.0703718139155054
v -2.6739884766770423 -0.385957588526867 -1.1170797462413415
v -2.808972408792454 -0.3079816764562913 -1.1094873287204106
v -2.9184267959688115 -0.21476517125805103 -1.0487504380948383
v -2.9856881999650047 -0.12049944083885433 -0.9441157153810831
v -3.0005166817487594 -0.03953558813404984 -0.8115128485961911
v -2.960654739389021 0.01580037422120842 -0.6711294221601812
v -2.8721709922606524 0.037084047580080215 -0.5443375401690067
v -2.7485362887567817 0.0210751856106568 -0.45044011728455097
v -2.608572891734496 -0.029789007572912335 -0.40373218495871477
v -2.473588959619085 -0.107764919643488 -0.41132460247964564
v -2.3641345724427283 -0.20098142484172815 -0.47206149310521794
v -2.296873168446534 -0.295247155260925 -0.5766962158189731
v -2.3462795432189267 -0.3950764953908399 -0.5210169998366218
v -2.3326844363328942 -0.47812308379686486 -0.6524589521169568
v -2.376143973224509 -0.5404508042733749 -0.7887860349352899
v -2.4700418333637053 -0.5725708263800146 -0.9092436857406129
v -2.6000829187305126 -0.5695931679197732 -0.9954933191491391
v -2.746469652903208 -0.5319711504006817 -1.0344042103292943
v -2.8869159826030497 -0.4654323849455835 -1.0200525288270064
v -3.0000402272823847 -0.38010679541960635 -0.9546231880526825
v -3.0686202461626166 -0.2889844293496853 -0.8480772120207619
v -3.0822153530486496 -0.20593784094366033 -0.716635259740427
v -3.0387558161570345 -0.14361012046715022 -0.5803081769220938
v -2.9448579560178385 -0.11149009836051066 -0.459850526116771
v -2.814816870651031 -0.11446775682075189 -0.3736008927082446
v -2.668430136478335 -0.15208977433984353 -0.33469000152808953
v -2.5279838067784937 -0.2186285397949417 -0.3490416830303772
v -2.4148595620991586 -0.3039541293209187 -0.41447102380470097
v -2.3462795432189267 -0.39507649539083983 -0.5210169998366216
v -2.384411754848809 -0.499574260165964 -0.45863522482985464
v -2.371754756178578 -0.5847094901167079 -0.5888287062422662
v -2.417899404506182 -0.6541087581829542 -0.7207868913577764
v -2.5158205954260233 -0.6972066549075487 -0.8344203426964754
v -2.650610715278361 -0.7074419161975785 -0.9124293973818479
v -2.8017491901911566 -0.6832563163045111 -0.9429378839918876
v -2.9462265574326234 -0.628331893569057 -0.9213011620003357
v -3.0620474475308437 -0.5510303934615575 -0.8508132261930329
v -3.1315791798873467 -0.46312026863353545 -0.7422052258219114
v -3.144236178557578 -0.37798503868279165 -0.6120117444094999
v -3.0980915302299734 -0.30858577061654524 -0.48005355929398963
v -3.0001703393101327 -0.2654878738919508 -0.36642010795529084
v -2.8653802194577946 -0.255252612601921 -0.2884110532699181
v -2.714241744544999 -0.2794382124949884 -0.25790256665987843
v -2.569764377303532 -0.3343626352304424 -0.2795392886514303
v -2.4539434872053123 -0.4116641353379419 -0.3500272244587331
v -2.384411754848809 -0.49957426016596396 -0.4586352248298546
v -2.410257912141482 -0.6073236375543992 -0.3902532199192209
v -2.398241574734484 -0.6945809475714206 -0.5190954454522456
v -2.446147957616065 -0.7711007944186539 -0.6464070361031662
v -2.5466837482649467 -0.8252337250677463 -0.7528059562778232
v -2.6845432839140484 -0.8487384915436121 -0.8220939348882381
v -2.8387386999605972 -0.8380367062215394 -0.8437225052880655
v -2.9857951420964324 -0.7947576189048882 -0.8143989136974106
v -3.1033246000763417 -0.7254900783117151 -0.7385874111169307
v -3.173434279330073 -0.6407794395855116 -0.627829611581522
v -3.1854506167370715 -0.5535221295684902 -0.4989873860484972
v -3.13754423385549 -0.477002282721257 -0.37167579539757656
v -3.0370084432066085 -0.4228693520721646 -0.26527687522291976
v -2.8991489075575068 -0.3993645855962987 -0.19598889661250474
v -2.744953491510958 -0.4100663709183715 -0.17436032621267733
v -2.597897049375123 -0.4533454582350227 -0.20368391780333234
v -2.4803675913952135 -0.5226129988281956 -0.2794954203838119
v -2.410257912141482 -0.6073236375543992 -0.39025321991922085
v -2.4230366212035452 -0.7167846100664238 -0.31670198405470323
v -2.4113557115828486 -0.8062105932113812 -0.44407976659694715
v -2.4600931267840687 -0.8898560290192606 -0.5664997609785923
v -2.561829037148588 -0.9549866581360764 -0.6653246327950461
v -2.701075072561733 -0.9916869326894162 -0.725509191161947
v -2.8566322864003064 -0.9943695685673515 -0.7378908826423146
v -3.0048185029870402 -0.9626261587756214 -0.7005847069485758
v -3.123073714158003 -0.9012893497002905 -0.6192701911487773
v -3.1933946359985743 -0.8196971145035191 -0.5063267331555175
v -3.205075545619271 -0.7302711313585617 -0.3789489506132736
v -3.156338130418051 -0.6466256955506823 -0.2565289562316283
v -3.0546022200535314 -0.5814950664338667 -0.1577040844151747
v -2.9153561846403866 -0.5447947918805267 -0.09751952604827363
v -2.7597989708018127 -0.5421121560025914 -0.08513783456790608
v -2.6116127542150793 -0.5738555657943215 -0.12244401026164489
v -2.493357543044117 -0.6351923748696523 -0.20375852606144312
v -2.4230366212035452 -0.7167846100664238 -0.3167019840547032
v -2.422226171479051 -0.8263316609935094 -0.23891911719739672
v -2.4105642932276794 -0.9179741232160396 -0.36471343070095125
v -2.4591985389732707 -1.008695907117662 -0.48202846666332466
v -2.560724785671595 -1.0846854434943738 -0.573004074322695
v -2.69968658260055 -1.1343740142796832 -0.62379004210886
v -2.8549282558695284 -1.1501969849995424 -0.6266546668023205
v -3.0028156679926012 -1.12974545179744 -0.5811618352613848
v -3.1208343010767594 -1.0761329752097857 -0.49423741869461524
v -3.1910168880765135 -0.9975215687987393 -0.37911487155250434
v -3.2026787663278857 -0.9058791065762092 -0.2533205580489498
v -3.154044520582294 -0.8151573226745867 -0.13600552208657635
v -3.0525182738839702 -0.739167786297875 -0.04502991442720622
v -2.913556476955015 -0.6894792155125655 0.005756053358958957
v -2.758314803686036 -0.6736562447927064 0.00862067805241945
v -2.6104273915629634 -0.6941077779948087 -0.0368721534885163
v -2.4924087584788053 -0.7477202545824629 -0.12379657005528563
v -2.422226171479051 -0.8263316609935094 -0.23891911719739664
v -2.4075838965494256 -0.9342959798695296 -0.1579268274261626
v -2.3956120605645452 -1.028193755474222 -0.28201724799129013
v -2.4432096870035447 -1.125880284560464 -0.39404562648908154
v -2.543130468714644 -1.2124836786054674 -0.4769566578330281
v -2.680162372466471 -1.274819355927602 -0.5181278890913845
v -2.8334435331101098 -1.3033972747288947 -0.511291373523207
v -2.9796382834347486 -1.2938667059313282 -0.4574879086505824
v -3.096489797962172 -1.2476785922395102 -0.36490858427074435
v -3.166208492867197 -1.171864655266727 -0.2476477632868578
v -3.1781803288520774 -1.0779668796620347 -0.12355734272173027
v -3.130582702413078 -0.9802803505757923 -0.011528964223938842
v -3.0306619207019785 -0.8936769565307892 0.07138206712000761
v -2.8936300169501514 -0.8313412792086545 0.1125532983783642
v -2.7403488563065124 -0.8027633604073616 0.10571678281018657
v -2.594154105981874 -0.8122939292049285 0.05191331793756207
v -2.4773025914544506 -0.8584820428967463 -0.04066600644227582
v -2.4075838965494256 -0.9342959798695296 -0.1579268274261625
v -2.379155899806569 -1.0390102571216429 -0.07480990895961573
v -2.366532873823155 -1.135184367385328 -0.19707907648110862
v -2.4121660558390587 -1.2396551135364207 -0.30367187874338886
v -2.5091082075581825 -1.33651777150309 -0.37836052786818297
v -2.6426007651640844 -1.4110258796720914 -0.4097743540805314
v -2.7923206968743135 -1.4518362539923766 -0.3931308871066478
v -2.9354745003005487 -1.4527358849206466 -0.33096394391990214
v -3.0502683065636043 -1.4135878118032472 -0.2327378780757331
v -3.1192257992683756 -1.340351973894136 -0.11340671767741127
v -3.1318488252517898 -1.244177863630451 0.008862449844081619
v -3.086215643235886 -1.1397071174793583 0.11545525210636187
v -2.9892734915167622 -1.042844459512689 0.19014390123115593
v -2.8557809339108604 -0.9683363513436876 0.22155772744350444
v -2.706061002200631 -0.9275259770234023 0.2049142604696208
v -2.562907198774396 -0.9266263460951324 0.14274731728287515
v -2.448113392511341 -0.9657744192125316 0.044521251438706305
v -2.379155899806569 -1.0390102571216429 -0.07480990895961565
v -2.3372774310395354 -1.138854266826771 0.00930634173535788
v -2.3236517839506523 -1.2373001899933633 -0.11103189636739502
v -2.366404023636632 -1.3483003642882891 -0.21207523808131928
v -2.459025509155302 -1.4549560193942315 -0.27844075059064355
v -2.587415458952302 -1.541029798657232 -0.30002488622069207
v -2.7320276670288317 -1.5934177494452508 -0.2735416559824668
v -2.87084623561817 -1.6041442811487687 -0.20302289160865758
v -2.9827372960460483 -1.5715763765521766 -0.09920443572098593
v -3.0506664486573105 -1.5006722039015157 0.022108292888296303
v -3.0642920957461937 -1.4022262807349233 0.1424465309910492
v -3.021539856060214 -1.2912261064399975 0.24348987270497352
v -2.928918370541544 -1.1845704513340551 0.3098553852142977
v -2.800528420744544 -1.0984966720710545 0.3314395208443463
v -2.655916212668014 -1.0461087212830356 0.304956290606121
v -2.517097644078676 -1.0353821895795179 0.23443752623231182
v -2.405206583650798 -1.06795009417611 0.13061907034464035
v -2.3372774310395354 -1.138854266826771 0.009306341735357958
v -2.2825643176865986 -1.2322995390176088 0.09327826880442647
v -2.267578138301141 -1.3329804885875685 -0.02503196075120577
v -2.306551012183992 -1.4501768030483062 -0.12045045253618157
v -2.3935496725764684 -1.566046405910411 -0.1784506061470204
v -2.515329362078636 -1.6629492004986932 -0.19020242396917378
v -2.6533502268994242 -1.7261326147631069 -0.1539167982697126
v -2.7865998415321234 -1.7459775466409717 -0.07511788663136396
v -2.8947921600596698 -1.7194627851486384 0.03419789096284652
v -2.9614558827520536 -1.6506249623664029 0.15738819832419174
v -2.976442062137511 -1.5499440127964432 0.27569842787982396
v -2.9374691882546604 -1.4327476983357055 0.37111691966479976
v -2.8504705278621842 -1.3168780954736008 0.4291170732756386
v -2.7286908383600164 -1.2199753008853185 0.44086889109779204
v -2.590669973539228 -1.1567918866209048 0.4045832653983308
v -2.457420358906529 -1.13694695474304 0.32578435375998216
v -2.3492280403789825 -1.1634617162353733 0.21646857616577186
v -2.2825643176865986 -1.2322995390176088 0.09327826880442655
v -2.2158959844283688 -1.3179515129838673 0.17596603935851396
v -2.199190310648176 -1.4207927162080054 0.05976295429039051
v -2.233511484799688 -1.5437702647630964 -0.029998558356345045
v -2.3136344192405542 -1.6681619416758815 -0.07965312197136565
v -2.427361123518364 -1.775030241749748 -0.08164127936402443
v -2.55737773784196 -1.8481054350620025 -0.03566035159398073
v -2.683890411284121 -1.8762624858591315 0.051289481903924405
v -2.7876387361535166 -1.8552147384015725 0.1659708971818385
v -2.852827970469689 -1.7881665214414335 0.29092468835331725
v -2.869533644249882 -1.6853253182172954 0.4071277734214407
v -2.83521247009837 -1.5623477696622043 0.49688928606817634
v -2.755089535657503 -1.4379560927494195 0.5465438496831969
v -2.641362831379694 -1.3310877926755527 0.5485320070758557
v -2.5113462170560976 -1.258012599363298 0.5025510793058119
v -2.384833543613937 -1.2298555485661695 0.41560124580790686
v -2.2810852187445416 -1.250903296023728 0.30091983052999294
v -2.2158959844283688 -1.3179515129838673 0.17596603935851404
v -2.138390733246939 -1.394587639268176 0.2562558399288758
v -2.119612785578955 -1.4994716824734868 0.14221516403350432
v -2.148445536717058 -1.6277320950146543 0.05809329628815543
v -2.2204994616700113 -1.7598423917658208 0.016697028490428367
v -2.324805003534185 -1.8756899776294431 0.024328567154425162
v -2.445482589092849 -1.957638107818766 0.07982607969862249
v -2.5641601498897346 -1.9932109223741146 0.17474057292437026
v -2.662770103108283 -1.9769927827478047 0.2946221756400721
v -2.726299977272423 -1.9114527536801396 0.4212200005616971
v -2.7450779249404067 -1.806568710474829 0.5352606764570687
v -2.716245173802304 -1.6783082979336612 0.6193825442024176
v -2.6441912488493506 -1.546198001182495 0.6607788120001445
v -2.539885706985177 -1.4303504153188724 0.6531472733361479
v -2.419208121426513 -1.3484022851295496 0.5976497607919504
v -2.3005305606296274 -1.312829470574201 0.5027352675662027
v -2.201920607411079 -1.3290476102005109 0.38285366485050104
v -2.138390733246939 -1.394587639268176 0.25625583992887585
v -2.0513741018276264 -1.4611899605725585 0.33308206318225075
v -2.0301864839238406 -1.567953331564166 0.221228511345665
v -2.052740991528592 -1.7009144807450407 0.1426716746502084
v -2.1156039053161786 -1.839831278448213 0.10937111936326632
v -2.2092049165161716 -1.9635549015072817 0.12639655315699028
v -2.319294119668652 -2.05324954986894 0.19115600807222743
v -2.4291114315547664 -2.0952600264041368 0.29379044414405364
v -2.5219381619362653 -2.0831906168863075 0.4186746988640131
v -2.583642282588971 -2.0188787795050707 0.5467962765295802
v -2.604829900492757 -1.9121154085134633 0.6586498283661659
v -2.5822753928880053 -1.7791542593325884 0.7372066650616225
v -2.519412479100419 -1.6402374616294164 0.7705072203485646
v -2.425811467900426 -1.5165138385703474 0.7534817865548407
v -2.3157222647479454 -1.4268191902086893 0.6887223316396034
v -2.205904952861831 -1.3848087136734923 0.5860878955677773
v -2.113078222480332 -1.3968781231913219 0.46120364084781806
v -2.0513741018276264 -1.4611899605725585 0.3330820631822508
v -1.956341270682662 -1.5169707501957719 0.4054494710758843
v -1.9324333902414415 -1.6254017665836262 0.2957695844316438
v -1.9479801096138774 -1.7623994376249532 0.22263623196920504
v -2.0006145817068783 -1.9071071097906915 0.19718330364548342
v -2.082323685276963 -2.0374943517719224 0.22328577706639574
v -2.1806679500004535 -2.1337108879402953 0.29696978727311885
v -2.2806753530661785 -2.1811086228692473 0.40701761165889505
v -2.367120673926748 -2.172471681077383 0.536675466547002
v -2.4268433961099247 -2.1091149586584415 0.6662041188821071
v -2.450751276551145 -2.000683942270587 0.7758840055263475
v -2.435204557178709 -1.8636862712292601 0.8490173579887863
v -2.382570085085708 -1.7189785990635218 0.8744702863125079
v -2.3008609815156236 -1.5885913570822907 0.8483678128915956
v -2.202516716792133 -1.492374820913918 0.7746838026848724
v -2.102509313726408 -1.444977085984966 0.6646359782990964
v -2.016063992865839 -1.4536140277768301 0.5349781234109895
v -1.956341270682662 -1.5169707501957719 0.40544947107588436
v -1.8549146469462268 -1.561389819534217 0.4724553447498983
v -1.828016738151448 -1.6712281888148894 0.36488869223798515
v -1.8359022366063495 -1.8115202666059074 0.2969585706453887
v -1.877370646653394 -1.9609078558144406 0.2790067251964962
v -1.946108778774992 -2.0966480501853586 0.31376616162701726
v -2.0316518754683495 -2.198075635613615 0.395945070835481
v -2.1209767757120055 -2.2497491816611084 0.5130324588485655
v -2.2004845731761007 -2.2438018593639706 0.6472028322410946
v -2.2580709264367047 -2.1811390946293296 0.778029967921519
v -2.284968835231483 -2.0713007253486575 0.8855966204334321
v -2.277083336776582 -1.9310086475576393 0.9535267420260285
v -2.2356149267295375 -1.7816210583491063 0.9714785874749211
v -2.1668767946079397 -1.6458808639781881 0.9367191510444
v -2.081333697914582 -1.544453278549932 0.8545402418359362
v -1.992008797670926 -1.4927797325024381 0.7374528538228518
v -1.912501000206831 -1.4987270547995757 0.6032824804303228
v -1.8549146469462268 -1.561389819534217 0.47245534474989836
v -1.7487979092256503 -1.5941621208758818 0.5333116820342385
v -1.7186982264116606 -1.7051004336885098 0.42774061856904
v -1.718363981146865 -1.8478743247281337 0.36470052090178695
v -1.7478460592428877 -2.000747763332516 0.35378867244241013
v -1.8026560815653128 -2.140447154275311 0.3966663032026972
v -1.8744497190696408 -2.2457045316636113 0.4868056825860851
v -1.952297041256782 -2.30049541395055 0.6104839071969619
v -2.0243464990114775 -2.296478385988525 0.7488720884842197
v -2.0796292155205354 -2.234265003870306 0.8809018803388606
v -2.109728898334525 -2.1233266910576782 0.9864729438040591
v -2.1100631435993207 -1.980552800018054 1.0495130414713123
v -2.0805810655032984 -1.8276793614136722 1.060424889930689
v -2.025771043180873 -1.6879799704708764 1.017547259170402
v -1.953977405676545 -1.5827225930825761 0.927407879787014
v -1.876130083489404 -1.5279317107956376 0.8037296551761373
v -1.8040806257347086 -1.5319487387576625 0.6653414738888798
v -1.7487979092256503 -1.5941621208758818 0.5333116820342386
v -1.639727935143332 -1.615254263567271 0.5873676036995965
v -1.6062939741490159 -1.7269417711231563 0.48360527669902803
v -1.5972988218221014 -1.8713259621863443 0.4250318851117839
v -1.614111908563102 -2.0264256525134163 0.42056469683790476
v -1.654173594326711 -2.168628320234269 0.4708838007969265
v -1.7113848506155054 -2.2762848982587958 0.5683285695549011
v -1.7770357822808451 -2.3330056484920725 0.6980639204074554
v -1.8411316301038603 -2.330155350885964 0.8403388222411721
v -1.893914382283804 -2.2681679374129873 0.9734932109770646
v -1.92734834327812 -2.1564804298571025 1.0772555379776332
v -1.9363434956050347 -2.012096238793914 1.1358289295648771
v -1.9195304088640341 -1.856996548466843 1.1402961178387563
v -1.879468723100425 -1.7147938807459897 1.0899770138797347
v -1.8222574668116307 -1.6071373027214628 0.99253224512176
v -1.756606535146291 -1.5504165524881863 0.8627968942692058
v -1.6925106873232758 -1.553266850094295 0.7205219924354892
v -1.639727935143332 -1.615254263567271 0.5873676036995966
v -1.5294261058359155 -1.624868522942255 0.6341323194048223
v -1.4926311556829635 -1.7369175798655265 0.531908593772093
v -1.4746784079578688 -1.8819984357344781 0.47724787930695034
v -1.4783010057597135 -2.038023845404295 0.4784717742861018
v -1.5029474414120978 -2.1812403546266093 0.5353939517936073
v -1.5448655185074411 -2.2898445481332117 0.6393485263047729
v -1.5976735897962933 -2.3473024219621883 0.7745093562008385
v -1.6533321051312846 -2.3448665356800005 0.920299430366102
v -1.7033675600983602 -2.282907730891747 1.0545235315992154
v -1.7401625102513123 -2.1708586739684756 1.1567472572319446
v -1.758115257976407 -2.0257778180995243 1.2114079716970874
v -1.7544926601745623 -1.869752408429707 1.210184076717936
v -1.729846224522178 -1.7265358992073927 1.1532618992104304
v -1.6879281474268344 -1.61793170570079 1.0493073246992646
v -1.6351200761379825 -1.5604738318718137 0.9141464948031992
v -1.5794615608029912 -1.5629097181540015 0.768356420637936
v -1.5294261058359155 -1.624868522942255 0.6341323194048224
v -1.4195503845423385 -1.6234128404496853 0.6732993457773063
v -1.379507416227835 -1.7354083748361113 0.5722443579615099
v -1.3524782176825128 -1.8802534757519855 0.5207869118234042
v -1.3425777393646017 -2.035896789606975 0.5267609370746051
v -1.351313239349945 -2.1786430327768116 0.5892569425252911
v -1.377354816953278 -2.2867603837368047 0.6987604778732952
v -1.4167378780519826 -2.3437889558895213 0.8386006225139038
v -1.463466708602119 -2.341046666090005 0.9874879820796519
v -1.510427267750332 -2.2789510031013127 1.12275580574393
v -1.5504702360648357 -2.166955468714887 1.2238107935597262
v -1.5774994346101578 -2.022110367799013 1.2752682396978319
v -1.587399912928069 -1.8664670539440231 1.269294214446631
v -1.5786644129427256 -1.7237208107741864 1.206798208995945
v -1.5526228353393925 -1.6156034598141935 1.0972946736479408
v -1.513239774240688 -1.558574887661477 0.9574545290073324
v -1.4665109436905517 -1.5613171774609933 0.8085671694415846
v -1.4195503845423385 -1.6234128404496853 0.6732993457773064
v -1.3116490680366162 -1.6114551788965552 0.7047732422839681
v -1.2686550824947087 -1.7229674174895455 0.6043985071780141
v -1.232650573828232 -1.8666568867141682 0.5552501462081899
v -1.209116902099974 -2.020648167429256 0.5648105518011496
v -1.2016368554972956 -2.1614974830803724 0.6316242388706577
v -1.2113492033086641 -2.267761802161861 0.7455194292279629
v -1.2367753286224503 -2.323263345382017 0.8891566126036371
v -1.2740443343480305 -2.319552505908313 1.0406683299030437
v -1.317482352208063 -2.2571942254117765 1.1769882956244855
v -1.3604763377499705 -2.145681986818786 1.2773630307304393
v -1.396480846416447 -2.0019925175941635 1.3265113917002638
v -1.4200145181447053 -1.848001236879076 1.3169509861073039
v -1.4274945647473836 -1.7071519212279593 1.250137299037796
v -1.417782216936015 -1.6008876021464706 1.1362421086804906
v -1.3923560916222288 -1.545386058926315 0.9926049253048166
v -1.3550870858966488 -1.549096898400019 0.8410932080054101
v -1.3116490680366162 -1.6114551788965552 0.7047732422839682
v -1.2071157164883206 -1.5896604278659607 0.7287009871185571
v -1.1617114157576462 -1.7002607196296646 0.6283786340095403
v -1.1171079908317327 -1.8419279820472851 0.5804258359643408
v -1.0800959088244964 -1.9930946586326712 0.5921429717921436
v -1.05630992370618 -2.130746993205033 0.6617462137792665
v -1.0493712360905556 -2.2339286656472495 0.7786390992881296
v -1.0603361982677417 -2.2869312016741823 0.9250257461366547
v -1.0875354941438922 -2.281685445644917 1.078620114340412
v -1.1268282774840932 -2.2189900163620115 1.2160388536767939
v -1.1722325782147676 -2.108389724598308 1.3163612067858108
v -1.216836003140681 -1.9667224621806874 1.3643140048310103
v -1.2538480851479175 -1.815555785595301 1.3525968690032077
v -1.2776340702662339 -1.6779034510229391 1.2829936270160847
v -1.2845727578818582 -1.5747217785807228 1.1661007415072213
v -1.2736077957046716 -1.52171924255379 1.0197140946586964
v -1.2464084998285219 -1.5269649985830556 0.8661197264549395
v -1.2071157164883206 -1.5896604278659607 0.7287009871185572
v -1.1071414574069887 -1.5587080231109003 0.7455110850739775
v -1.0601936959407596 -1.667986685421143 0.6444535210157523
v -1.0077185834431386 -1.8068696669496995 0.5963242201015607
v -0.9577049801038096 -1.9542132927362108 0.6084504321023891
v -0.9177670036567418 -2.087585831427974 0.6789860511654973
v -0.8939848489773434 -2.1866825230342415 0.7971926686955055
v -0.8899791335297838 -2.2364167945717064 0.9450743987191266
v -0.9063596911790528 -2.229217054041083 1.100117588391485
v -0.9406327305131743 -2.166179396672349 1.2387183175549785
v -0.9875804919794033 -2.056900734362106 1.3397758816132037
v -1.0400556044770242 -1.9180177528335494 1.3879051825273954
v -1.0900692078163532 -1.7706741270470383 1.3757789705265668
v -1.1300071842634212 -1.637301588355275 1.3052433514634587
v -1.1537893389428195 -1.5382048967490074 1.1870367339334504
v -1.1577950543903792 -1.4884706252115427 1.0391550039098294
v -1.1414144967411102 -1.495670365742166 0.8841118142374712
v -1.1071414574069887 -1.5587080231109003 0.7455110850739776
v -1.012653622582681 -1.5191892852000755 0.7559635322431427
v -0.9654714696024944 -1.62677236866339 0.6532100690943609
v -0.9063105635735449 -1.7622746716192248 0.603233447681073
v -0.8441776161437914 -1.9050671967739898 0.6136421555742506
v -0.7885318053228427 -2.033411076590336 0.6828515613523296
v -0.7478447013776574 -2.127767118806392 0.8003251603704229
v -0.7283105470543738 -2.1737704713344157 0.948178662078853
v -0.7329032402711624 -2.164417540773445 1.103902711137842
v -0.7609235851186344 -2.101132226016861 1.2437897327201783
v -0.808105738098821 -1.9935491425535465 1.3465431958689602
v -0.8672666441277705 -1.8580468395977117 1.3965198172822482
v -0.929399591557524 -1.7152543144429466 1.3861111093890706
v -0.9850454023784727 -1.5869104346266005 1.3169017036109916
v -1.025732506323658 -1.4925543924105447 1.199428104592898
v -1.0452666606469414 -1.446551039882521 1.0515746028844681
v -1.040673967430153 -1.4559039704434915 0.8958505538254795
v -1.012653622582681 -1.5191892852000755 0.7559635322431428
v -0.9242150566024107 -1.4714877136471556 0.7612089092472349
v -0.8787129435802148 -1.5770453763407424 0.6556357727324449
v -0.8146690903595516 -1.7088030242131123 0.6018133174913565
v -0.7418335930342916 -1.846701749761749 0.6079355244326535
v -0.6712949958167788 -1.9697477220769326 0.6730703430474678
v -0.6137921606994028 -2.059208307288193 0.7873015876502949
v -0.5780793730642861 -2.1014639422593406 0.9332385867591653
v -0.569593581091649 -2.090081589614302 1.088663755181945
v -0.5896266696854299 -2.026794109362002 1.2299150199589255
v -0.6351287827076257 -1.9212364466684146 1.3354881564737155
v -0.6991726359282889 -1.789478798796045 1.3893106117148042
v -0.7720081332535487 -1.6515800732474084 1.383188404773507
v -0.8425467304710618 -1.5285341009322246 1.3180535861586926
v -0.9000495655884377 -1.439073515720964 1.2038223415558653
v -0.9357623532235544 -1.3968178807498168 1.057885342446995
v -0.9442481451961915 -1.4082002333948551 0.9024601740242157
v -0.9242150566024107 -1.4714877136471556 0.761208909247235
v -0.8418328894749512 -1.4156605045633892 0.7628327977604034
v -0.8007496155547575 -1.518891798921684 0.6532243397587614
v -0.7344734910793371 -1.6468318119112086 0.5932461937625148
v -0.6530944552055081 -1.7800028363334137 0.5920294887963444
v -0.5690017284422637 -1.8981307909183613 0.6497594571618921
v -0.4949976661368418 -1.983231765413068 0.7576472344989693
v -0.4423487159267472 -2.0223499078929694 0.899267884713143
v -0.41907020321754485 -2.0095298357723452 1.0530609476036965
v -0.4287060705489676 -1.9467232888173172 1.1956128234831298
v -0.4697893444691612 -1.8434919944590225 1.3052212814847717
v -0.5360654689445816 -1.7155519814694977 1.3651994274810184
v -0.6174445048184106 -1.5823809570472929 1.3664161324471884
v -0.701537231581655 -1.464253002462345 1.308686164081641
v -0.775541293887077 -1.3791520279676384 1.2007983867445637
v -0.8281902440971715 -1.340033885487737 1.05917773653039
v -0.8514687568063738 -1.3528539576083611 0.9053846736398368
v -0.8418328894749512 -1.4156605045633892 0.7628327977604035
v -0.7645974103543243 -1.3513833426149262 0.7627903849567544
v -0.7317464553926303 -1.4519507459760865 0.6480491032152353
v -0.6670460925200781 -1.5763087885554976 0.5794379533460943
v -0.5803463654737643 -1.7055250856789068 0.5674023609552855
v -0.48484652176150705 -1.819927627457926 0.6137746358813929
v -0.39508554688025865 -1.9020996639683228 0.7114950196326357
v -0.32472873557042564 -1.939531247542755 0.8456864696203719
v -0.2844872745678473 -1.926523758900166 0.9959195540324917
v -0.2804875615204139 -1.865057470273211 1.1393226476335516
v -0.3133385164821079 -1.764490066912051 1.2540639293750706
v -0.37803887935466 -1.6401320243326396 1.3226750792442117
v -0.46473860640097375 -1.5109157272092304 1.3347106716350203
v -0.5602384501132311 -1.3965131854302113 1.288338396708913
v -0.6499994249944795 -1.3143411489198145 1.19061801295767
v -0.7203562363043126 -1.2769095653453821 1.056426562969934
v -0.7605976973068909 -1.2899170539879714 0.9061934785578145
v -0.7645974103543243 -1.3513833426149262 0.7627903849567546
v -0.6901113308558575 -1.2781198763708272 0.7629607142128023
v -0.6705249818404645 -1.3755034443209226 0.6425806277285977
v -0.612670372375189 -1.496740451595386 0.56312635265708
v -0.5253553422977782 -1.6233736628528879 0.5366940821230906
v -0.4218728134247995 -1.7361243196123923 0.5673078897063004
v -0.3179770627057036 -1.8178271564695134 0.6503071007170225
v -0.22948527637014726 -1.8560436571508148 0.7730558376685961
v -0.16986952670767824 -1.8449557058610098 0.9168667180802148
v -0.14820577118629102 -1.7862513426714424 1.0598458390580878
v -0.167792120201684 -1.688867774721347 1.1802259255422924
v -0.22564672966695956 -1.5676307674468837 1.2596802006138104
v -0.3129617597443701 -1.440997556189382 1.2861124711477996
v -0.41644428861734895 -1.3282468994298773 1.2554986635645897
v -0.5203400393364449 -1.2465440625727564 1.1724994525538674
v -0.6088318256720012 -1.208327561891455 1.0497507156022943
v -0.6684475753344702 -1.2194155131812598 0.9059398351906754
v -0.6901113308558575 -1.2781198763708272 0.7629607142128024
v -0.6140195572040876 -1.195799417028221 0.7638080057138071
v -0.6136008277457712 -1.2890931747490624 0.6386894657912444
v -0.569282162702298 -1.407652579073367 0.5473764154018355
v -0.48781067707683773 -1.5334280354364354 0.5037704387125045
v -0.3815896660150104 -1.6472713707643423 0.5145101503850393
v -0.26679031555511623 -1.7318509692458177 0.5779605266730251
v -0.1608897861459707 -1.7742903537280272 0.6844618229657096
v -0.08001047339942662 -1.7681285126375321 0.8178001823391864
v -0.03646551950834954 -1.7143035304231322 0.9576760482940813
v -0.036884248966665895 -1.6210097727022907 1.0827945882166439
v -0.08120291401013913 -1.5024503683779862 1.174107638606053
v -0.16267439963559926 -1.3766749120149178 1.2177136152953838
v -0.26889541069742673 -1.2628315766870108 1.206973903622849
v -0.38369476115732104 -1.1782519782055352 1.1435235273348632
v -0.48959529056646645 -1.1358125937233259 1.0370222310421788
v -0.5704746033130104 -1.1419744348138208 0.9036838716687023
v -0.6140195572040876 -1.195799417028221 0.7638080057138072
v -0.5308732682970869 -1.106095142606263 0.7619586973546102
v -0.5549705384827293 -1.1939537960833564 0.6352356600836373
v -0.5312120815221906 -1.3099443352829099 0.5335484920857069
v -0.46321490711676416 -1.4364082520686474 0.47237814289203056
v -0.36133096867375536 -1.5540925615082013 0.4610372436567496
v -0.24107117224091035 -1.6450808943003206 0.5012523434829275
v -0.12074398166736046 -1.6955211015886962 0.5869010579728168
v -0.01866812094922988 -1.6977341190552904 0.7049441467528619
v 0.04961628543912762 -1.6513830348518672 0.8374106196195654
v 0.07371355562476997 -1.563524381374774 0.9641336568905384
v 0.04995509866423123 -1.4475338421752204 1.0658208248884686
v -0.018042075741195027 -1.321069925389483 1.126991174082145
v -0.11992601418420393 -1.203385615949929 1.138332073317426
v -0.24018581061704908 -1.1123972831578097 1.098116973491248
v -0.3605130011905988 -1.061957075869434 1.012468259001359
v -0.4625888619087293 -1.05974405840284 0.894425170221314
v -0.5308732682970869 -1.106095142606263 0.7619586973546103
v -0.4377812128174069 -1.0133112429184752 0.7487259703971317
v -0.4887910089455833 -1.0944247679452026 0.6255304089791627
v -0.4904867624565289 -1.2076086660696208 0.5180823786492414
v -0.4426103102502461 -1.3356317148168784 0.4427398680062778
v -0.3524504081740214 -1.459003565547032 0.4109730913141034
v -0.2337330840174125 -1.558941972355028 0.4276182523575541
v -0.10453197420803984 -1.6202322187482623 0.49014127625652487
v 0.015483223496596615 -1.6335434203108323 0.5890235993950206
v 0.1080412831864423 -1.5968490672711793 0.7092112844456967
v 0.15905107931461876 -1.5157355422444518 0.8324068458636656
v 0.1607468328255643 -1.4025516441200336 0.939854876193587
v 0.11287038061928155 -1.2745285953727765 1.0151973868365505
v 0.022710478543056828 -1.1511567446426225 1.046964163528725
v -0.09600684561355216 -1.0512183378346263 1.0303190024852742
v -0.22520795542292474 -0.9899280914413922 0.9677959785863035
v -0.3452231531275611 -0.976616889878822 0.868913655447808
v -0.43778121281740684 -1.0133112429184752 0.7487259703971318
v -0.3383796280809904 -0.9231286823876901 0.7135865903689907
v -0.4142943120330703 -0.9971355813678376 0.5990506167179743
v -0.4419430041867026 -1.1074728305402612 0.49218719517606235
v -0.4171164417975153 -1.2373425839281142 0.4092653129536822
v -0.34359424393591365 -1.366973348850342 0.362909074930457
v -0.23256949874594324 -1.4766300164533452 0.3601757981250788
v -0.10094471724095572 -1.5496183531347343 0.40148159915395043
v 0.031241420776530193 -1.5748265462756872 0.48053804424844504
v 0.14386477406367726 -1.5484168769833335 0.585309506291385
v 0.2197794580157572 -1.474409978003186 0.6998454799424012
v 0.24742815016938952 -1.3640727288307624 0.8067089014843134
v 0.22260158778020225 -1.2342029754429094 0.8896307837066935
v 0.14907938991860054 -1.1045722105206817 0.9359870217299188
v 0.038054644728630016 -0.9949155429176783 0.9387202985352969
v -0.0935701367763574 -0.9219272062362894 0.8974144975064253
v -0.2257562747938431 -0.8967190130953365 0.8183580524119309
v -0.33837962808099037 -0.9231286823876901 0.7135865903689909
v -0.24102757429770288 -0.8400585467926884 0.6509482538571114
v -0.33668981027638073 -0.9079669126715141 0.548012642683837
v -0.3867029793413258 -1.0161237851478386 0.44721917338840345
v -0.38345302987290686 -1.1480632608316321 0.3639127379759659
v -0.3274347372168252 -1.2836987505843624 0.3107759860633505
v -0.22717637862288198 -1.4023809806299528 0.29589850644339755
v -0.09794138034272118 -1.4860416573010564 0.32154526052355603
v 0.04059540065367953 -1.5219442009604205 0.38381176248352666
v 0.167342995298665 -1.5046227747932752 0.4732185018471497
v 0.2630052312773429 -1.4367144089144495 0.5761541130204242
v 0.313018400342288 -1.328557536438125 0.6769475823158577
v 0.30976845087386895 -1.1966180607543315 0.7602540177282953
v 0.25375015821778735 -1.0609825710016012 0.8133907696409106
v 0.15349179962384402 -0.9423003409560107 0.8282682492608637
v 0.024256801343683354 -0.8586396642849072 0.8026214951807051
v -0.11427997965271716 -0.8227371206255434 0.7403549932207346
v -0.2410275742977028 -0.8400585467926884 0.6509482538571115
v -0.15263877415214522 -0.7666241118633419 0.562325191498932
v -0.2622948119273857 -0.8302910885214172 0.47132728460518325
v -0.3293495947594145 -0.937469373036611 0.37981214364961313
v -0.34359463981517535 -1.0718420431650535 0.3017121192558888
v -0.30286126811658365 -1.2129520779709775 0.24891723215947048
v -0.21335076625581598 -1.3393167538208317 0.2294650253339446
v -0.08869029672645437 -1.431698194315115 0.24631692093380358
v 0.05214171403562626 -1.476032162578416 0.29690737061678285
v 0.18770486903725572 -1.4655692138310705 0.3735344370222173
v 0.2973609068124962 -1.4019022371729952 0.46453234391596604
v 0.3644156896445251 -1.2947239526578014 0.5560474848715361
v 0.3786607347002859 -1.1603512825293592 0.6341475092652604
v 0.3379273630016942 -1.019241247723435 0.6869423963616789
v 0.24841686114092643 -0.8928765718735807 0.7063946031872047
v 0.12375639161156494 -0.8004951313792975 0.6895427075873457
v -0.01707561915051549 -0.7561611631159963 0.6389522579043666
v -0.15263877415214513 -0.7666241118633419 0.562325191498932
v -0.07553315272043655 -0.7042321949872988 0.45308927622342565
v -0.19442390239323343 -0.7655691254675671 0.3727069386243776
v -0.27348480122917074 -0.8729654161748442 0.2916269743054417
v -0.3006795440693098 -1.010070955398747 0.22219307284246909
v -0.27186797783719696 -1.1560126676572444 0.17497591631331322
v -0.1914364023141733 -1.288572250223896 0.1571638887749483
v -0.07162979575957137 -1.3875687083085373 0.17146870995365873
v 0.06931237202826357 -1.4379307285729093 0.21571260049851265
v 0.20993293364756624 -1.4319911499646114 0.28315982914592264
v 0.32882368332036316 -1.3706542194843434 0.36354216674497064
v 0.40788458215630047 -1.263257928777066 0.4446221310639066
v 0.4350793249964394 -1.1261523895531633 0.5140560325268791
v 0.4062677587643267 -0.9802106772946659 0.5612731890560351
v 0.3258361832413029 -0.8476510947280144 0.5790852165943999
v 0.20602957668670108 -0.7486546366433731 0.5647803954156896
v 0.06508740889886634 -0.6982926163790011 0.5205365048708358
v -0.07553315272043647 -0.7042321949872988 0.4530892762234257
v -0.008342518523649506 -0.6538700317828126 0.32913842928825343
v -0.13303325430086627 -0.7143593575128687 0.25736230874355065
v -0.22017272325524245 -0.8227787181393175 0.18657738952985378
v -0.25649473115972743 -0.9626222488307334 0.12756003393055768
v -0.23646958157068487 -1.1126000397241111 0.08929509934199431
v -0.1631459219846135 -1.2498793317079935 0.07760807518277679
v -0.0476866148928633 -1.3535605970177154 0.09427820493800805
v 0.09233070684107181 -1.4078593028828819 0.1367676124675567
v 0.23558967524338242 -1.4045089635545158 0.19860767064248736
v 0.36028041102059927 -1.3440196378244595 0.27038379118719014
v 0.44741987997497545 -1.2356002771980108 0.34116871040088703
v 0.4837418878794604 -1.0957567465065952 0.40018606600018314
v 0.4637167382904179 -0.9457789556132173 0.43845100058874653
v 0.39039307870434636 -0.8084996636293349 0.45013802474796405
v 0.2749337716125963 -0.7048183983196132 0.4334678949927328
v 0.13491644987866136 -0.6505196924544466 0.39097848746318425
v -0.00834251852364942 -0.6538700317828126 0.3291384292882535
v 0.05217100077560183 -0.616196874362105 0.19561728910345136
v -0.07597607750673456 -0.6767366719105415 0.13025821294043233
v -0.1684475463464695 -0.7864673045535308 0.06888423387129027
v -0.21116546286870574 -0.9286832781818398 0.020838983852796283
v -0.1976264115218104 -1.0817335000015698 -0.006563083331009828
v -0.12989159014154225 -1.2223174611443826 -0.00915025135175121
v -0.018273011265362293 -1.3290325279230657 0.013471352668993547
v 0.12023640829776827 -1.3856322987950545 0.05785779458441714
v 0.26454986501037775 -1.383499971723289 0.11725164097699421
v 0.3926969432927142 -1.3229601741748527 0.1826107171400132
v 0.4851684121324491 -1.2132295415318632 0.2439846962091553
v 0.5278863286546853 -1.0710135679035546 0.2920299462276492
v 0.5143472773077901 -0.9179633460838245 0.31943201341145544
v 0.44661245592752186 -0.7773793849410116 0.32201918143219677
v 0.3349938770513419 -0.6706643181623284 0.299397577411452
v 0.19648445748821158 -0.6140645472903395 0.25501113549602855
v 0.05217100077560192 -0.616196874362105 0.19561728910345139
v 0.10993566598227536 -0.5914123136250002 0.056874214707210276
v -0.020094689343539057 -0.6523142019090843 -0.00429453788480879
v -0.11615901056328781 -0.7631504574299773 -0.05763795591444445
v -0.16363237559650448 -0.9070472650177819 -0.09503498754597331
v -0.15528739496400754 -1.0620976401450635 -0.11079227371843098
v -0.09239451631965684 -1.2046965687338442 -0.10251091045221562
v 0.015471389688309856 -1.3131346565689888 -0.07145166023386362
v 0.15188871667705248 -1.3709031877713105 -0.02234301235631469
v 0.29608916323868356 -1.3692074271382952 0.037338686712075894
v 0.42611951856449803 -1.3083055388542113 0.09850743930409496
v 0.5221838397842469 -1.197469283333318 0.15185085733373063
v 0.5696572048174634 -1.0535724757455138 0.18924788896525943
v 0.5613122241849666 -0.898522100618232 0.20500517513771715
v 0.49841934554061573 -0.7559231720294511 0.19672381187150179
v 0.3905534395326492 -0.6474850841943067 0.1656645616531498
v 0.2541361125439067 -0.589716552991985 0.11655591377560097
v 0.10993566598227544 -0.5914123136250002 0.05687421470721032
v 0.16902307151921409 -0.5791410110603413 -0.08321751355437375
v 0.03817772052782853 -0.6401564689483408 -0.1425062782492729
v -0.0605443517878973 -0.7514628882167804 -0.18965904130421124
v -0.11211360483570812 -0.8961148755272437 -0.21749722198493593
v -0.10867908731551773 -1.0520904770852428 -0.2217827096365429
v -0.05076367338579635 -1.1956438214759213 -0.2018630776121173
v 0.0528155401871907 -1.3049202133301059 -0.16077090931546398
v 0.18628955708486522 -1.3632833125809558 -0.10476211486831516
v 0.32933816817953243 -1.3618478664303413 -0.04236352550426332
v 0.46018351917091804 -1.300832408542342 0.01692523919063582
v 0.5589055914866439 -1.1895259892739023 0.06407800224557417
v 0.6104748445344546 -1.0448740019634393 0.09191618292629884
v 0.6070403270142644 -0.8888984004054401 0.09620167057790585
v 0.5491249130845428 -0.7453450560147614 0.07628203855348023
v 0.44554569951155587 -0.636068664160577 0.03518987025682693
v 0.31207168261388163 -0.577705564909727 -0.02081892419032178
v 0.16902307151921417 -0.5791410110603413 -0.0832175135543737
v 0.23341794769863877 -0.5783917141164607 -0.22089780652557686
v 0.10253932716126138 -0.6387061103192474 -0.2808270138732024
v 0.001481578247366333 -0.7494608675236233 -0.32417750103821735
v -0.05437017286168094 -0.8937945779395965 -0.34434954932289297
v -0.05651300335691256 -1.049733742544678 -0.33827214723596044
v -0.0046206867202363555 -1.1935380371197912 -0.30687052415336813
v 0.09340664224543543 -1.303314561405052 -0.25492529253301865
v 0.22264521132502912 -1.3623508347047002 -0.19034464300441295
v 0.3634196199267227 -1.3616591195740138 -0.12296039403323543
v 0.4942982404641001 -1.3013447233712272 -0.06303118668560992
v 0.5953559893779952 -1.190589966166851 -0.01968069952059491
v 0.6512077404870424 -1.0462562557508783 0.0004913487640806902
v 0.6533505709822741 -0.8903170911457967 -0.005586053322851808
v 0.6014582543455979 -0.746512796570683 -0.036987676405444175
v 0.5034309253799262 -0.6367362722854224 -0.08893290802579362
v 0.37419235630033265 -0.5776999989857745 -0.15351355755439927
v 0.23341794769863886 -0.5783917141164607 -0.22089780652557683
v 0.3068716718410135 -0.587608927947264 -0.3521624993465355
v 0.17667957745550447 -0.6457750088784443 -0.41560755577341824
v 0.0732070424997523 -0.7545558216563311 -0.45825399615947177
v 0.012206822439905174 -0.8973904736360145 -0.4736092865468643
v 0.0029656478117029428 -1.0525336838529324 -0.45933572317016913
v 0.046890403680832804 -1.1963663049282618 -0.417606326663314
v 0.13729394414512328 -1.3069911241492405 -0.3547740193665463
v 0.26041314967902107 -1.3675665156059575 -0.2804044504895148
v 0.39750423731836776 -1.3688704250664194 -0.2058197127319271
v 0.5276963317038768 -1.3107043441352393 -0.1423746563050443
v 0.631168866659629 -1.2019235313573524 -0.09972821591899078
v 0.6921690867194761 -1.059088879377669 -0.08437292553159834
v 0.7014102613476784 -0.903945669160751 -0.09864648890829344
v 0.6574855054785484 -0.7601130480854217 -0.14037588541514862
v 0.567081965014258 -0.6494882288644432 -0.20320819271191629
v 0.44396275948036046 -0.5889128374077258 -0.27757776158894754
v 0.3068716718410136 -0.587608927947264 -0.35216249934653543
v 0.3926517831227058 -0.6048686574674579 -0.47240253189652
v 0.26410613465390687 -0.6586732304545155 -0.5426850601791919
v 0.15804758965102775 -0.7635595764275553 -0.5886087910455349
v 0.09062260016765228 -0.903559700009276 -0.603182252770805
v 0.07209600964357271 -1.057359851488641 -0.5841867679160895
v 0.10528832354211887 -1.201545352004762 -0.5345142268560197
v 0.18514631296131176 -1.3141652661488763 -0.4617268236842854
v 0.29951232292655616 -1.378074232894607 -0.37690578071433023
v 0.43097516515110545 -1.3835426913911424 -0.2929643328336607
v 0.5595208136199045 -1.3297381184040846 -0.22268180455098877
v 0.6655793586227836 -1.2248517724310448 -0.17675807368464586
v 0.733004348106159 -1.0848516488493243 -0.16218461195937572
v 0.7515309386302387 -0.9310514973699593 -0.18118009681409125
v 0.7183386247316924 -0.7868659968538382 -0.23085263787416102
v 0.6384806353124995 -0.6742460827097239 -0.30364004104589526
v 0.5241146253472554 -0.6103371159639932 -0.38846108401585033
v 0.3926517831227059 -0.6048686574674579 -0.47240253189651993
v 0.4929365831078298 -0.6283164686462848 -0.5761510283141111
v 0.36768044536735844 -0.6746286631448767 -0.656926211356014
v 0.25928725961732535 -0.7730254428026474 -0.7110329635439542
v 0.1842589058014974 -0.9085267898857301 -0.7302340223362479
v 0.15401777065461336 -1.0605038526234956 -0.7116062005897996
v 0.17316779286621364 -1.2058195008896233 -0.6579854153038815
v 0.23879355514996567 -1.322350744525227 -0.5775349449646459
v 0.34090413009718473 -1.3923567580451404 -0.4825026443959113
v 0.4639541083068236 -1.4051797604970493 -0.38735631988931785
v 0.589210246047295 -1.3588675659984575 -0.30658113684741506
v 0.6976034317973281 -1.2604707863406868 -0.2524743846594748
v 0.7726317856131559 -1.1249694392576042 -0.23327332586718116
v 0.80287292076004 -0.9729923765198384 -0.2519011476136294
v 0.7837228985484397 -0.8276767282537107 -0.3055219328995475
v 0.7180971362646877 -0.711145484618107 -0.3859724032387831
v 0.6159865613174689 -0.6411394710981938 -0.4810047038075176
v 0.49293658310782984 -0.6283164686462848 -0.576151028314111
v 0.6075467891362141 -0.6568805105152351 -0.6574360070697717
v 0.48844173358649 -0.6916807979430317 -0.7521010763077335
v 0.37916858786132523 -0.7801913616951914 -0.8198049116790771
v 0.29636319783384346 -0.9089372707907061 -0.8502402179853118
v 0.25263193350299895 -1.058318127654356 -0.8387734957380517
v 0.2546324834382645 -1.2055920509694897 -0.7871504494533462
v 0.30206028204702623 -1.3283379209528177 -0.7032302199639621
v 0.3876948769251652 -1.4078687915934605 -0.5997889014708829
v 0.49849917728202037 -1.4320768087855176 -0.4925744970167933
v 0.6176042328317445 -1.397276521357721 -0.3979094277788315
v 0.7268773785569093 -1.3087659576055612 -0.33020559240748776
v 0.809682768584391 -1.1800200485100467 -0.2997702861012532
v 0.8534140329152355 -1.0306391916463966 -0.31123700834851326
v 0.85141348297997 -0.8833652683312628 -0.3628600546332187
v 0.8039856843712083 -0.760619398347935 -0.44678028412260284
v 0.7183510894930694 -0.6810885277072924 -0.5502216026156819
v 0.6075467891362142 -0.6568805105152351 -0.6574360070697716
v 0.7322071608487288 -0.690804938991521 -0.7117650418884194
v 0.6235494873499365 -0.7098238742711844 -0.8221749132181426
v 0.5168246256807746 -0.7845642183859465 -0.9080948437330904
v 0.42828046856709306 -0.9036474314672411 -0.9564443028784715
v 0.3713970612746667 -1.048944173815456 -0.9598625237883405
v 0.35483438691439634 -1.1983343335263246 -0.917829113315419
v 0.38111396251661633 -1.329074613009037 -0.8367432771703952
v 0.4462349609208344 -1.4212609898759352 -0.7289495988614134
v 0.5402833004433294 -1.4608589239206213 -0.6108586887588892
v 0.6489409739421217 -1.4418399886409579 -0.5004488174291659
v 0.7556658356112836 -1.3670996445261958 -0.4145288869142182
v 0.8442099927249651 -1.2480164314449014 -0.36617942776883705
v 0.9010934000173916 -1.1027196890966864 -0.3627612068589681
v 0.9176560743776618 -0.9533295293858177 -0.4047946173318895
v 0.8913764987754419 -0.8225892499031054 -0.48588045347691333
v 0.8262555003712239 -0.7304028730362072 -0.5936741317858949
v 0.7322071608487289 -0.690804938991521 -0.7117650418884193
v 0.8583423483208337 -0.7307503551676551 -0.7399287517592116
v 0.76495243893456 -0.7310010848570221 -0.8649759890571012
v 0.6660200415550319 -0.78881484659267 -0.9709406024858355
v 0.576606716858867 -0.8953900192334012 -1.0416904402225027
v 0.5103248329972498 -1.0345014988510106 -1.0664544808205711
v 0.4772652059413379 -1.18497082372242 -1.0414626235855722
v 0.4824608642241286 -1.3238904031437835 -0.9705196522297844
v 0.5251208159708264 -1.4301109904573224 -0.8644259910424894
v 0.5987504702414224 -1.4874614641365718 -0.7393334381980196
v 0.6921403796276959 -1.4872107344472048 -0.61428620090013
v 0.7910727770072241 -1.429396972711557 -0.5083215874713957
v 0.8804861017033888 -1.3228218000708256 -0.4375717497347285
v 0.9467679855650062 -1.1837103204532162 -0.4128077091366599
v 0.979827612620918 -1.033240995581807 -0.43779956637165895
v 0.9746319543381274 -0.8943214161604432 -0.5087425377274467
v 0.9319720025914298 -0.7881008288469046 -0.6148361989147415
v 0.8583423483208337 -0.7307503551676551 -0.7399287517592115
v 0.9771753238733175 -0.7752664313838659 -0.7498733629855349
v 0.9023139828768125 -0.7565962086987135 -0.8855411631647965
v 0.8164555208188977 -0.7966772124448579 -1.009558852339121
v 0.7326711102389938 -0.8894074731371523 -1.1030458615548695
v 0.6637161681403181 -1.0206696491871012 -1.1517696411207932
v 0.6200884593792872 -1.170480264185689 -1.1483124372801417
v 0.6084299071286033 -1.3160320100359875 -1.0932005779780236
v 0.6305154202833938 -1.43516595286215 -0.9948243442029372
v 0.6829826796715172 -1.5097450298207749 -0.86816062576436
v 0.7578440206680221 -1.5284152525059271 -0.7324928255850984
v 0.843702482725937 -1.4883342487597826 -0.6084751364107739
v 0.9274868933058408 -1.3956039880674886 -0.5149881271950254
v 0.9964418354045166 -1.2643418120175394 -0.4662643476291016
v 1.0400695441655476 -1.1145311970189515 -0.4697215514697532
v 1.0517280964162312 -0.9689794511686532 -0.5248334107718714
v 1.0296425832614409 -0.8498455083424908 -0.6232096445469575
v 0.9771753238733175 -0.7752664313838659 -0.7498733629855348
v 1.085370868576649 -0.8199067391476802 -0.7522062648971471
v 1.0293070528386814 -0.7849263399404335 -0.8935985201043865
v 0.9597541369995068 -0.8092077744926311 -1.031189775025418
v 0.8873009219968875 -0.8890544145054535 -1.1440330083663464
v 0.8229777530249428 -1.0123103328485425 -1.214948860777473
v 0.7765772494686725 -1.160210933271845 -1.2331410365830062
v 0.7551634673729067 -1.3102396900831943 -1.1958399419290386
v 0.7619964609453075 -1.43955608507213 -1.1087243303413712
v 0.7960359688557179 -1.5284728693576264 -0.985056763979241
v 0.8520997845936856 -1.5634532685648732 -0.8436645087720018
v 0.9216527004328602 -1.5391718340126754 -0.7060732538509702
v 0.9941059154354793 -1.459325193999853 -0.593230020510042
v 1.058429084407424 -1.336069275656764 -0.5223141680989153
v 1.1048295879636945 -1.1881686752334615 -0.504121992293382
v 1.1262433700594603 -1.0381399184221123 -0.5414230869473496
v 1.1194103764870595 -0.9088235234331765 -0.6285386985350168
v 1.085370868576649 -0.8199067391476802 -0.752206264897147
v 1.1854594515353607 -0.8597277673793476 -0.7537767800161471
v 1.1460527466096728 -0.8122313107748758 -0.8971286122796642
v 1.09354302547613 -0.8241218809986433 -1.0436205681087112
v 1.0359244171755067 -0.8935892465223694 -1.1709505751812022
v 0.9819688325075879 -1.0100576306683033 -1.2597337941697386
v 0.9398905201294713 -1.155795777738758 -1.2964537848052007
v 0.9160955216598736 -1.3086163759618494 -1.2755202613808825
v 0.9142064099135928 -1.4452538745802852 -1.200120163075275
v 0.9345107850291595 -1.5449064530514174 -1.0817324713518128
v 0.9739174899548474 -1.5924029096558894 -0.9383806390882959
v 1.0264272110883903 -1.5805123394321217 -0.7918886832592491
v 1.0840458193890135 -1.5110449739083958 -0.6645586761867581
v 1.1380014040569324 -1.3945765897624616 -0.5757754571982213
v 1.1800797164350492 -1.248838442692007 -0.5390554665627595
v 1.2038747149046467 -1.0960178444689155 -0.5599889899870774
v 1.2057638266509274 -0.9593803458504799 -0.6353890882926849
v 1.1854594515353607 -0.8597277673793476 -0.753776780016147
v 1.2819099689222415 -0.8915991566102114 -0.7562667845221933
v 1.2561197710041232 -0.835124704738626 -0.8994591431644635
v 1.2198370360669613 -0.8380196199287641 -1.051227823095172
v 1.1785854816011283 -0.8998431775853986 -1.1884674185813777
v 1.138645282827774 -1.0111833014872524 -1.2902844452903373
v 1.1060969729513388 -1.1550894670710052 -1.341178183879257
v 1.0858957370993456 -1.30965326513917 -1.3334005240008628
v 1.081117030305602 -1.4513437585601872 -1.2681355438669781
v 1.0924883673603698 -1.5585898541382281 -1.1553192450744685
v 1.1182785652784881 -1.6150643060098133 -1.0121268864321984
v 1.15456130021565 -1.6121693908196755 -0.8603582065014899
v 1.195812854681483 -1.550345833163041 -0.7231186110152843
v 1.2357530534548373 -1.439005709261187 -0.6213015843063244
v 1.2683013633312727 -1.295099543677434 -0.5704078457174047
v 1.2885025991832657 -1.1405357456092695 -0.578185505595799
v 1.2932813059770096 -0.9988452521882525 -0.6434504857296836
v 1.2819099689222415 -0.8915991566102114 -0.7562667845221932
v 1.3782232069935845 -0.9142328285467777 -0.758449167880248
v 1.3631668201926475 -0.8515004656147657 -0.9005635776135861
v 1.3417430072797158 -0.8480389103336832 -1.0551196757517571
v 1.3172133495634357 -0.9043751531159985 -1.198587697407743
v 1.29331226506921 -1.0119325116874165 -1.3091259368252746
v 1.273678477247414 -1.1543363532153221 -1.3699059490846683
v 1.261301052313186 -1.30990698372113 -1.3716745282916147
v 1.2580643410111263 -1.4549601849616076 -1.3141624242940668
v 1.2644611032961126 -1.5674129219584367 -1.20612533357713
v 1.2795174900970496 -1.6301452848904485 -1.0640109238437918
v 1.3009413030099812 -1.6336068401715311 -0.9094548257056208
v 1.3254709607262614 -1.577270597389216 -0.7659868040496352
v 1.3493720452204871 -1.4697132388177978 -0.6554485646321033
v 1.3690058330422832 -1.3273093972898922 -0.5946685523727095
v 1.381383257976511 -1.1717387667840846 -0.592899973165763
v 1.3846199692785708 -1.0266855655436067 -0.650412077163311
v 1.3782232069935845 -0.9142328285467778 -0.7584491678802479
v 1.4762882974977176 -0.9272706762668596 -0.7582933258867451
v 1.4696295556051002 -0.860189276029435 -0.8990565898975736
v 1.4616800558665402 -0.8521395592760624 -1.0547182650475133
v 1.4536500375548391 -0.9043470224115788 -1.201580272371585
v 1.4467619981656559 -1.0088635524354337 -1.3172842025621103
v 1.4420645792557611 -1.1497774550961992 -1.3842151811063208
v 1.4402729202719784 -1.305635866101482 -1.3921835732516916
v 1.4416597850531587 -1.4527107552357421 -1.3399762635277452
v 1.4460140360083285 -1.5686113038654783 -1.235541341579511
v 1.4526727779009458 -1.6356927041029028 -1.0947780775686824
v 1.460622277639506 -1.6437424208562754 -0.9391164024187427
v 1.468652295951207 -1.591534957720759 -0.792254395094671
v 1.4755403353403902 -1.487018427696904 -0.6765504649041456
v 1.480237754250285 -1.3461045250361385 -0.6096194863599351
v 1.4820294132340677 -1.190246114030856 -0.6016510942145642
v 1.4806425484528873 -1.043171224896596 -0.6538584039385106
v 1.4762882974977176 -0.9272706762668597 -0.758293325886745
v 1.5767106039596253 -0.930613245286259 -0.7539218538382528
v 1.5766802289764805 -0.8604631062423256 -0.8933403126802062
v 1.5809809813965994 -0.8488652687670551 -1.048921620332849
v 1.5889581106504373 -0.8975853984813991 -1.1969799330541322
v 1.5993971711219535 -0.9992062972854242 -1.3149747148841877
v 1.6107089104846788 -1.1382571045319592 -1.3849423299147499
v 1.6211712189618108 -1.2935685953164255 -1.396230843015426
v 1.629191304928769 -1.441496003069059 -1.3471216803972637
v 1.633548182999344 -1.5595187209248103 -1.2450912668932104
v 1.6335785579824889 -1.6296688599687437 -1.1056728080512572
v 1.6292778055623698 -1.641266697444014 -0.9500915003986142
v 1.621300676308532 -1.5925465677296702 -0.8020331876773311
v 1.6108616158370157 -1.490925668925645 -0.6840384058472756
v 1.5995498764742901 -1.35187486167911 -0.6140707908167131
v 1.5890875679971583 -1.1965633708946437 -0.6027822777160374
v 1.5810674820302002 -1.0486359631420108 -0.6518914403341995
v 1.5767106039596253 -0.9306132452862591 -0.7539218538382527
v 1.6792364476998207 -0.9241464028680595 -0.7438742486319371
v 1.6845289070436338 -0.8517606573234494 -0.8820438665384553
v 1.7000289430929567 -0.8371151477597178 -1.0366524288125953
v 1.7233768158674563 -0.8824395202460682 -1.1841621833782259
v 1.7510180233862092 -0.9808335499379133 -1.302116107281985
v 1.778744442372655 -1.1173176377587701 -1.372556784864508
v 1.8023349768767218 -1.27111331856925 -1.3847602615101882
v 1.818198181868893 -1.4188065941272756 -1.336868668524512
v 1.8239190281894215 -1.5379125020720148 -1.2361730668011772
v 1.8186265688456085 -1.6102982476166248 -1.0980034488946588
v 1.8031265327962855 -1.6249437571803564 -0.943394886620519
v 1.779778660021786 -1.5796193846940063 -0.7958851320548885
v 1.752137452503033 -1.481225355002161 -0.6779312081511293
v 1.7244110335165872 -1.3447412671813042 -0.6074905305686062
v 1.7008204990125204 -1.1909455863708243 -0.595287053922926
v 1.6849572940203494 -1.0432523108127987 -0.6431786469086022
v 1.6792364476998207 -0.9241464028680596 -0.743874248631937
v 1.7830532352556 -0.9076969794570184 -0.7271146128187413
v 1.7927090523111369 -0.8335983518647404 -0.8641354440172097
v 1.8184906273424306 -0.8160282972032902 -1.0170574933249783
v 1.8564729492615266 -0.8576616970219314 -1.1625997649767688
v 1.9008735538668484 -0.9521602436059852 -1.2786047674575736
v 1.9449328515997186 -1.0851373898694872 -1.3474117907276566
v 1.9819432137788362 -1.236348570734652 -1.3585455892313665
v 2.006270148262199 -1.382773254647526 -1.3103111430746486
v 2.0142100997989254 -1.5021196108254393 -1.2100517094385197
v 2.004554282743389 -1.5762182384177175 -1.0730308782400515
v 1.978772707712095 -1.5937882930791676 -0.9201088289322825
v 1.940790385792999 -1.5521548932605265 -0.7745665572804923
v 1.896389781187677 -1.4576563466764725 -0.6585615547996874
v 1.8523304834548069 -1.3246792004129704 -0.5897545315296044
v 1.8153201212756893 -1.1734680195478058 -0.5786207330258946
v 1.7909931867923266 -1.027043335634932 -0.6268551791826124
v 1.7830532352556 -0.9076969794570185 -0.7271146128187412
v 1.8869781815879416 -0.8810792112775923 -0.702976802473105
v 1.9002853817388126 -0.8055745755730813 -0.8389198714676736
v 1.9355178701038152 -0.784948981269985 -0.9895578687314525
v 1.98731181971268 -0.822342488129472 -1.131957524717877
v 2.04778207125078 -0.9120622737051687 -1.2444397826591105
v 2.107722577085635 -1.0404493139550568 -1.3098802384378068
v 2.1580079385659263 -1.1879578458325095 -1.3183161758808688
v 2.1909826652442166 -1.3321310325273552 -1.268463299984553
v 2.201626653900378 -1.451019813298496 -1.1679112591866292
v 2.1883194537495068 -1.5265244490030068 -1.0319681901920608
v 2.1530869653845044 -1.5471500433061032 -0.8813301929282816
v 2.1012930157756395 -1.5097565364466163 -0.7389305369418572
v 2.0408227642375394 -1.4200367508709195 -0.6264482790006236
v 1.9808822584026844 -1.291649710621031 -0.5610078232219273
v 1.9305968969223932 -1.1441411787435787 -0.5525718857788654
v 1.8976221702441032 -0.9999679920487331 -0.6024247616751808
v 1.8869781815879416 -0.8810792112775924 -0.7029768024731049
v 1.989581728723986 -0.8441636958260579 -0.6711079634477622
v 2.00600109418268 -0.7674079752756131 -0.8060061228017882
v 2.049903061942243 -0.7434312026637502 -0.9538448227363638
v 2.1146039553836107 -0.7758836242706402 -1.0921169613476027
v 2.190253649995395 -0.8598246530885689 -1.1997718589720012
v 2.2653351655391405 -0.9824750284073271 -1.2604200333403217
v 2.328418021888946 -1.1251623424130555 -1.2648283496820572
v 2.3698984260130693 -1.2661637450121037 -1.2123256817956656
v 2.3834613624044128 -1.3840130508396646 -1.1109050849289805
v 2.3670419969457193 -1.4607687713901096 -0.9760069255749548
v 2.323140029186156 -1.4847455440019723 -0.8281682256403791
v 2.2584391357447884 -1.4522931223950821 -0.6898960870291404
v 2.182789441133004 -1.3683520935771536 -0.5822411894047418
v 2.1077079255892586 -1.2457017182583952 -0.5215930150364212
v 2.044625069239453 -1.103014404252667 -0.5171846986946856
v 2.0031446651153297 -0.9620130016536189 -0.5696873665810771
v 1.989581728723986 -0.844163695826058 -0.6711079634477621
v 2.08927777502461 -0.7969413090312136 -0.6314230157322751
v 2.1083881004852056 -0.7189809163952443 -0.7652718940885165
v 2.160199725198791 -0.6912567703301652 -0.9098591579324973
v 2.2368247989762713 -0.7179896207543743 -1.0431727070307824
v 2.326597848943048 -0.7951096335246786 -1.1449167620234895
v 2.415851742036404 -0.9108759857914556 -1.1996017128501342
v 2.4909983821214308 -1.0476642998466852 -1.1989022714676736
v 2.5405973744511723 -1.1846497948646135 -1.1429249214861357
v 2.557097722059411 -1.3009776710053653 -1.0401917070042679
v 2.5379873965988153 -1.3789380636413346 -0.9063428286480266
v 2.4861757718852298 -1.4066622097064136 -0.7617555648040457
v 2.4095506981077497 -1.3799293592822046 -0.6284420157057609
v 2.319777648140973 -1.3028093465119004 -0.5266979607130535
v 2.230523755047617 -1.1870429942451233 -0.47201300988640876
v 2.15537711496259 -1.0502546801898938 -0.4727124512688693
v 2.1057781226328487 -0.9132691851719656 -0.5286898012504072
v 2.08927777502461 -0.7969413090312137 -0.631423015732275
v 2.184397710617655 -0.7395727119507643 -0.5840690311381542
v 2.2058560173172035 -0.6603757453061699 -0.716831718457564
v 2.2648202168003033 -0.6284533616790209 -0.8577669312301943
v 2.3523135442074525 -0.6486654545994225 -0.9854185608922972
v 2.4550159335699004 -0.717934916143322 -1.0803528039927222
v 2.557291877106693 -0.8257160987198936 -1.1281167826004859
v 2.6435707895480887 -0.9556002943207069 -1.1214388639541009
v 2.700717488595176 -1.0878138115687035 -1.061335700631996
v 2.7200319073541515 -1.2022283409813943 -0.9569574544134292
v 2.698573600654603 -1.2814253076259885 -0.8241947670940195
v 2.6396094011715032 -1.3133476912531377 -0.6832595543213891
v 2.552116073764354 -1.2931355983327362 -0.5556079246592864
v 2.449413684401906 -1.2238661367888364 -0.46067368155886135
v 2.3471377408651137 -1.1160849542122648 -0.4129097029510976
v 2.260858828423718 -0.9862007586114516 -0.41958762159748253
v 2.2037121293766306 -0.8539872413634552 -0.47969078491958733
v 2.184397710617655 -0.7395727119507645 -0.5840690311381541
v 2.2732559691379812 -0.6724213501869527 -0.5293961329364385
v 2.2967684553845786 -0.5918993073800334 -0.6610088724759393
v 2.3621184310552437 -0.5553062562447728 -0.797935418057298
v 2.459356954753123 -0.5682131570996799 -0.9193299443579793
v 2.5736803427146264 -0.6286550512909426 -1.0067112351928258
v 2.6876838954667073 -0.7274302083350763 -1.0467762811456058
v 2.784011605547641 -0.8495010059711401 -1.033425542160555
v 2.8479984523104718 -0.9762832718335793 -0.9686915472233966
v 2.8699030183777685 -1.0884755552289396 -0.8624294602481877
v 2.8463905321311715 -1.168997598035859 -0.730816720708687
v 2.781040556460506 -1.2055906491711195 -0.5938901751273282
v 2.6838020327626273 -1.1926837483162125 -0.472495648826647
v 2.5694786448011233 -1.1322418541249497 -0.3851143579918004
v 2.4554750920490425 -1.033466697080816 -0.3450493120390203
v 2.359147381968109 -0.9113958994447522 -0.3584000510240712
v 2.295160535205278 -0.7846136335823132 -0.42313404596122944
v 2.2732559691379812 -0.6724213501869528 -0.5293961329364384
v 2.3542099840936066 -0.5960705863685702 -0.46793214504178027
v 2.379510623288605 -0.5140946768264624 -0.5983099710224926
v 2.4504618664794813 -0.47236118545867706 -0.7309100705108125
v 2.5562620300650463 -0.47722365801091826 -0.8455452803825385
v 2.6808039982202687 -0.527941827115531 -0.9247634291054653
v 2.805127385269268 -0.6167943112876852 -0.9565042716508338
v 2.910305082528146 -0.7302541252619458 -0.935935552472566
v 2.9803247390274357 -0.851048040876506 -0.8661886726096493
v 3.004526496794889 -0.960786279478621 -0.7578819622641723
v 2.9792258575998907 -1.042762189020729 -0.62750413628346
v 2.9082746144090144 -1.0844956803885142 -0.49490403679514
v 2.80247445082345 -1.079633207836273 -0.38026882692341424
v 2.677932482668227 -1.0289150387316603 -0.30105067820048725
v 2.5536090956192274 -0.9400625545595058 -0.26930983565511873
v 2.44843139836035 -0.8266027405852456 -0.28987855483338654
v 2.37841174186106 -0.7058088249706855 -0.3596254346963032
v 2.3542099840936066 -0.5960705863685704 -0.4679321450417802
v 2.425715161262426 -0.5113265666705948 -0.4003591996498573
v 2.4525498172348685 -0.42774060393042157 -0.529401199277991
v 2.5282951729802283 -0.3804176733137895 -0.6573923353665911
v 2.6414196847196343 -0.37656226202364695 -0.7648471176887062
v 2.7747011710170137 -0.4167613214795274 -0.8354065297158215
v 2.9078487337832732 -0.4948949092846545 -0.8583285405894717
v 3.0205918635729114 -0.5990678949784349 -0.8301234819426895
v 3.095766440894473 -0.7134208858194576 -0.755085318274954
v 3.12192781780999 -0.82054467556462 -0.6446379297820306
v 3.0950931618375472 -0.9041306383047932 -0.5155959301538969
v 3.0193478060921874 -0.9514535689214253 -0.3876047940652967
v 2.906223294352782 -0.955308980211568 -0.28015001174318177
v 2.772941808055402 -0.9151099207556874 -0.20959059971606625
v 2.6397942452891425 -0.8369763329505602 -0.1866685888424161
v 2.5270511154995043 -0.7328033472567799 -0.21487364748919835
v 2.451876538177943 -0.6184503564157574 -0.28991181115693365
v 2.425715161262426 -0.511326566670595 -0.4003591996498572
v 2.4863745065165617 -0.4192087076494314 -0.32749126941193696
v 2.5144891440229986 -0.3338398614258143 -0.45508545755825613
v 2.5941960170324094 -0.2805132333424284 -0.5782180475931697
v 2.7133604766737145 -0.2673473191178817 -0.6781432188835705
v 2.8538408141950415 -0.2963465098435519 -0.7396482699244282
v 2.994250171666199 -0.3630959416097741 -0.7533696142394484
v 3.1132124972261987 -0.4574336185152469 -0.7172183015409651
v 3.192616855204697 -0.5649974844242827 -0.6366980414748569
v 3.220374651901765 -0.6694119158211033 -0.5240673137182134
v 3.192260014395328 -0.7547807620447203 -0.3964731255718942
v 3.1125531413859173 -0.8081073901281064 -0.27334053553698057
v 2.9933886817446123 -0.821273304352653 -0.17341536424657994
v 2.852908344223285 -0.7922741136269829 -0.11191031320572209
v 2.712498986752127 -0.7255246818607605 -0.09818896889070194
v 2.593536661192128 -0.6311870049552878 -0.13434028158918523
v 2.51413230321363 -0.5236231390462521 -0.21486054165529334
v 2.4863745065165617 -0.41920870764943147 -0.3274912694119369
v 2.5349822076175927 -0.3209297265340956 -0.25025207225161705
v 2.5641142708405593 -0.23359795685450566 -0.3762799838164461
v 2.6469234325732605 -0.17389930220456107 -0.4943361694337284
v 2.7708027486088134 -0.15092234158506396 -0.5864476450252203
v 2.9168927160496003 -0.168165108963666 -0.6385912734247225
v 3.0629524616616153 -0.22300254931305058 -0.6428286598915798
v 3.186745713210319 -0.3070861594426586 -0.5985147007482166
v 3.2694260703360416 -0.407614971930081 -0.5123957945671702
v 3.2984061981656954 -0.5092843863700622 -0.39758276414467647
v 3.269274134942729 -0.5966161560496523 -0.2715548525798474
v 3.1864649732100276 -0.6563148106995969 -0.15349866696256512
v 3.0625856571744747 -0.679291771319094 -0.061387191371073346
v 2.916495689733688 -0.6620490039404919 -0.009243562971570862
v 2.770435944121673 -0.6072115635911073 -0.0050061765047138
v 2.646642692572969 -0.5231279534614994 -0.04932013564807691
v 2.5639623354472465 -0.4225991409740771 -0.13543904182912314
v 2.5349822076175927 -0.3209297265340957 -0.250252072251617
v 2.570560418684367 -0.21786709196562146 -0.16965307639250113
v 2.600432789203189 -0.1283937882549885 -0.29399421600075504
v 2.6854585106810904 -0.0620100631356329 -0.4067877323163144
v 2.812693187783146 -0.028822236987009725 -0.49086183495590685
v 2.962766494305787 -0.033882855491853714 -0.5334170039262928
v 3.112831129748853 -0.07642148535742335 -0.5279746005152981
v 3.240041113705445 -0.14996200580032554 -0.47536318130673716
v 3.325029879279548 -0.2433085392296065 -0.38359235795141056
v 3.354858657337583 -0.34224992211909067 -0.2666334064005814
v 3.324986286818761 -0.4317232258297236 -0.14229226679232748
v 3.23996056534086 -0.4981069509490793 -0.029498750476768115
v 3.1127258882388045 -0.5312947770977023 0.054575352162824275
v 2.962652581716163 -0.5262341585928585 0.09713052113321022
v 2.812587946273097 -0.48369552872728877 0.09168811772221558
v 2.6853779623165055 -0.4101550082843866 0.03907669851365467
v 2.600389196742402 -0.3168084748551059 -0.0526941248416718
v 2.570560418684367 -0.2178670919656215 -0.16965307639250105
v 2.5923885734889422 -0.1115277075772808 -0.08677148572744266
v 2.622705750662836 -0.01974385569162157 -0.20930777789276947
v 2.709037168545981 0.05357453813580293 -0.31668491237325697
v 2.83823965136192 0.09726541307766248 -0.3925556938203989
v 2.99064329232535 0.10467722948282651 -0.42536948352921444
v 3.1430460186420337 0.07468160549189187 -0.41013067947428083
v 3.272245896764411 0.01184510294646976 -0.349159251432859
v 3.3585734164481615 -0.07426599025521333 -0.2517375466168838
v 3.3888859953823482 -0.17054204077220483 -0.13269713645463418
v 3.3585688182084543 -0.2623258926578641 -0.010160844289307386
v 3.2722374003253094 -0.3356442864852886 0.09721629019118017
v 3.1430349175093704 -0.37933516142714807 0.17308707163832207
v 2.9906312765459404 -0.38674697783231216 0.20590086134713767
v 2.8382285502292564 -0.3567513538413775 0.19066205729220406
v 2.7090286721068795 -0.29391485129595546 0.1296906292507822
v 2.6227011524231294 -0.20780375809427248 0.03226892443480717
v 2.5923885734889422 -0.11152770757728085 -0.08677148572744257
v 2.6000246832864637 -0.0035075824666853245 -0.0027281651610103325
v 2.630470991378644 0.09073835268046032 -0.1233485433240068
v 2.717174741244621 0.17117019617722087 -0.22519022392325314
v 2.84693607293875 0.22554292896769146 -0.29274873428464765
v 3 0.2455787953745731 -0.31573890362508944
v 3.15306392706125 0.2282275163629993 -0.29066068706890036
v 3.282825258755379 0.17613066687274623 -0.221332015752161
v 3.369529008621356 0.09721951997958832 -0.11830755141687439
v 3.3999753167135363 0.0035075824666809456 0.0027281651610068652
v 3.369529008621356 -0.0907383526804647 0.12334854332400333
v 3.282825258755379 -0.1711701961772253 0.2251902239232497
v 3.1530639270612504 -0.22554292896769582 0.2927487342846441
v 3 -0.2455787953745775 0.315738903625086
v 2.84693607293875 -0.22822751636300367 0.29066068706889686
v 2.717174741244621 -0.17613066687275064 0.22133201575215755
v 2.6304709913786444 -0.09721951997959286 0.11830755141687113
v 2.6000246832864637 -0.0035075824666853848 -0.0027281651610102553
f 1 18 2
f 18 19 2
f 2 19 3
f 19 20 3
f 3 20 4
f 20 21 4
f 4 21 5
f 21 22 5
f 5 22 6
f 22 23 6
f 6 23 7
f 23 24 7
f 7 24 8
f 24 25 8
f 8 25 9
f 25 26 9
f 9 26 10
f 26 27 10
f 10 27 11
f 27 28 11
f 11 28 12
f 28 29 12
f 12 29 13
f 29 30 13
f 13 30 14
f 30 31 14
f 14 31 15
f 31 32 15
f 15 32 16
f 32 33 16
f 16 33 17
f 33 34 17
f 18 35 19
f 35 36 19
f 19 36 20
f 36 37 20
f 20 37 21
f 37 38 21
f 21 38 22
f 38 39 22
f 22 39 23
f 39 40 23
f 23 40 24
f 40 41 24
f 24 41 25
f 41 42 25
f 25 42 26
f 42 43 26
f 26 43 27
f 43 44 27
f 27 44 28
f 44 45 28
f 28 45 29
f 45 46 29
f 29 46 30
f 46 47 30
f 30 47 31
f 47 48 31
f 31 48 32
f 48 49 32
f 32 49 33
f 49 50 33
f 33 50 34
f 50 51 34
f 35 52 36
f 52 53 36
f 36 53 37
f 53 54 37
f 37 54 38
f 54 55 38
f 38 55 39
f 55 56 39
f 39 56 40
f 56 57 40
f 40 57 41
f 57 58 41
f 41 58 42
f 58 59 42
f 42 59 43
f 59 60 43
f 43 60 44
f 60 61 44
f 44 61 45
f 61 62 45
f 45 62 46
f 62 63 46
f 46 63 47
f 63 64 47
f 47 64 48
f 64 65 48
f 48 65 49
f 65 66 49
f 49 66 50
f 66 67 50
f 50 67 51
f 67 68 51
f 52 69 53
f 69 70 53
f 53 70 54
f 70 71 54
f 54 71 55
f 71 72 55
f 55 72 56
f 72 73 56
f 56 73 57
f 73 74 57
f 57 74 58
f 74 75 58
f 58 75 59
f 75 76 59
f 59 76 60
f 76 77 60
f 60 77 61
f 77 78 61
f 61 78 62
f 78 79 62
f 62 79 63
f 79 80 63
f 63 80 64
f 80 81 64
f 64 81 65
f 81 82 65
f 65 82 66
f 82 83 66
f 66 83 67
f 83 84 67
f 67 84 68
f 84 85 68
f 69 86 70
f 86 87 70
f 70 87 71
f 87 88 71
f 71 88 72
f 88 89 72
f 72 89 73
f 89 90 73
f 73 90 74
f 90 91 74
f 74 91 75
f 91 92 75
f 75 92 76
f 92 93 76
f 76 93 77
f 93 94 77
f 77 94 78
f 94 95 78
f 78 95 79
f 95 96 79
f 79 96 80
f 96 97 80
f 80 97 81
f 97 98 81
f 81 98 82
f 98 99 82
f 82 99 83
f 99 100 83
f 83 100 84
f 100 101 84
f 84 101 85
f 101 102 85
f 86 103 87
f 103 104 87
f 87 104 88
f 104 105 88
f 88 105 89
f 105 106 89
f 89 106 90
f 106 107 90
f 90 107 91
f 107 108 91
f 91 108 92
f 108 109 92
f 92 109 93
f 109 110 93
f 93 110 94
f 110 111 94
f 94 111 95
f 111 112 95
f 95 112 96
f 112 113 96
f 96 113 97
f 113 114 97
f 97 114 98
f 114 115 98
f 98 115 99
f 115 116 99
f 99 116 100
f 116 117 100
f 100 117 101
f 117 118 101
f 101 118 102
f 118 119 102
f 103 120 104
f 120 121 104
f 104 121 105
f 121 122 105
f 105 122 106
f 122 123 106
f 106 123 107
f 123 124 107
f 107 124 108
f 124 125 108
f 108 125 109
f 125 126 109
f 109 126 110
f 126 127 110
f 110 127 111
f 127 128 111
f 111 128 112
f 128 129 112
f 112 129 113
f 129 130 113
f 113 130 114
f 130 131 114
f 114 131 115
f 131 132 115
f 115 132 116
f 132 133 116
f 116 133 117
f 133 134 117
f 117 134 118
f 134 135 118
f 118 135 119
f 135 136 119
f 120 137 121
f 137 138 121
f 121 138 122
f 138 139 122
f 122 139 123
f 139 140 123
f 123 140 124
f 140 141 124
f 124 141 125
f 141 142 125
f 125 142 126
f 142 143 126
f 126 143 127
f 143 144 127
f 127 144 128
f 144 145 128
f 128 145 129
f 145 146 129
f 129 146 130
f 146 147 130
f 130 147 131
f 147 148 131
f 131 148 132
f 148 149 132
f 132 149 133
f 149 150 133
f 133 150 134
f 150 151 134
f 134 151 135
f 151 152 135
f 135 152 136
f 152 153 136
f 137 154 138
f 154 155 138
f 138 155 139
f 155 156 139
f 139 156 140
f 156 157 140
f 140 157 141
f 157 158 141
f 141 158 142
f 158 159 142
f 142 159 143
f 159 160 143
f 143 160 144
f 160 161 144
f 144 161 145
f 161 162 145
f 145 162 146
f 162 163 146
f 146 163 147
f 163 164 147
f 147 164 148
f 164 165 148
f 148 165 149
f 165 166 149
f 149 166 150
f 166 167 150
f 150 167 151
f 167 168 151
f 151 168 152
f 168 169 152
f 152 169 153
f 169 170 153
f 154 171 155
f 171 172 155
f 155 172 156
f 172 173 156
f 156 173 157
f 173 174 157
f 157 174 158
f 174 175 158
f 158 175 159
f 175 176 159
f 159 176 160
f 176 177 160
f 160 177 161
f 177 178 161
f 161 178 162
f 178 179 162
f 162 179 163
f 179 180 163
f 163 180 164
f 180 181 164
f 164 181 165
f 181 182 165
f 165 182 166
f 182 183 166
f 166 183 167
f 183 184 167
f 167 184 168
f 184 185 168
f 168 185 169
f 185 186 169
f 169 186 170
f 186 187 170
f 171 188 172
f 188 189 172
f 172 189 173
f 189 190 173
f 173 190 174
f 190 191 174
f 174 191 175
f 191 192 175
f 175 192 176
f 192 193 176
f 176 193 177
f 193 194 177
f 177 194 178
f 194 195 178
f 178 195 179
f 195 196 179
f 179 196 180
f 196 197 180
f 180 197 181
f 197 198 181
f 181 198 182
f 198 199 182
f 182 199 183
f 199 200 183
f 183 200 184
f 200 201 184
f 184 201 185
f 201 202 185
f 185 202 186
f 202 203 186
f 186 203 187
f 203 204 187
f 188 205 189
f 205 206 189
f 189 206 190
f 206 207 190
f 190 207 191
f 207 208 191
f 191 208 192
f 208 209 192
f 192 209 193
f 209 210 193
f 193 210 194
f 210 211 194
f 194 211 195
f 211 212 195
f 195 212 196
f 212 213 196
f 196 213 197
f 213 214 197
f 197 214 198
f 214 215 198
f 198 215 199
f 215 216 199
f 199 216 200
f 216 217 200
f 200 217 201
f 217 218 201
f 201 218 202
f 218 219 202
f 202 219 203
f 219 220 203
f 203 220 204
f 220 221 204
f 205 222 206
f 222 223 206
f 206 223 207
f 223 224 207
f 207 224 208
f 224 225 208
f 208 225 209
f 225 226 209
f 209 226 210
f 226 227 210
f 210 227 211
f 227 228 211
f 211 228 212
f 228 229 212
f 212 229 213
f 229 230 213
f 213 230 214
f 230 231 214
f 214 231 215
f 231 232 215
f 215 232 216
f 232 233 216
f 216 233 217
f 233 234 217
f 217 234 218
f 234 235 218
f 218 235 219
f 235 236 219
f 219 236 220
f 236 237 220
f 220 237 221
f 237 238 221
f 222 239 223
f 239 240 223
f 223 240 224
f 240 241 224
f 224 241 225
f 241 242 225
f 225 242 226
f 242 243 226
f 226 243 227
f 243 244 227
f 227 244 228
f 244 245 228
f 228 245 229
f 245 246 229
f 229 246 230
f 246 247 230
f 230 247 231
f 247 248 231
f 231 248 232
f 248 249 232
f 232 249 233
f 249 250 233
f 233 250 234
f 250 251 234
f 234 251 235
f 251 252 235
f 235 252 236
f 252 253 236
f 236 253 237
f 253 254 237
f 237 254 238
f 254 255 238
f 239 256 240
f 256 257 240
f 240 257 241
f 257 258 241
f 241 258 242
f 258 259 242
f 242 259 243
f 259 260 243
f 243 260 244
f 260 261 244
f 244 261 245
f 261 262 245
f 245 262 246
f 262 263 246
f 246 263 247
f 263 264 247
f 247 264 248
f 264 265 248
f 248 265 249
f 265 266 249
f 249 266 250
f 266 267 250
f 250 267 251
f 267 268 251
f 251 268 252
f 268 269 252
f 252 269 253
f 269 270 253
f 253 270 254
f 270 271 254
f 254 271 255
f 271 272 255
f 256 273 257
f 273 274 257
f 257 274 258
f 274 275 258
f 258 275 259
f 275 276 259
f 259 276 260
f 276 277 260
f 260 277 261
f 277 278 261
f 261 278 262
f 278 279 262
f 262 279 263
f 279 280 263
f 263 280 264
f 280 281 264
f 264 281 265
f 281 282 265
f 265 282 266
f 282 283 266
f 266 283 267
f 283 284 267
f 267 284 268
f 284 285 268
f 268 285 269
f 285 286 269
f 269 286 270
f 286 287 270
f 270 287 271
f 287 288 271
f 271 288 272
f 288 289 272
f 273 290 274
f 290 291 274
f 274 291 275
f 291 292 275
f 275 292 276
f 292 293 276
f 276 293 277
f 293 294 277
f 277 294 278
f 294 295 278
f 278 295 279
f 295 296 279
f 279 296 280
f 296 297 280
f 280 297 281
f 297 298 281
f 281 298 282
f 298 299 282
f 282 299 283
f 299 300 283
f 283 300 284
f 300 301 284
f 284 301 285
f 301 302 285
f 285 302 286
f 302 303 286
f 286 303 287
f 303 304 287
f 287 304 288
f 304 305 288
f 288 305 289
f 305 306 289
f 290 307 291
f 307 308 291
f 291 308 292
f 308 309 292
f 292 309 293
f 309 310 293
f 293 310 294
f 310 311 294
f 294 311 295
f 311 312 295
f 295 312 296
f 312 313 296
f 296 313 297
f 313 314 297
f 297 314 298
f 314 315 298
f 298 315 299
f 315 316 299
f 299 316 300
f 316 317 300
f 300 317 301
f 317 318 301
f 301 318 302
f 318 319 302
f 302 319 303
f 319 320 303
f 303 320 304
f 320 321 304
f 304 321 305
f 321 322 305
f 305 322 306
f 322 323 306
f 307 324 308
f 324 325 308
f 308 325 309
f 325 326 309
f 309 326 310
f 326 327 310
f 310 327 311
f 327 328 311
f 311 328 312
f 328 329 312
f 312 329 313
f 329 330 313
f 313 330 314
f 330 331 314
f 314 331 315
f 331 332 315
f 315 332 316
f 332 333 316
f 316 333 317
f 333 334 317
f 317 334 318
f 334 335 318
f 318 335 319
f 335 336 319
f 319 336 320
f 336 337 320
f 320 337 321
f 337 338 321
f 321 338 322
f 338 339 322
f 322 339 323
f 339 340 323
f 324 341 325
f 341 342 325
f 325 342 326
f 342 343 326
f 326 343 327
f 343 344 327
f 327 344 328
f 344 345 328
f 328 345 329
f 345 346 329
f 329 346 330
f 346 347 330
f 330 347 331
f 347 348 331
f 331 348 332
f 348 349 332
f 332 349 333
f 349 350 333
f 333 350 334
f 350 351 334
f 334 351 335
f 351 352 335
f 335 352 336
f 352 353 336
f 336 353 337
f 353 354 337
f 337 354 338
f 354 355 338
f 338 355 339
f 355 356 339
f 339 356 340
f 356 357 340
f 341 358 342
f 358 359 342
f 342 359 343
f 359 360 343
f 343 360 344
f 360 361 344
f 344 361 345
f 361 362 345
f 345 362 346
f 362 363 346
f 346 363 347
f 363 364 347
f 347 364 348
f 364 365 348
f 348 365 349
f 365 366 349
f 349 366 350
f 366 367 350
f 350 367 351
f 367 368 351
f 351 368 352
f 368 369 352
f 352 369 353
f 369 370 353
f 353 370 354
f 370 371 354
f 354 371 355
f 371 372 355
f 355 372 356
f 372 373 356
f 356 373 357
f 373 374 357
f 358 375 359
f 375 376 359
f 359 376 360
f 376 377 360
f 360 377 361
f 377 378 361
f 361 378 362
f 378 379 362
f 362 379 363
f 379 380 363
f 363 380 364
f 380 381 364
f 364 381 365
f 381 382 365
f 365 382 366
f 382 383 366
f 366 383 367
f 383 384 367
f 367 384 368
f 384 385 368
f 368 385 369
f 385 386 369
f 369 386 370
f 386 387 370
f 370 387 371
f 387 388 371
f 371 388 372
f 388 389 372
f 372 389 373
f 389 390 373
f 373 390 374
f 390 391 374
f 375 392 376
f 392 393 376
f 376 393 377
f 393 394 377
f 377 394 378
f 394 395 378
f 378 395 379
f 395 396 379
f 379 396 380
f 396 397 380
f 380 397 381
f 397 398 381
f 381 398 382
f 398 399 382
f 382 399 383
f 399 400 383
f 383 400 384
f 400 401 384
f 384 401 385
f 401 402 385
f 385 402 386
f 402 403 386
f 386 403 387
f 403 404 387
f 387 404 388
f 404 405 388
f 388 405 389
f 405 406 389
f 389 406 390
f 406 407 390
f 390 407 391
f 407 408 391
f 392 409 393
f 409 410 393
f 393 410 394
f 410 411 394
f 394 411 395
f 411 412 395
f 395 412 396
f 412 413 396
f 396 413 397
f 413 414 397
f 397 414 398
f 414 415 398
f 398 415 399
f 415 416 399
f 399 416 400
f 416 417 400
f 400 417 401
f 417 418 401
f 401 418 402
f 418 419 402
f 402 419 403
f 419 420 403
f 403 420 404
f 420 421 404
f 404 421 405
f 421 422 405
f 405 422 406
f 422 423 406
f 406 423 407
f 423 424 407
f 407 424 408
f 424 425 408
f 409 426 410
f 426 427 410
f 410 427 411
f 427 428 411
f 411 428 412
f 428 429 412
f 412 429 413
f 429 430 413
f 413 430 414
f 430 431 414
f 414 431 415
f 431 432 415
f 415 432 416
f 432 433 416
f 416 433 417
f 433 434 417
f 417 434 418
f 434 435 418
f 418 435 419
f 435 436 419
f 419 436 420
f 436 437 420
f 420 437 421
f 437 438 421
f 421 438 422
f 438 439 422
f 422 439 423
f 439 440 423
f 423 440 424
f 440 441 424
f 424 441 425
f 441 442 425
f 426 443 427
f 443 444 427
f 427 444 428
f 444 445 428
f 428 445 429
f 445 446 429
f 429 446 430
f 446 447 430
f 430 447 431
f 447 448 431
f 431 448 432
f 448 449 432
f 432 449 433
f 449 450 433
f 433 450 434
f 450 451 434
f 434 451 435
f 451 452 435
f 435 452 436
f 452 453 436
f 436 453 437
f 453 454 437
f 437 454 438
f 454 455 438
f 438 455 439
f 455 456 439
f 439 456 440
f 456 457 440
f 440 457 441
f 457 458 441
f 441 458 442
f 458 459 442
f 443 460 444
f 460 461 444
f 444 461 445
f 461 462 445
f 445 462 446
f 462 463 446
f 446 463 447
f 463 464 447
f 447 464 448
f 464 465 448
f 448 465 449
f 465 466 449
f 449 466 450
f 466 467 450
f 450 467 451
f 467 468 451
f 451 468 452
f 468 469 452
f 452 469 453
f 469 470 453
f 453 470 454
f 470 471 454
f 454 471 455
f 471 472 455
f 455 472 456
f 472 473 456
f 456 473 457
f 473 474 457
f 457 474 458
f 474 475 458
f 458 475 459
f 475 476 459
f 460 477 461
f 477 478 461
f 461 478 462
f 478 479 462
f 462 479 463
f 479 480 463
f 463 480 464
f 480 481 464
f 464 481 465
f 481 482 465
f 465 482 466
f 482 483 466
f 466 483 467
f 483 484 467
f 467 484 468
f 484 485 468
f 468 485 469
f 485 486 469
f 469 486 470
f 486 487 470
f 470 487 471
f 487 488 471
f 471 488 472
f 488 489 472
f 472 489 473
f 489 490 473
f 473 490 474
f 490 491 474
f 474 491 475
f 491 492 475
f 475 492 476
f 492 493 476
f 477 494 478
f 494 495 478
f 478 495 479
f 495 496 479
f 479 496 480
f 496 497 480
f 480 497 481
f 497 498 481
f 481 498 482
f 498 499 482
f 482 499 483
f 499 500 483
f 483 500 484
f 500 501 484
f 484 501 485
f 501 502 485
f 485 502 486
f 502 503 486
f 486 503 487
f 503 504 487
f 487 504 488
f 504 505 488
f 488 505 489
f 505 506 489
f 489 506 490
f 506 507 490
f 490 507 491
f 507 508 491
f 491 508 492
f 508 509 492
f 492 509 493
f 509 510 493
f 494 511 495
f 511 512 495
f 495 512 496
f 512 513 496
f 496 513 497
f 513 514 497
f 497 514 498
f 514 515 498
f 498 515 499
f 515 516 499
f 499 516 500
f 516 517 500
f 500 517 501
f 517 518 501
f 501 518 502
f 518 519 502
f 502 519 503
f 519 520 503
f 503 520 504
f 520 521 504
f 504 521 505
f 521 522 505
f 505 522 506
f 522 523 506
f 506 523 507
f 523 524 507
f 507 524 508
f 524 525 508
f 508 525 509
f 525 526 509
f 509 526 510
f 526 527 510
f 511 528 512
f 528 529 512
f 512 529 513
f 529 530 513
f 513 530 514
f 530 531 514
f 514 531 515
f 531 532 515
f 515 532 516
f 532 533 516
f 516 533 517
f 533 534 517
f 517 534 518
f 534 535 518
f 518 535 519
f 535 536 519
f 519 536 520
f 536 537 520
f 520 537 521
f 537 538 521
f 521 538 522
f 538 539 522
f 522 539 523
f 539 540 523
f 523 540 524
f 540 541 524
f 524 541 525
f 541 542 525
f 525 542 526
f 542 543 526
f 526 543 527
f 543 544 527
f 528 545 529
f 545 546 529
f 529 546 530
f 546 547 530
f 530 547 531
f 547 548 531
f 531 548 532
f 548 549 532
f 532 549 533
f 549 550 533
f 533 550 534
f 550 551 534
f 534 551 535
f 551 552 535
f 535 552 536
f 552 553 536
f 536 553 537
f 553 554 537
f 537 554 538
f 554 555 538
f 538 555 539
f 555 556 539
f 539 556 540
f 556 557 540
f 540 557 541
f 557 558 541
f 541 558 542
f 558 559 542
f 542 559 543
f 559 560 543
f 543 560 544
f 560 561 544
f 545 562 546
f 562 563 546
f 546 563 547
f 563 564 547
f 547 564 548
f 564 565 548
f 548 565 549
f 565 566 549
f 549 566 550
f 566 567 550
f 550 567 551
f 567 568 551
f 551 568 552
f 568 569 552
f 552 569 553
f 569 570 553
f 553 570 554
f 570 571 554
f 554 571 555
f 571 572 555
f 555 572 556
f 572 573 556
f 556 573 557
f 573 574 557
f 557 574 558
f 574 575 558
f 558 575 559
f 575 576 559
f 559 576 560
f 576 577 560
f 560 577 561
f 577 578 561
f 562 579 563
f 579 580 563
f 563 580 564
f 580 581 564
f 564 581 565
f 581 582 565
f 565 582 566
f 582 583 566
f 566 583 567
f 583 584 567
f 567 584 568
f 584 585 568
f 568 585 569
f 585 586 569
f 569 586 570
f 586 587 570
f 570 587 571
f 587 588 571
f 571 588 572
f 588 589 572
f 572 589 573
f 589 590 573
f 573 590 574
f 590 591 574
f 574 591 575
f 591 592 575
f 575 592 576
f 592 593 576
f 576 593 577
f 593 594 577
f 577 594 578
f 594 595 578
f 579 596 580
f 596 597 580
f 580 597 581
f 597 598 581
f 581 598 582
f 598 599 582
f 582 599 583
f 599 600 583
f 583 600 584
f 600 601 584
f 584 601 585
f 601 602 585
f 585 602 586
f 602 603 586
f 586 603 587
f 603 604 587
f 587 604 588
f 604 605 588
f 588 605 589
f 605 606 589
f 589 606 590
f 606 607 590
f 590 607 591
f 607 608 591
f 591 608 592
f 608 609 592
f 592 609 593
f 609 610 593
f 593 610 594
f 610 611 594
f 594 611 595
f 611 612 595
f 596 613 597
f 613 614 597
f 597 614 598
f 614 615 598
f 598 615 599
f 615 616 599
f 599 616 600
f 616 617 600
f 600 617 601
f 617 618 601
f 601 618 602
f 618 619 602
f 602 619 603
f 619 620 603
f 603 620 604
f 620 621 604
f 604 621 605
f 621 622 605
f 605 622 606
f 622 623 606
f 606 623 607
f 623 624 607
f 607 624 608
f 624 625 608
f 608 625 609
f 625 626 609
f 609 626 610
f 626 627 610
f 610 627 611
f 627 628 611
f 611 628 612
f 628 629 612
f 613 630 614
f 630 631 614
f 614 631 615
f 631 632 615
f 615 632 616
f 632 633 616
f 616 633 617
f 633 634 617
f 617 634 618
f 634 635 618
f 618 635 619
f 635 636 619
f 619 636 620
f 636 637 620
f 620 637 621
f 637 638 621
f 621 638 622
f 638 639 622
f 622 639 623
f 639 640 623
f 623 640 624
f 640 641 624
f 624 641 625
f 641 642 625
f 625 642 626
f 642 643 626
f 626 643 627
f 643 644 627
f 627 644 628
f 644 645 628
f 628 645 629
f 645 646 629
f 630 647 631
f 647 648 631
f 631 648 632
f 648 649 632
f 632 649 633
f 649 650 633
f 633 650 634
f 650 651 634
f 634 651 635
f 651 652 635
f 635 652 636
f 652 653 636
f 636 653 637
f 653 654 637
f 637 654 638
f 654 655 638
f 638 655 639
f 655 656 639
f 639 656 640
f 656 657 640
f 640 657 641
f 657 658 641
f 641 658 642
f 658 659 642
f 642 659 643
f 659 660 643
f 643 660 644
f 660 661 644
f 644 661 645
f 661 662 645
f 645 662 646
f 662 663 646
f 647 664 648
f 664 665 648
f 648 665 649
f 665 666 649
f 649 666 650
f 666 667 650
f 650 667 651
f 667 668 651
f 651 668 652
f 668 669 652
f 652 669 653
f 669 670 653
f 653 670 654
f 670 671 654
f 654 671 655
f 671 672 655
f 655 672 656
f 672 673 656
f 656 673 657
f 673 674 657
f 657 674 658
f 674 675 658
f 658 675 659
f 675 676 659
f 659 676 660
f 676 677 660
f 660 677 661
f 677 678 661
f 661 678 662
f 678 679 662
f 662 679 663
f 679 680 663
f 664 681 665
f 681 682 665
f 665 682 666
f 682 683 666
f 666 683 667
f 683 684 667
f 667 684 668
f 684 685 668
f 668 685 669
f 685 686 669
f 669 686 670
f 686 687 670
f 670 687 671
f 687 688 671
f 671 688 672
f 688 689 672
f 672 689 673
f 689 690 673
f 673 690 674
f 690 691 674
f 674 691 675
f 691 692 675
f 675 692 676
f 692 693 676
f 676 693 677
f 693 694 677
f 677 694 678
f 694 695 678
f 678 695 679
f 695 696 679
f 679 696 680
f 696 697 680
f 681 698 682
f 698 699 682
f 682 699 683
f 699 700 683
f 683 700 684
f 700 701 684
f 684 701 685
f 701 702 685
f 685 702 686
f 702 703 686
f 686 703 687
f 703 704 687
f 687 704 688
f 704 705 688
f 688 705 689
f 705 706 689
f 689 706 690
f 706 707 690
f 690 707 691
f 707 708 691
f 691 708 692
f 708 709 692
f 692 709 693
f 709 710 693
f 693 710 694
f 710 711 694
f 694 711 695
f 711 712 695
f 695 712 696
f 712 713 696
f 696 713 697
f 713 714 697
f 698 715 699
f 715 716 699
f 699 716 700
f 716 717 700
f 700 717 701
f 717 718 701
f 701 718 702
f 718 719 702
f 702 719 703
f 719 720 703
f 703 720 704
f 720 721 704
f 704 721 705
f 721 722 705
f 705 722 706
f 722 723 706
f 706 723 707
f 723 724 707
f 707 724 708
f 724 725 708
f 708 725 709
f 725 726 709
f 709 726 710
f 726 727 710
f 710 727 711
f 727 728 711
f 711 728 712
f 728 729 712
f 712 729 713
f 729 730 713
f 713 730 714
f 730 731 714
f 715 732 716
f 732 733 716
f 716 733 717
f 733 734 717
f 717 734 718
f 734 735 718
f 718 735 719
f 735 736 719
f 719 736 720
f 736 737 720
f 720 737 721
f 737 738 721
f 721 738 722
f 738 739 722
f 722 739 723
f 739 740 723
f 723 740 724
f 740 741 724
f 724 741 725
f 741 742 725
f 725 742 726
f 742 743 726
f 726 743 727
f 743 744 727
f 727 744 728
f 744 745 728
f 728 745 729
f 745 746 729
f 729 746 730
f 746 747 730
f 730 747 731
f 747 748 731
f 732 749 733
f 749 750 733
f 733 750 734
f 750 751 734
f 734 751 735
f 751 752 735
f 735 752 736
f 752 753 736
f 736 753 737
f 753 754 737
f 737 754 738
f 754 755 738
f 738 755 739
f 755 756 739
f 739 756 740
f 756 757 740
f 740 757 741
f 757 758 741
f 741 758 742
f 758 759 742
f 742 759 743
f 759 760 743
f 743 760 744
f 760 761 744
f 744 761 745
f 761 762 745
f 745 762 746
f 762 763 746
f 746 763 747
f 763 764 747
f 747 764 748
f 764 765 748
f 749 766 750
f 766 767 750
f 750 767 751
f 767 768 751
f 751 768 752
f 768 769 752
f 752 769 753
f 769 770 753
f 753 770 754
f 770 771 754
f 754 771 755
f 771 772 755
f 755 772 756
f 772 773 756
f 756 773 757
f 773 774 757
f 757 774 758
f 774 775 758
f 758 775 759
f 775 776 759
f 759 776 760
f 776 777 760
f 760 777 761
f 777 778 761
f 761 778 762
f 778 779 762
f 762 779 763
f 779 780 763
f 763 780 764
f 780 781 764
f 764 781 765
f 781 782 765
f 766 783 767
f 783 784 767
f 767 784 768
f 784 785 768
f 768 785 769
f 785 786 769
f 769 786 770
f 786 787 770
f 770 787 771
f 787 788 771
f 771 788 772
f 788 789 772
f 772 789 773
f 789 790 773
f 773 790 774
f 790 791 774
f 774 791 775
f 791 792 775
f 775 792 776
f 792 793 776
f 776 793 777
f 793 794 777
f 777 794 778
f 794 795 778
f 778 795 779
f 795 796 779
f 779 796 780
f 796 797 780
f 780 797 781
f 797 798 781
f 781 798 782
f 798 799 782
f 783 800 784
f 800 801 784
f 784 801 785
f 801 802 785
f 785 802 786
f 802 803 786
f 786 803 787
f 803 804 787
f 787 804 788
f 804 805 788
f 788 805 789
f 805 806 789
f 789 806 790
f 806 807 790
f 790 807 791
f 807 808 791
f 791 808 792
f 808 809 792
f 792 809 793
f 809 810 793
f 793 810 794
f 810 811 794
f 794 811 795
f 811 812 795
f 795 812 796
f 812 813 796
f 796 813 797
f 813 814 797
f 797 814 798
f 814 815 798
f 798 815 799
f 815 816 799
f 800 817 801
f 817 818 801
f 801 818 802
f 818 819 802
f 802 819 803
f 819 820 803
f 803 820 804
f 820 821 804
f 804 821 805
f 821 822 805
f 805 822 806
f 822 823 806
f 806 823 807
f 823 824 807
f 807 824 808
f 824 825 808
f 808 825 809
f 825 826 809
f 809 826 810
f 826 827 810
f 810 827 811
f 827 828 811
f 811 828 812
f 828 829 812
f 812 829 813
f 829 830 813
f 813 830 814
f 830 831 814
f 814 831 815
f 831 832 815
f 815 832 816
f 832 833 816
f 817 834 818
f 834 835 818
f 818 835 819
f 835 836 819
f 819 836 820
f 836 837 820
f 820 837 821
f 837 838 821
f 821 838 822
f 838 839 822
f 822 839 823
f 839 840 823
f 823 840 824
f 840 841 824
f 824 841 825
f 841 842 825
f 825 842 826
f 842 843 826
f 826 843 827
f 843 844 827
f 827 844 828
f 844 845 828
f 828 845 829
f 845 846 829
f 829 846 830
f 846 847 830
f 830 847 831
f 847 848 831
f 831 848 832
f 848 849 832
f 832 849 833
f 849 850 833
f 834 851 835
f 851 852 835
f 835 852 836
f 852 853 836
f 836 853 837
f 853 854 837
f 837 854 838
f 854 855 838
f 838 855 839
f 855 856 839
f 839 856 840
f 856 857 840
f 840 857 841
f 857 858 841
f 841 858 842
f 858 859 842
f 842 859 843
f 859 860 843
f 843 860 844
f 860 861 844
f 844 861 845
f 861 862 845
f 845 862 846
f 862 863 846
f 846 863 847
f 863 864 847
f 847 864 848
f 864 865 848
f 848 865 849
f 865 866 849
f 849 866 850
f 866 867 850
f 851 868 852
f 868 869 852
f 852 869 853
f 869 870 853
f 853 870 854
f 870 871 854
f 854 871 855
f 871 872 855
f 855 872 856
f 872 873 856
f 856 873 857
f 873 874 857
f 857 874 858
f 874 875 858
f 858 875 859
f 875 876 859
f 859 876 860
f 876 877 860
f 860 877 861
f 877 878 861
f 861 878 862
f 878 879 862
f 862 879 863
f 879 880 863
f 863 880 864
f 880 881 864
f 864 881 865
f 881 882 865
f 865 882 866
f 882 883 866
f 866 883 867
f 883 884 867
f 868 885 869
f 885 886 869
f 869 886 870
f 886 887 870
f 870 887 871
f 887 888 871
f 871 888 872
f 888 889 872
f 872 889 873
f 889 890 873
f 873 890 874
f 890 891 874
f 874 891 875
f 891 892 875
f 875 892 876
f 892 893 876
f 876 893 877
f 893 894 877
f 877 894 878
f 894 895 878
f 878 895 879
f 895 896 879
f 879 896 880
f 896 897 880
f 880 897 881
f 897 898 881
f 881 898 882
f 898 899 882
f 882 899 883
f 899 900 883
f 883 900 884
f 900 901 884
f 885 902 886
f 902 903 886
f 886 903 887
f 903 904 887
f 887 904 888
f 904 905 888
f 888 905 889
f 905 906 889
f 889 906 890
f 906 907 890
f 890 907 891
f 907 908 891
f 891 908 892
f 908 909 892
f 892 909 893
f 909 910 893
f 893 910 894
f 910 911 894
f 894 911 895
f 911 912 895
f 895 912 896
f 912 913 896
f 896 913 897
f 913 914 897
f 897 914 898
f 914 915 898
f 898 915 899
f 915 916 899
f 899 916 900
f 916 917 900
f 900 917 901
f 917 918 901
f 902 919 903
f 919 920 903
f 903 920 904
f 920 921 904
f 904 921 905
f 921 922 905
f 905 922 906
f 922 923 906
f 906 923 907
f 923 924 907
f 907 924 908
f 924 925 908
f 908 925 909
f 925 926 909
f 909 926 910
f 926 927 910
f 910 927 911
f 927 928 911
f 911 928 912
f 928 929 912
f 912 929 913
f 929 930 913
f 913 930 914
f 930 931 914
f 914 931 915
f 931 932 915
f 915 932 916
f 932 933 916
f 916 933 917
f 933 934 917
f 917 934 918
f 934 935 918
f 919 936 920
f 936 937 920
f 920 937 921
f 937 938 921
f 921 938 922
f 938 939 922
f 922 939 923
f 939 940 923
f 923 940 924
f 940 941 924
f 924 941 925
f 941 942 925
f 925 942 926
f 942 943 926
f 926 943 927
f 943 944 927
f 927 944 928
f 944 945 928
f 928 945 929
f 945 946 929
f 929 946 930
f 946 947 930
f 930 947 931
f 947 948 931
f 931 948 932
f 948 949 932
f 932 949 933
f 949 950 933
f 933 950 934
f 950 951 934
f 934 951 935
f 951 952 935
f 936 953 937
f 953 954 937
f 937 954 938
f 954 955 938
f 938 955 939
f 955 956 939
f 939 956 940
f 956 957 940
f 940 957 941
f 957 958 941
f 941 958 942
f 958 959 942
f 942 959 943
f 959 960 943
f 943 960 944
f 960 961 944
f 944 961 945
f 961 962 945
f 945 962 946
f 962 963 946
f 946 963 947
f 963 964 947
f 947 964 948
f 964 965 948
f 948 965 949
f 965 966 949
f 949 966 950
f 966 967 950
f 950 967 951
f 967 968 951
f 951 968 952
f 968 969 952
f 953 970 954
f 970 971 954
f 954 971 955
f 971 972 955
f 955 972 956
f 972 973 956
f 956 973 957
f 973 974 957
f 957 974 958
f 974 975 958
f 958 975 959
f 975 976 959
f 959 976 960
f 976 977 960
f 960 977 961
f 977 978 961
f 961 978 962
f 978 979 962
f 962 979 963
f 979 980 963
f 963 980 964
f 980 981 964
f 964 981 965
f 981 982 965
f 965 982 966
f 982 983 966
f 966 983 967
f 983 984 967
f 967 984 968
f 984 985 968
f 968 985 969
f 985 986 969
f 970 987 971
f 987 988 971
f 971 988 972
f 988 989 972
f 972 989 973
f 989 990 973
f 973 990 974
f 990 991 974
f 974 991 975
f 991 992 975
f 975 992 976
f 992 993 976
f 976 993 977
f 993 994 977
f 977 994 978
f 994 995 978
f 978 995 979
f 995 996 979
f 979 996 980
f 996 997 980
f 980 997 981
f 997 998 981
f 981 998 982
f 998 999 982
f 982 999 983
f 999 1000 983
f 983 1000 984
f 1000 1001 984
f 984 1001 985
f 1001 1002 985
f 985 1002 986
f 1002 1003 986
f 987 1004 988
f 1004 1005 988
f 988 1005 989
f 1005 1006 989
f 989 1006 990
f 1006 1007 990
f 990 1007 991
f 1007 1008 991
f 991 1008 992
f 1008 1009 992
f 992 1009 993
f 1009 1010 993
f 993 1010 994
f 1010 1011 994
f 994 1011 995
f 1011 1012 995
f 995 1012 996
f 1012 1013 996
f 996 1013 997
f 1013 1014 997
f 997 1014 998
f 1014 1015 998
f 998 1015 999
f 1015 1016 999
f 999 1016 1000
f 1016 1017 1000
f 1000 1017 1001
f 1017 1018 1001
f 1001 1018 1002
f 1018 1019 1002
f 1002 1019 1003
f 1019 1020 1003
f 1004 1021 1005
f 1021 1022 1005
f 1005 1022 1006
f 1022 1023 1006
f 1006 1023 1007
f 1023 1024 1007
f 1007 1024 1008
f 1024 1025 1008
f 1008 1025 1009
f 1025 1026 1009
f 1009 1026 1010
f 1026 1027 1010
f 1010 1027 1011
f 1027 1028 1011
f 1011 1028 1012
f 1028 1029 1012
f 1012 1029 1013
f 1029 1030 1013
f 1013 1030 1014
f 1030 1031 1014
f 1014 1031 1015
f 1031 1032 1015
f 1015 1032 1016
f 1032 1033 1016
f 1016 1033 1017
f 1033 1034 1017
f 1017 1034 1018
f 1034 1035 1018
f 1018 1035 1019
f 1035 1036 1019
f 1019 1036 1020
f 1036 1037 1020
f 1021 1038 1022
f 1038 1039 1022
f 1022 1039 1023
f 1039 1040 1023
f 1023 1040 1024
f 1040 1041 1024
f 1024 1041 1025
f 1041 1042 1025
f 1025 1042 1026
f 1042 1043 1026
f 1026 1043 1027
f 1043 1044 1027
f 1027 1044 1028
f 1044 1045 1028
f 1028 1045 1029
f 1045 1046 1029
f 1029 1046 1030
f 1046 1047 1030
f 1030 1047 1031
f 1047 1048 1031
f 1031 1048 1032
f 1048 1049 1032
f 1032 1049 1033
f 1049 1050 1033
f 1033 1050 1034
f 1050 1051 1034
f 1034 1051 1035
f 1051 1052 1035
f 1035 1052 1036
f 1052 1053 1036
f 1036 1053 1037
f 1053 1054 1037
f 1038 1055 1039
f 1055 1056 1039
f 1039 1056 1040
f 1056 1057 1040
f 1040 1057 1041
f 1057 1058 1041
f 1041 1058 1042
f 1058 1059 1042
f 1042 1059 1043
f 1059 1060 1043
f 1043 1060 1044
f 1060 1061 1044
f 1044 1061 1045
f 1061 1062 1045
f 1045 1062 1046
f 1062 1063 1046
f 1046 1063 1047
f 1063 1064 1047
f 1047 1064 1048
f 1064 1065 1048
f 1048 1065 1049
f 1065 1066 1049
f 1049 1066 1050
f 1066 1067 1050
f 1050 1067 1051
f 1067 1068 1051
f 1051 1068 1052
f 1068 1069 1052
f 1052 1069 1053
f 1069 1070 1053
f 1053 1070 1054
f 1070 1071 1054
f 1055 1072 1056
f 1072 1073 1056
f 1056 1073 1057
f 1073 1074 1057
f 1057 1074 1058
f 1074 1075 1058
f 1058 1075 1059
f 1075 1076 1059
f 1059 1076 1060
f 1076 1077 1060
f 1060 1077 1061
f 1077 1078 1061
f 1061 1078 1062
f 1078 1079 1062
f 1062 1079 1063
f 1079 1080 1063
f 1063 1080 1064
f 1080 1081 1064
f 1064 1081 1065
f 1081 1082 1065
f 1065 1082 1066
f 1082 1083 1066
f 1066 1083 1067
f 1083 1084 1067
f 1067 1084 1068
f 1084 1085 1068
f 1068 1085 1069
f 1085 1086 1069
f 1069 1086 1070
f 1086 1087 1070
f 1070 1087 1071
f 1087 1088 1071
f 1072 1089 1073
f 1089 1090 1073
f 1073 1090 1074
f 1090 1091 1074
f 1074 1091 1075
f 1091 1092 1075
f 1075 1092 1076
f 1092 1093 1076
f 1076 1093 1077
f 1093 1094 1077
f 1077 1094 1078
f 1094 1095 1078
f 1078 1095 1079
f 1095 1096 1079
f 1079 1096 1080
f 1096 1097 1080
f 1080 1097 1081
f 1097 1098 1081
f 1081 1098 1082
f 1098 1099 1082
f 1082 1099 1083
f 1099 1100 1083
f 1083 1100 1084
f 1100 1101 1084
f 1084 1101 1085
f 1101 1102 1085
f 1085 1102 1086
f 1102 1103 1086
f 1086 1103 1087
f 1103 1104 1087
f 1087 1104 1088
f 1104 1105 1088
f 1089 1106 1090
f 1106 1107 1090
f 1090 1107 1091
f 1107 1108 1091
f 1091 1108 1092
f 1108 1109 1092
f 1092 1109 1093
f 1109 1110 1093
f 1093 1110 1094
f 1110 1111 1094
f 1094 1111 1095
f 1111 1112 1095
f 1095 1112 1096
f 1112 1113 1096
f 1096 1113 1097
f 1113 1114 1097
f 1097 1114 1098
f 1114 1115 1098
f 1098 1115 1099
f 1115 1116 1099
f 1099 1116 1100
f 1116 1117 1100
f 1100 1117 1101
f 1117 1118 1101
f 1101 1118 1102
f 1118 1119 1102
f 1102 1119 1103
f 1119 1120 1103
f 1103 1120 1104
f 1120 1121 1104
f 1104 1121 1105
f 1121 1122 1105
f 1106 1123 1107
f 1123 1124 1107
f 1107 1124 1108
f 1124 1125 1108
f 1108 1125 1109
f 1125 1126 1109
f 1109 1126 1110
f 1126 1127 1110
f 1110 1127 1111
f 1127 1128 1111
f 1111 1128 1112
f 1128 1129 1112
f 1112 1129 1113
f 1129 1130 1113
f 1113 1130 1114
f 1130 1131 1114
f 1114 1131 1115
f 1131 1132 1115
f 1115 1132 1116
f 1132 1133 1116
f 1116 1133 1117
f 1133 1134 1117
f 1117 1134 1118
f 1134 1135 1118
f 1118 1135 1119
f 1135 1136 1119
f 1119 1136 1120
f 1136 1137 1120
f 1120 1137 1121
f 1137 1138 1121
f 1121 1138 1122
f 1138 1139 1122
f 1123 1140 1124
f 1140 1141 1124
f 1124 1141 1125
f 1141 1142 1125
f 1125 1142 1126
f 1142 1143 1126
f 1126 1143 1127
f 1143 1144 1127
f 1127 1144 1128
f 1144 1145 1128
f 1128 1145 1129
f 1145 1146 1129
f 1129 1146 1130
f 1146 1147 1130
f 1130 1147 1131
f 1147 1148 1131
f 1131 1148 1132
f 1148 1149 1132
f 1132 1149 1133
f 1149 1150 1133
f 1133 1150 1134
f 1150 1151 1134
f 1134 1151 1135
f 1151 1152 1135
f 1135 1152 1136
f 1152 1153 1136
f 1136 1153 1137
f 1153 1154 1137
f 1137 1154 1138
f 1154 1155 1138
f 1138 1155 1139
f 1155 1156 1139
f 1140 1157 1141
f 1157 1158 1141
f 1141 1158 1142
f 1158 1159 1142
f 1142 1159 1143
f 1159 1160 1143
f 1143 1160 1144
f 1160 1161 1144
f 1144 1161 1145
f 1161 1162 1145
f 1145 1162 1146
f 1162 1163 1146
f 1146 1163 1147
f 1163 1164 1147
f 1147 1164 1148
f 1164 1165 1148
f 1148 1165 1149
f 1165 1166 1149
f 1149 1166 1150
f 1166 1167 1150
f 1150 1167 1151
f 1167 1168 1151
f 1151 1168 1152
f 1168 1169 1152
f 1152 1169 1153
f 1169 1170 1153
f 1153 1170 1154
f 1170 1171 1154
f 1154 1171 1155
f 1171 1172 1155
f 1155 1172 1156
f 1172 1173 1156
f 1157 1174 1158
f 1174 1175 1158
f 1158 1175 1159
f 1175 1176 1159
f 1159 1176 1160
f 1176 1177 1160
f 1160 1177 1161
f 1177 1178 1161
f 1161 1178 1162
f 1178 1179 1162
f 1162 1179 1163
f 1179 1180 1163
f 1163 1180 1164
f 1180 1181 1164
f 1164 1181 1165
f 1181 1182 1165
f 1165 1182 1166
f 1182 1183 1166
f 1166 1183 1167
f 1183 1184 1167
f 1167 1184 1168
f 1184 1185 1168
f 1168 1185 1169
f 1185 1186 1169
f 1169 1186 1170
f 1186 1187 1170
f 1170 1187 1171
f 1187 1188 1171
f 1171 1188 1172
f 1188 1189 1172
f 1172 1189 1173
f 1189 1190 1173
f 1174 1191 1175
f 1191 1192 1175
f 1175 1192 1176
f 1192 1193 1176
f 1176 1193 1177
f 1193 1194 1177
f 1177 1194 1178
f 1194 1195 1178
f 1178 1195 1179
f 1195 1196 1179
f 1179 1196 1180
f 1196 1197 1180
f 1180 1197 1181
f 1197 1198 1181
f 1181 1198 1182
f 1198 1199 1182
f 1182 1199 1183
f 1199 1200 1183
f 1183 1200 1184
f 1200 1201 1184
f 1184 1201 1185
f 1201 1202 1185
f 1185 1202 1186
f 1202 1203 1186
f 1186 1203 1187
f 1203 1204 1187
f 1187 1204 1188
f 1204 1205 1188
f 1188 1205 1189
f 1205 1206 1189
f 1189 1206 1190
f 1206 1207 1190
f 1191 1208 1192
f 1208 1209 1192
f 1192 1209 1193
f 1209 1210 1193
f 1193 1210 1194
f 1210 1211 1194
f 1194 1211 1195
f 1211 1212 1195
f 1195 1212 1196
f 1212 1213 1196
f 1196 1213 1197
f 1213 1214 1197
f 1197 1214 1198
f 1214 1215 1198
f 1198 1215 1199
f 1215 1216 1199
f 1199 1216 1200
f 1216 1217 1200
f 1200 1217 1201
f 1217 1218 1201
f 1201 1218 1202
f 1218 1219 1202
f 1202 1219 1203
f 1219 1220 1203
f 1203 1220 1204
f 1220 1221 1204
f 1204 1221 1205
f 1221 1222 1205
f 1205 1222 1206
f 1222 1223 1206
f 1206 1223 1207
f 1223 1224 1207
f 1208 1225 1209
f 1225 1226 1209
f 1209 1226 1210
f 1226 1227 1210
f 1210 1227 1211
f 1227 1228 1211
f 1211 1228 1212
f 1228 1229 1212
f 1212 1229 1213
f 1229 1230 1213
f 1213 1230 1214
f 1230 1231 1214
f 1214 1231 1215
f 1231 1232 1215
f 1215 1232 1216
f 1232 1233 1216
f 1216 1233 1217
f 1233 1234 1217
f 1217 1234 1218
f 1234 1235 1218
f 1218 1235 1219
f 1235 1236 1219
f 1219 1236 1220
f 1236 1237 1220
f 1220 1237 1221
f 1237 1238 1221
f 1221 1238 1222
f 1238 1239 1222
f 1222 1239 1223
f 1239 1240 1223
f 1223 1240 1224
f 1240 1241 1224
f 1225 1242 1226
f 1242 1243 1226
f 1226 1243 1227
f 1243 1244 1227
f 1227 1244 1228
f 1244 1245 1228
f 1228 1245 1229
f 1245 1246 1229
f 1229 1246 1230
f 1246 1247 1230
f 1230 1247 1231
f 1247 1248 1231
f 1231 1248 1232
f 1248 1249 1232
f 1232 1249 1233
f 1249 1250 1233
f 1233 1250 1234
f 1250 1251 1234
f 1234 1251 1235
f 1251 1252 1235
f 1235 1252 1236
f 1252 1253 1236
f 1236 1253 1237
f 1253 1254 1237
f 1237 1254 1238
f 1254 1255 1238
f 1238 1255 1239
f 1255 1256 1239
f 1239 1256 1240
f 1256 1257 1240
f 1240 1257 1241
f 1257 1258 1241
f 1242 1259 1243
f 1259 1260 1243
f 1243 1260 1244
f 1260 1261 1244
f 1244 1261 1245
f 1261 1262 1245
f 1245 1262 1246
f 1262 1263 1246
f 1246 1263 1247
f 1263 1264 1247
f 1247 1264 1248
f 1264 1265 1248
f 1248 1265 1249
f 1265 1266 1249
f 1249 1266 1250
f 1266 1267 1250
f 1250 1267 1251
f 1267 1268 1251
f 1251 1268 1252
f 1268 1269 1252
f 1252 1269 1253
f 1269 1270 1253
f 1253 1270 1254
f 1270 1271 1254
f 1254 1271 1255
f 1271 1272 1255
f 1255 1272 1256
f 1272 1273 1256
f 1256 1273 1257
f 1273 1274 1257
f 1257 1274 1258
f 1274 1275 1258
f 1259 1276 1260
f 1276 1277 1260
f 1260 1277 1261
f 1277 1278 1261
f 1261 1278 1262
f 1278 1279 1262
f 1262 1279 1263
f 1279 1280 1263
f 1263 1280 1264
f 1280 1281 1264
f 1264 1281 1265
f 1281 1282 1265
f 1265 1282 1266
f 1282 1283 1266
f 1266 1283 1267
f 1283 1284 1267
f 1267 1284 1268
f 1284 1285 1268
f 1268 1285 1269
f 1285 1286 1269
f 1269 1286 1270
f 1286 1287 1270
f 1270 1287 1271
f 1287 1288 1271
f 1271 1288 1272
f 1288 1289 1272
f 1272 1289 1273
f 1289 1290 1273
f 1273 1290 1274
f 1290 1291 1274
f 1274 1291 1275
f 1291 1292 1275
f 1276 1293 1277
f 1293 1294 1277
f 1277 1294 1278
f 1294 1295 1278
f 1278 1295 1279
f 1295 1296 1279
f 1279 1296 1280
f 1296 1297 1280
f 1280 1297 1281
f 1297 1298 1281
f 1281 1298 1282
f 1298 1299 1282
f 1282 1299 1283
f 1299 1300 1283
f 1283 1300 1284
f 1300 1301 1284
f 1284 1301 1285
f 1301 1302 1285
f 1285 1302 1286
f 1302 1303 1286
f 1286 1303 1287
f 1303 1304 1287
f 1287 1304 1288
f 1304 1305 1288
f 1288 1305 1289
f 1305 1306 1289
f 1289 1306 1290
f 1306 1307 1290
f 1290 1307 1291
f 1307 1308 1291
f 1291 1308 1292
f 1308 1309 1292
f 1293 1310 1294
f 1310 1311 1294
f 1294 1311 1295
f 1311 1312 1295
f 1295 1312 1296
f 1312 1313 1296
f 1296 1313 1297
f 1313 1314 1297
f 1297 1314 1298
f 1314 1315 1298
f 1298 1315 1299
f 1315 1316 1299
f 1299 1316 1300
f 1316 1317 1300
f 1300 1317 1301
f 1317 1318 1301
f 1301 1318 1302
f 1318 1319 1302
f 1302 1319 1303
f 1319 1320 1303
f 1303 1320 1304
f 1320 1321 1304
f 1304 1321 1305
f 1321 1322 1305
f 1305 1322 1306
f 1322 1323 1306
f 1306 1323 1307
f 1323 1324 1307
f 1307 1324 1308
f 1324 1325 1308
f 1308 1325 1309
f 1325 1326 1309
f 1310 1327 1311
f 1327 1328 1311
f 1311 1328 1312
f 1328 1329 1312
f 1312 1329 1313
f 1329 1330 1313
f 1313 1330 1314
f 1330 1331 1314
f 1314 1331 1315
f 1331 1332 1315
f 1315 1332 1316
f 1332 1333 1316
f 1316 1333 1317
f 1333 1334 1317
f 1317 1334 1318
f 1334 1335 1318
f 1318 1335 1319
f 1335 1336 1319
f 1319 1336 1320
f 1336 1337 1320
f 1320 1337 1321
f 1337 1338 1321
f 1321 1338 1322
f 1338 1339 1322
f 1322 1339 1323
f 1339 1340 1323
f 1323 1340 1324
f 1340 1341 1324
f 1324 1341 1325
f 1341 1342 1325
f 1325 1342 1326
f 1342 1343 1326
f 1327 1344 1328
f 1344 1345 1328
f 1328 1345 1329
f 1345 1346 1329
f 1329 1346 1330
f 1346 1347 1330
f 1330 1347 1331
f 1347 1348 1331
f 1331 1348 1332
f 1348 1349 1332
f 1332 1349 1333
f 1349 1350 1333
f 1333 1350 1334
f 1350 1351 1334
f 1334 1351 1335
f 1351 1352 1335
f 1335 1352 1336
f 1352 1353 1336
f 1336 1353 1337
f 1353 1354 1337
f 1337 1354 1338
f 1354 1355 1338
f 1338 1355 1339
f 1355 1356 1339
f 1339 1356 1340
f 1356 1357 1340
f 1340 1357 1341
f 1357 1358 1341
f 1341 1358 1342
f 1358 1359 1342
f 1342 1359 1343
f 1359 1360 1343
f 1344 1361 1345
f 1361 1362 1345
f 1345 1362 1346
f 1362 1363 1346
f 1346 1363 1347
f 1363 1364 1347
f 1347 1364 1348
f 1364 1365 1348
f 1348 1365 1349
f 1365 1366 1349
f 1349 1366 1350
f 1366 1367 1350
f 1350 1367 1351
f 1367 1368 1351
f 1351 1368 1352
f 1368 1369 1352
f 1352 1369 1353
f 1369 1370 1353
f 1353 1370 1354
f 1370 1371 1354
f 1354 1371 1355
f 1371 1372 1355
f 1355 1372 1356
f 1372 1373 1356
f 1356 1373 1357
f 1373 1374 1357
f 1357 1374 1358
f 1374 1375 1358
f 1358 1375 1359
f 1375 1376 1359
f 1359 1376 1360
f 1376 1377 1360
f 1361 1378 1362
f 1378 1379 1362
f 1362 1379 1363
f 1379 1380 1363
f 1363 1380 1364
f 1380 1381 1364
f 1364 1381 1365
f 1381 1382 1365
f 1365 1382 1366
f 1382 1383 1366
f 1366 1383 1367
f 1383 1384 1367
f 1367 1384 1368
f 1384 1385 1368
f 1368 1385 1369
f 1385 1386 1369
f 1369 1386 1370
f 1386 1387 1370
f 1370 1387 1371
f 1387 1388 1371
f 1371 1388 1372
f 1388 1389 1372
f 1372 1389 1373
f 1389 1390 1373
f 1373 1390 1374
f 1390 1391 1374
f 1374 1391 1375
f 1391 1392 1375
f 1375 1392 1376
f 1392 1393 1376
f 1376 1393 1377
f 1393 1394 1377
f 1378 1395 1379
f 1395 1396 1379
f 1379 1396 1380
f 1396 1397 1380
f 1380 1397 1381
f 1397 1398 1381
f 1381 1398 1382
f 1398 1399 1382
f 1382 1399 1383
f 1399 1400 1383
f 1383 1400 1384
f 1400 1401 1384
f 1384 1401 1385
f 1401 1402 1385
f 1385 1402 1386
f 1402 1403 1386
f 1386 1403 1387
f 1403 1404 1387
f 1387 1404 1388
f 1404 1405 1388
f 1388 1405 1389
f 1405 1406 1389
f 1389 1406 1390
f 1406 1407 1390
f 1390 1407 1391
f 1407 1408 1391
f 1391 1408 1392
f 1408 1409 1392
f 1392 1409 1393
f 1409 1410 1393
f 1393 1410 1394
f 1410 1411 1394
f 1395 1412 1396
f 1412 1413 1396
f 1396 1413 1397
f 1413 1414 1397
f 1397 1414 1398
f 1414 1415 1398
f 1398 1415 1399
f 1415 1416 1399
f 1399 1416 1400
f 1416 1417 1400
f 1400 1417 1401
f 1417 1418 1401
f 1401 1418 1402
f 1418 1419 1402
f 1402 1419 1403
f 1419 1420 1403
f 1403 1420 1404
f 1420 1421 1404
f 1404 1421 1405
f 1421 1422 1405
f 1405 1422 1406
f 1422 1423 1406
f 1406 1423 1407
f 1423 1424 1407
f 1407 1424 1408
f 1424 1425 1408
f 1408 1425 1409
f 1425 1426 1409
f 1409 1426 1410
f 1426 1427 1410
f 1410 1427 1411
f 1427 1428 1411
f 1412 1429 1413
f 1429 1430 1413
f 1413 1430 1414
f 1430 1431 1414
f 1414 1431 1415
f 1431 1432 1415
f 1415 1432 1416
f 1432 1433 1416
f 1416 1433 1417
f 1433 1434 1417
f 1417 1434 1418
f 1434 1435 1418
f 1418 1435 1419
f 1435 1436 1419
f 1419 1436 1420
f 1436 1437 1420
f 1420 1437 1421
f 1437 1438 1421
f 1421 1438 1422
f 1438 1439 1422
f 1422 1439 1423
f 1439 1440 1423
f 1423 1440 1424
f 1440 1441 1424
f 1424 1441 1425
f 1441 1442 1425
f 1425 1442 1426
f 1442 1443 1426
f 1426 1443 1427
f 1443 1444 1427
f 1427 1444 1428
f 1444 1445 1428
f 1429 1446 1430
f 1446 1447 1430
f 1430 1447 1431
f 1447 1448 1431
f 1431 1448 1432
f 1448 1449 1432
f 1432 1449 1433
f 1449 1450 1433
f 1433 1450 1434
f 1450 1451 1434
f 1434 1451 1435
f 1451 1452 1435
f 1435 1452 1436
f 1452 1453 1436
f 1436 1453 1437
f 1453 1454 1437
f 1437 1454 1438
f 1454 1455 1438
f 1438 1455 1439
f 1455 1456 1439
f 1439 1456 1440
f 1456 1457 1440
f 1440 1457 1441
f 1457 1458 1441
f 1441 1458 1442
f 1458 1459 1442
f 1442 1459 1443
f 1459 1460 1443
f 1443 1460 1444
f 1460 1461 1444
f 1444 1461 1445
f 1461 1462 1445
f 1446 1463 1447
f 1463 1464 1447
f 1447 1464 1448
f 1464 1465 1448
f 1448 1465 1449
f 1465 1466 1449
f 1449 1466 1450
f 1466 1467 1450
f 1450 1467 1451
f 1467 1468 1451
f 1451 1468 1452
f 1468 1469 1452
f 1452 1469 1453
f 1469 1470 1453
f 1453 1470 1454
f 1470 1471 1454
f 1454 1471 1455
f 1471 1472 1455
f 1455 1472 1456
f 1472 1473 1456
f 1456 1473 1457
f 1473 1474 1457
f 1457 1474 1458
f 1474 1475 1458
f 1458 1475 1459
f 1475 1476 1459
f 1459 1476 1460
f 1476 1477 1460
f 1460 1477 1461
f 1477 1478 1461
f 1461 1478 1462
f 1478 1479 1462
f 1463 1480 1464
f 1480 1481 1464
f 1464 1481 1465
f 1481 1482 1465
f 1465 1482 1466
f 1482 1483 1466
f 1466 1483 1467
f 1483 1484 1467
f 1467 1484 1468
f 1484 1485 1468
f 1468 1485 1469
f 1485 1486 1469
f 1469 1486 1470
f 1486 1487 1470
f 1470 1487 1471
f 1487 1488 1471
f 1471 1488 1472
f 1488 1489 1472
f 1472 1489 1473
f 1489 1490 1473
f 1473 1490 1474
f 1490 1491 1474
f 1474 1491 1475
f 1491 1492 1475
f 1475 1492 1476
f 1492 1493 1476
f 1476 1493 1477
f 1493 1494 1477
f 1477 1494 1478
f 1494 1495 1478
f 1478 1495 1479
f 1495 1496 1479
f 1480 1497 1481
f 1497 1498 1481
f 1481 1498 1482
f 1498 1499 1482
f 1482 1499 1483
f 1499 1500 1483
f 1483 1500 1484
f 1500 1501 1484
f 1484 1501 1485
f 1501 1502 1485
f 1485 1502 1486
f 1502 1503 1486
f 1486 1503 1487
f 1503 1504 1487
f 1487 1504 1488
f 1504 1505 1488
f 1488 1505 1489
f 1505 1506 1489
f 1489 1506 1490
f 1506 1507 1490
f 1490 1507 1491
f 1507 1508 1491
f 1491 1508 1492
f 1508 1509 1492
f 1492 1509 1493
f 1509 1510 1493
f 1493 1510 1494
f 1510 1511 1494
f 1494 1511 1495
f 1511 1512 1495
f 1495 1512 1496
f 1512 1513 1496
f 1497 1514 1498
f 1514 1515 1498
f 1498 1515 1499
f 1515 1516 1499
f 1499 1516 1500
f 1516 1517 1500
f 1500 1517 1501
f 1517 1518 1501
f 1501 1518 1502
f 1518 1519 1502
f 1502 1519 1503
f 1519 1520 1503
f 1503 1520 1504
f 1520 1521 1504
f 1504 1521 1505
f 1521 1522 1505
f 1505 1522 1506
f 1522 1523 1506
f 1506 1523 1507
f 1523 1524 1507
f 1507 1524 1508
f 1524 1525 1508
f 1508 1525 1509
f 1525 1526 1509
f 1509 1526 1510
f 1526 1527 1510
f 1510 1527 1511
f 1527 1528 1511
f 1511 1528 1512
f 1528 1529 1512
f 1512 1529 1513
f 1529 1530 1513
f 1514 1531 1515
f 1531 1532 1515
f 1515 1532 1516
f 1532 1533 1516
f 1516 1533 1517
f 1533 1534 1517
f 1517 1534 1518
f 1534 1535 1518
f 1518 1535 1519
f 1535 1536 1519
f 1519 1536 1520
f 1536 1537 1520
f 1520 1537 1521
f 1537 1538 1521
f 1521 1538 1522
f 1538 1539 1522
f 1522 1539 1523
f 1539 1540 1523
f 1523 1540 1524
f 1540 1541 1524
f 1524 1541 1525
f 1541 1542 1525
f 1525 1542 1526
f 1542 1543 1526
f 1526 1543 1527
f 1543 1544 1527
f 1527 1544 1528
f 1544 1545 1528
f 1528 1545 1529
f 1545 1546 1529
f 1529 1546 1530
f 1546 1547 1530
f 1531 1548 1532
f 1548 1549 1532
f 1532 1549 1533
f 1549 1550 1533
f 1533 1550 1534
f 1550 1551 1534
f 1534 1551 1535
f 1551 1552 1535
f 1535 1552 1536
f 1552 1553 1536
f 1536 1553 1537
f 1553 1554 1537
f 1537 1554 1538
f 1554 1555 1538
f 1538 1555 1539
f 1555 1556 1539
f 1539 1556 1540
f 1556 1557 1540
f 1540 1557 1541
f 1557 1558 1541
f 1541 1558 1542
f 1558 1559 1542
f 1542 1559 1543
f 1559 1560 1543
f 1543 1560 1544
f 1560 1561 1544
f 1544 1561 1545
f 1561 1562 1545
f 1545 1562 1546
f 1562 1563 1546
f 1546 1563 1547
f 1563 1564 1547
f 1548 1565 1549
f 1565 1566 1549
f 1549 1566 1550
f 1566 1567 1550
f 1550 1567 1551
f 1567 1568 1551
f 1551 1568 1552
f 1568 1569 1552
f 1552 1569 1553
f 1569 1570 1553
f 1553 1570 1554
f 1570 1571 1554
f 1554 1571 1555
f 1571 1572 1555
f 1555 1572 1556
f 1572 1573 1556
f 1556 1573 1557
f 1573 1574 1557
f 1557 1574 1558
f 1574 1575 1558
f 1558 1575 1559
f 1575 1576 1559
f 1559 1576 1560
f 1576 1577 1560
f 1560 1577 1561
f 1577 1578 1561
f 1561 1578 1562
f 1578 1579 1562
f 1562 1579 1563
f 1579 1580 1563
f 1563 1580 1564
f 1580 1581 1564
f 1565 1582 1566
f 1582 1583 1566
f 1566 1583 1567
f 1583 1584 1567
f 1567 1584 1568
f 1584 1585 1568
f 1568 1585 1569
f 1585 1586 1569
f 1569 1586 1570
f 1586 1587 1570
f 1570 1587 1571
f 1587 1588 1571
f 1571 1588 1572
f 1588 1589 1572
f 1572 1589 1573
f 1589 1590 1573
f 1573 1590 1574
f 1590 1591 1574
f 1574 1591 1575
f 1591 1592 1575
f 1575 1592 1576
f 1592 1593 1576
f 1576 1593 1577
f 1593 1594 1577
f 1577 1594 1578
f 1594 1595 1578
f 1578 1595 1579
f 1595 1596 1579
f 1579 1596 1580
f 1596 1597 1580
f 1580 1597 1581
f 1597 1598 1581
f 1582 1599 1583
f 1599 1600 1583
f 1583 1600 1584
f 1600 1601 1584
f 1584 1601 1585
f 1601 1602 1585
f 1585 1602 1586
f 1602 1603 1586
f 1586 1603 1587
f 1603 1604 1587
f 1587 1604 1588
f 1604 1605 1588
f 1588 1605 1589
f 1605 1606 1589
f 1589 1606 1590
f 1606 1607 1590
f 1590 1607 1591
f 1607 1608 1591
f 1591 1608 1592
f 1608 1609 1592
f 1592 1609 1593
f 1609 1610 1593
f 1593 1610 1594
f 1610 1611 1594
f 1594 1611 1595
f 1611 1612 1595
f 1595 1612 1596
f 1612 1613 1596
f 1596 1613 1597
f 1613 1614 1597
f 1597 1614 1598
f 1614 1615 1598
f 1599 1616 1600
f 1616 1617 1600
f 1600 1617 1601
f 1617 1618 1601
f 1601 1618 1602
f 1618 1619 1602
f 1602 1619 1603
f 1619 1620 1603
f 1603 1620 1604
f 1620 1621 1604
f 1604 1621 1605
f 1621 1622 1605
f 1605 1622 1606
f 1622 1623 1606
f 1606 1623 1607
f 1623 1624 1607
f 1607 1624 1608
f 1624 1625 1608
f 1608 1625 1609
f 1625 1626 1609
f 1609 1626 1610
f 1626 1627 1610
f 1610 1627 1611
f 1627 1628 1611
f 1611 1628 1612
f 1628 1629 1612
f 1612 1629 1613
f 1629 1630 1613
f 1613 1630 1614
f 1630 1631 1614
f 1614 1631 1615
f 1631 1632 1615
f 1616 1633 1617
f 1633 1634 1617
f 1617 1634 1618
f 1634 1635 1618
f 1618 1635 1619
f 1635 1636 1619
f 1619 1636 1620
f 1636 1637 1620
f 1620 1637 1621
f 1637 1638 1621
f 1621 1638 1622
f 1638 1639 1622
f 1622 1639 1623
f 1639 1640 1623
f 1623 1640 1624
f 1640 1641 1624
f 1624 1641 1625
f 1641 1642 1625
f 1625 1642 1626
f 1642 1643 1626
f 1626 1643 1627
f 1643 1644 1627
f 1627 1644 1628
f 1644 1645 1628
f 1628 1645 1629
f 1645 1646 1629
f 1629 1646 1630
f 1646 1647 1630
f 1630 1647 1631
f 1647 1648 1631
f 1631 1648 1632
f 1648 1649 1632
f 1633 1650 1634
f 1650 1651 1634
f 1634 1651 1635
f 1651 1652 1635
f 1635 1652 1636
f 1652 1653 1636
f 1636 1653 1637
f 1653 1654 1637
f 1637 1654 1638
f 1654 1655 1638
f 1638 1655 1639
f 1655 1656 1639
f 1639 1656 1640
f 1656 1657 1640
f 1640 1657 1641
f 1657 1658 1641
f 1641 1658 1642
f 1658 1659 1642
f 1642 1659 1643
f 1659 1660 1643
f 1643 1660 1644
f 1660 1661 1644
f 1644 1661 1645
f 1661 1662 1645
f 1645 1662 1646
f 1662 1663 1646
f 1646 1663 1647
f 1663 1664 1647
f 1647 1664 1648
f 1664 1665 1648
f 1648 1665 1649
f 1665 1666 1649
f 1650 1667 1651
f 1667 1668 1651
f 1651 1668 1652
f 1668 1669 1652
f 1652 1669 1653
f 1669 1670 1653
f 1653 1670 1654
f 1670 1671 1654
f 1654 1671 1655
f 1671 1672 1655
f 1655 1672 1656
f 1672 1673 1656
f 1656 1673 1657
f 1673 1674 1657
f 1657 1674 1658
f 1674 1675 1658
f 1658 1675 1659
f 1675 1676 1659
f 1659 1676 1660
f 1676 1677 1660
f 1660 1677 1661
f 1677 1678 1661
f 1661 1678 1662
f 1678 1679 1662
f 1662 1679 1663
f 1679 1680 1663
f 1663 1680 1664
f 1680 1681 1664
f 1664 1681 1665
f 1681 1682 1665
f 1665 1682 1666
f 1682 1683 1666
f 1667 1684 1668
f 1684 1685 1668
f 1668 1685 1669
f 1685 1686 1669
f 1669 1686 1670
f 1686 1687 1670
f 1670 1687 1671
f 1687 1688 1671
f 1671 1688 1672
f 1688 1689 1672
f 1672 1689 1673
f 1689 1690 1673
f 1673 1690 1674
f 1690 1691 1674
f 1674 1691 1675
f 1691 1692 1675
f 1675 1692 1676
f 1692 1693 1676
f 1676 1693 1677
f 1693 1694 1677
f 1677 1694 1678
f 1694 1695 1678
f 1678 1695 1679
f 1695 1696 1679
f 1679 1696 1680
f 1696 1697 1680
f 1680 1697 1681
f 1697 1698 1681
f 1681 1698 1682
f 1698 1699 1682
f 1682 1699 1683
f 1699 1700 1683
f 1684 1701 1685
f 1701 1702 1685
f 1685 1702 1686
f 1702 1703 1686
f 1686 1703 1687
f 1703 1704 1687
f 1687 1704 1688
f 1704 1705 1688
f 1688 1705 1689
f 1705 1706 1689
f 1689 1706 1690
f 1706 1707 1690
f 1690 1707 1691
f 1707 1708 1691
f 1691 1708 1692
f 1708 1709 1692
f 1692 1709 1693
f 1709 1710 1693
f 1693 1710 1694
f 1710 1711 1694
f 1694 1711 1695
f 1711 1712 1695
f 1695 1712 1696
f 1712 1713 1696
f 1696 1713 1697
f 1713 1714 1697
f 1697 1714 1698
f 1714 1715 1698
f 1698 1715 1699
f 1715 1716 1699
f 1699 1716 1700
f 1716 1717 1700
f 1701 1718 1702
f 1718 1719 1702
f 1702 1719 1703
f 1719 1720 1703
f 1703 1720 1704
f 1720 1721 1704
f 1704 1721 1705
f 1721 1722 1705
f 1705 1722 1706
f 1722 1723 1706
f 1706 1723 1707
f 1723 1724 1707
f 1707 1724 1708
f 1724 1725 1708
f 1708 1725 1709
f 1725 1726 1709
f 1709 1726 1710
f 1726 1727 1710
f 1710 1727 1711
f 1727 1728 1711
f 1711 1728 1712
f 1728 1729 1712
f 1712 1729 1713
f 1729 1730 1713
f 1713 1730 1714
f 1730 1731 1714
f 1714 1731 1715
f 1731 1732 1715
f 1715 1732 1716
f 1732 1733 1716
f 1716 1733 1717
f 1733 1734 1717
f 1718 1735 1719
f 1735 1736 1719
f 1719 1736 1720
f 1736 1737 1720
f 1720 1737 1721
f 1737 1738 1721
f 1721 1738 1722
f 1738 1739 1722
f 1722 1739 1723
f 1739 1740 1723
f 1723 1740 1724
f 1740 1741 1724
f 1724 1741 1725
f 1741 1742 1725
f 1725 1742 1726
f 1742 1743 1726
f 1726 1743 1727
f 1743 1744 1727
f 1727 1744 1728
f 1744 1745 1728
f 1728 1745 1729
f 1745 1746 1729
f 1729 1746 1730
f 1746 1747 1730
f 1730 1747 1731
f 1747 1748 1731
f 1731 1748 1732
f 1748 1749 1732
f 1732 1749 1733
f 1749 1750 1733
f 1733 1750 1734
f 1750 1751 1734
f 1735 1752 1736
f 1752 1753 1736
f 1736 1753 1737
f 1753 1754 1737
f 1737 1754 1738
f 1754 1755 1738
f 1738 1755 1739
f 1755 1756 1739
f 1739 1756 1740
f 1756 1757 1740
f 1740 1757 1741
f 1757 1758 1741
f 1741 1758 1742
f 1758 1759 1742
f 1742 1759 1743
f 1759 1760 1743
f 1743 1760 1744
f 1760 1761 1744
f 1744 1761 1745
f 1761 1762 1745
f 1745 1762 1746
f 1762 1763 1746
f 1746 1763 1747
f 1763 1764 1747
f 1747 1764 1748
f 1764 1765 1748
f 1748 1765 1749
f 1765 1766 1749
f 1749 1766 1750
f 1766 1767 1750
f 1750 1767 1751
f 1767 1768 1751
f 1752 1769 1753
f 1769 1770 1753
f 1753 1770 1754
f 1770 1771 1754
f 1754 1771 1755
f 1771 1772 1755
f 1755 1772 1756
f 1772 1773 1756
f 1756 1773 1757
f 1773 1774 1757
f 1757 1774 1758
f 1774 1775 1758
f 1758 1775 1759
f 1775 1776 1759
f 1759 1776 1760
f 1776 1777 1760
f 1760 1777 1761
f 1777 1778 1761
f 1761 1778 1762
f 1778 1779 1762
f 1762 1779 1763
f 1779 1780 1763
f 1763 1780 1764
f 1780 1781 1764
f 1764 1781 1765
f 1781 1782 1765
f 1765 1782 1766
f 1782 1783 1766
f 1766 1783 1767
f 1783 1784 1767
f 1767 1784 1768
f 1784 1785 1768
f 1769 1786 1770
f 1786 1787 1770
f 1770 1787 1771
f 1787 1788 1771
f 1771 1788 1772
f 1788 1789 1772
f 1772 1789 1773
f 1789 1790 1773
f 1773 1790 1774
f 1790 1791 1774
f 1774 1791 1775
f 1791 1792 1775
f 1775 1792 1776
f 1792 1793 1776
f 1776 1793 1777
f 1793 1794 1777
f 1777 1794 1778
f 1794 1795 1778
f 1778 1795 1779
f 1795 1796 1779
f 1779 1796 1780
f 1796 1797 1780
f 1780 1797 1781
f 1797 1798 1781
f 1781 1798 1782
f 1798 1799 1782
f 1782 1799 1783
f 1799 1800 1783
f 1783 1800 1784
f 1800 1801 1784
f 1784 1801 1785
f 1801 1802 1785
f 1786 1803 1787
f 1803 1804 1787
f 1787 1804 1788
f 1804 1805 1788
f 1788 1805 1789
f 1805 1806 1789
f 1789 1806 1790
f 1806 1807 1790
f 1790 1807 1791
f 1807 1808 1791
f 1791 1808 1792
f 1808 1809 1792
f 1792 1809 1793
f 1809 1810 1793
f 1793 1810 1794
f 1810 1811 1794
f 1794 1811 1795
f 1811 1812 1795
f 1795 1812 1796
f 1812 1813 1796
f 1796 1813 1797
f 1813 1814 1797
f 1797 1814 1798
f 1814 1815 1798
f 1798 1815 1799
f 1815 1816 1799
f 1799 1816 1800
f 1816 1817 1800
f 1800 1817 1801
f 1817 1818 1801
f 1801 1818 1802
f 1818 1819 1802
f 1803 1820 1804
f 1820 1821 1804
f 1804 1821 1805
f 1821 1822 1805
f 1805 1822 1806
f 1822 1823 1806
f 1806 1823 1807
f 1823 1824 1807
f 1807 1824 1808
f 1824 1825 1808
f 1808 1825 1809
f 1825 1826 1809
f 1809 1826 1810
f 1826 1827 1810
f 1810 1827 1811
f 1827 1828 1811
f 1811 1828 1812
f 1828 1829 1812
f 1812 1829 1813
f 1829 1830 1813
f 1813 1830 1814
f 1830 1831 1814
f 1814 1831 1815
f 1831 1832 1815
f 1815 1832 1816
f 1832 1833 1816
f 1816 1833 1817
f 1833 1834 1817
f 1817 1834 1818
f 1834 1835 1818
f 1818 1835 1819
f 1835 1836 1819
f 1820 1837 1821
f 1837 1838 1821
f 1821 1838 1822
f 1838 1839 1822
f 1822 1839 1823
f 1839 1840 1823
f 1823 1840 1824
f 1840 1841 1824
f 1824 1841 1825
f 1841 1842 1825
f 1825 1842 1826
f 1842 1843 1826
f 1826 1843 1827
f 1843 1844 1827
f 1827 1844 1828
f 1844 1845 1828
f 1828 1845 1829
f 1845 1846 1829
f 1829 1846 1830
f 1846 1847 1830
f 1830 1847 1831
f 1847 1848 1831
f 1831 1848 1832
f 1848 1849 1832
f 1832 1849 1833
f 1849 1850 1833
f 1833 1850 1834
f 1850 1851 1834
f 1834 1851 1835
f 1851 1852 1835
f 1835 1852 1836
f 1852 1853 1836
f 1837 1854 1838
f 1854 1855 1838
f 1838 1855 1839
f 1855 1856 1839
f 1839 1856 1840
f 1856 1857 1840
f 1840 1857 1841
f 1857 1858 1841
f 1841 1858 1842
f 1858 1859 1842
f 1842 1859 1843
f 1859 1860 1843
f 1843 1860 1844
f 1860 1861 1844
f 1844 1861 1845
f 1861 1862 1845
f 1845 1862 1846
f 1862 1863 1846
f 1846 1863 1847
f 1863 1864 1847
f 1847 1864 1848
f 1864 1865 1848
f 1848 1865 1849
f 1865 1866 1849
f 1849 1866 1850
f 1866 1867 1850
f 1850 1867 1851
f 1867 1868 1851
f 1851 1868 1852
f 1868 1869 1852
f 1852 1869 1853
f 1869 1870 1853
f 1854 1871 1855
f 1871 1872 1855
f 1855 1872 1856
f 1872 1873 1856
f 1856 1873 1857
f 1873 1874 1857
f 1857 1874 1858
f 1874 1875 1858
f 1858 1875 1859
f 1875 1876 1859
f 1859 1876 1860
f 1876 1877 1860
f 1860 1877 1861
f 1877 1878 1861
f 1861 1878 1862
f 1878 1879 1862
f 1862 1879 1863
f 1879 1880 1863
f 1863 1880 1864
f 1880 1881 1864
f 1864 1881 1865
f 1881 1882 1865
f 1865 1882 1866
f 1882 1883 1866
f 1866 1883 1867
f 1883 1884 1867
f 1867 1884 1868
f 1884 1885 1868
f 1868 1885 1869
f 1885 1886 1869
f 1869 1886 1870
f 1886 1887 1870
f 1871 1888 1872
f 1888 1889 1872
f 1872 1889 1873
f 1889 1890 1873
f 1873 1890 1874
f 1890 1891 1874
f 1874 1891 1875
f 1891 1892 1875
f 1875 1892 1876
f 1892 1893 1876
f 1876 1893 1877
f 1893 1894 1877
f 1877 1894 1878
f 1894 1895 1878
f 1878 1895 1879
f 1895 1896 1879
f 1879 1896 1880
f 1896 1897 1880
f 1880 1897 1881
f 1897 1898 1881
f 1881 1898 1882
f 1898 1899 1882
f 1882 1899 1883
f 1899 1900 1883
f 1883 1900 1884
f 1900 1901 1884
f 1884 1901 1885
f 1901 1902 1885
f 1885 1902 1886
f 1902 1903 1886
f 1886 1903 1887
f 1903 1904 1887
f 1888 1905 1889
f 1905 1906 1889
f 1889 1906 1890
f 1906 1907 1890
f 1890 1907 1891
f 1907 1908 1891
f 1891 1908 1892
f 1908 1909 1892
f 1892 1909 1893
f 1909 1910 1893
f 1893 1910 1894
f 1910 1911 1894
f 1894 1911 1895
f 1911 1912 1895
f 1895 1912 1896
f 1912 1913 1896
f 1896 1913 1897
f 1913 1914 1897
f 1897 1914 1898
f 1914 1915 1898
f 1898 1915 1899
f 1915 1916 1899
f 1899 1916 1900
f 1916 1917 1900
f 1900 1917 1901
f 1917 1918 1901
f 1901 1918 1902
f 1918 1919 1902
f 1902 1919 1903
f 1919 1920 1903
f 1903 1920 1904
f 1920 1921 1904
f 1905 1922 1906
f 1922 1923 1906
f 1906 1923 1907
f 1923 1924 1907
f 1907 1924 1908
f 1924 1925 1908
f 1908 1925 1909
f 1925 1926 1909
f 1909 1926 1910
f 1926 1927 1910
f 1910 1927 1911
f 1927 1928 1911
f 1911 1928 1912
f 1928 1929 1912
f 1912 1929 1913
f 1929 1930 1913
f 1913 1930 1914
f 1930 1931 1914
f 1914 1931 1915
f 1931 1932 1915
f 1915 1932 1916
f 1932 1933 1916
f 1916 1933 1917
f 1933 1934 1917
f 1917 1934 1918
f 1934 1935 1918
f 1918 1935 1919
f 1935 1936 1919
f 1919 1936 1920
f 1936 1937 1920
f 1920 1937 1921
f 1937 1938 1921
f 1922 1939 1923
f 1939 1940 1923
f 1923 1940 1924
f 1940 1941 1924
f 1924 1941 1925
f 1941 1942 1925
f 1925 1942 1926
f 1942 1943 1926
f 1926 1943 1927
f 1943 1944 1927
f 1927 1944 1928
f 1944 1945 1928
f 1928 1945 1929
f 1945 1946 1929
f 1929 1946 1930
f 1946 1947 1930
f 1930 1947 1931
f 1947 1948 1931
f 1931 1948 1932
f 1948 1949 1932
f 1932 1949 1933
f 1949 1950 1933
f 1933 1950 1934
f 1950 1951 1934
f 1934 1951 1935
f 1951 1952 1935
f 1935 1952 1936
f 1952 1953 1936
f 1936 1953 1937
f 1953 1954 1937
f 1937 1954 1938
f 1954 1955 1938
f 1939 1956 1940
f 1956 1957 1940
f 1940 1957 1941
f 1957 1958 1941
f 1941 1958 1942
f 1958 1959 1942
f 1942 1959 1943
f 1959 1960 1943
f 1943 1960 1944
f 1960 1961 1944
f 1944 1961 1945
f 1961 1962 1945
f 1945 1962 1946
f 1962 1963 1946
f 1946 1963 1947
f 1963 1964 1947
f 1947 1964 1948
f 1964 1965 1948
f 1948 1965 1949
f 1965 1966 1949
f 1949 1966 1950
f 1966 1967 1950
f 1950 1967 1951
f 1967 1968 1951
f 1951 1968 1952
f 1968 1969 1952
f 1952 1969 1953
f 1969 1970 1953
f 1953 1970 1954
f 1970 1971 1954
f 1954 1971 1955
f 1971 1972 1955
f 1956 1973 1957
f 1973 1974 1957
f 1957 1974 1958
f 1974 1975 1958
f 1958 1975 1959
f 1975 1976 1959
f 1959 1976 1960
f 1976 1977 1960
f 1960 1977 1961
f 1977 1978 1961
f 1961 1978 1962
f 1978 1979 1962
f 1962 1979 1963
f 1979 1980 1963
f 1963 1980 1964
f 1980 1981 1964
f 1964 1981 1965
f 1981 1982 1965
f 1965 1982 1966
f 1982 1983 1966
f 1966 1983 1967
f 1983 1984 1967
f 1967 1984 1968
f 1984 1985 1968
f 1968 1985 1969
f 1985 1986 1969
f 1969 1986 1970
f 1986 1987 1970
f 1970 1987 1971
f 1987 1988 1971
f 1971 1988 1972
f 1988 1989 1972
f 1973 1990 1974
f 1990 1991 1974
f 1974 1991 1975
f 1991 1992 1975
f 1975 1992 1976
f 1992 1993 1976
f 1976 1993 1977
f 1993 1994 1977
f 1977 1994 1978
f 1994 1995 1978
f 1978 1995 1979
f 1995 1996 1979
f 1979 1996 1980
f 1996 1997 1980
f 1980 1997 1981
f 1997 1998 1981
f 1981 1998 1982
f 1998 1999 1982
f 1982 1999 1983
f 1999 2000 1983
f 1983 2000 1984
f 2000 2001 1984
f 1984 2001 1985
f 2001 2002 1985
f 1985 2002 1986
f 2002 2003 1986
f 1986 2003 1987
f 2003 2004 1987
f 1987 2004 1988
f 2004 2005 1988
f 1988 2005 1989
f 2005 2006 1989
f 1990 2007 1991
f 2007 2008 1991
f 1991 2008 1992
f 2008 2009 1992
f 1992 2009 1993
f 2009 2010 1993
f 1993 2010 1994
f 2010 2011 1994
f 1994 2011 1995
f 2011 2012 1995
f 1995 2012 1996
f 2012 2013 1996
f 1996 2013 1997
f 2013 2014 1997
f 1997 2014 1998
f 2014 2015 1998
f 1998 2015 1999
f 2015 2016 1999
f 1999 2016 2000
f 2016 2017 2000
f 2000 2017 2001
f 2017 2018 2001
f 2001 2018 2002
f 2018 2019 2002
f 2002 2019 2003
f 2019 2020 2003
f 2003 2020 2004
f 2020 2021 2004
f 2004 2021 2005
f 2021 2022 2005
f 2005 2022 2006
f 2022 2023 2006
f 2007 2024 2008
f 2024 2025 2008
f 2008 2025 2009
f 2025 2026 2009
f 2009 2026 2010
f 2026 2027 2010
f 2010 2027 2011
f 2027 2028 2011
f 2011 2028 2012
f 2028 2029 2012
f 2012 2029 2013
f 2029 2030 2013
f 2013 2030 2014
f 2030 2031 2014
f 2014 2031 2015
f 2031 2032 2015
f 2015 2032 2016
f 2032 2033 2016
f 2016 2033 2017
f 2033 2034 2017
f 2017 2034 2018
f 2034 2035 2018
f 2018 2035 2019
f 2035 2036 2019
f 2019 2036 2020
f 2036 2037 2020
f 2020 2037 2021
f 2037 2038 2021
f 2021 2038 2022
f 2038 2039 2022
f 2022 2039 2023
f 2039 2040 2023
f 2024 2041 2025
f 2041 2042 2025
f 2025 2042 2026
f 2042 2043 2026
f 2026 2043 2027
f 2043 2044 2027
f 2027 2044 2028
f 2044 2045 2028
f 2028 2045 2029
f 2045 2046 2029
f 2029 2046 2030
f 2046 2047 2030
f 2030 2047 2031
f 2047 2048 2031
f 2031 2048 2032
f 2048 2049 2032
f 2032 2049 2033
f 2049 2050 2033
f 2033 2050 2034
f 2050 2051 2034
f 2034 2051 2035
f 2051 2052 2035
f 2035 2052 2036
f 2052 2053 2036
f 2036 2053 2037
f 2053 2054 2037
f 2037 2054 2038
f 2054 2055 2038
f 2038 2055 2039
f 2055 2056 2039
f 2039 2056 2040
f 2056 2057 2040
f 2041 2058 2042
f 2058 2059 2042
f 2042 2059 2043
f 2059 2060 2043
f 2043 2060 2044
f 2060 2061 2044
f 2044 2061 2045
f 2061 2062 2045
f 2045 2062 2046
f 2062 2063 2046
f 2046 2063 2047
f 2063 2064 2047
f 2047 2064 2048
f 2064 2065 2048
f 2048 2065 2049
f 2065 2066 2049
f 2049 2066 2050
f 2066 2067 2050
f 2050 2067 2051
f 2067 2068 2051
f 2051 2068 2052
f 2068 2069 2052
f 2052 2069 2053
f 2069 2070 2053
f 2053 2070 2054
f 2070 2071 2054
f 2054 2071 2055
f 2071 2072 2055
f 2055 2072 2056
f 2072 2073 2056
f 2056 2073 2057
f 2073 2074 2057
f 2058 2075 2059
f 2075 2076 2059
f 2059 2076 2060
f 2076 2077 2060
f 2060 2077 2061
f 2077 2078 2061
f 2061 2078 2062
f 2078 2079 2062
f 2062 2079 2063
f 2079 2080 2063
f 2063 2080 2064
f 2080 2081 2064
f 2064 2081 2065
f 2081 2082 2065
f 2065 2082 2066
f 2082 2083 2066
f 2066 2083 2067
f 2083 2084 2067
f 2067 2084 2068
f 2084 2085 2068
f 2068 2085 2069
f 2085 2086 2069
f 2069 2086 2070
f 2086 2087 2070
f 2070 2087 2071
f 2087 2088 2071
f 2071 2088 2072
f 2088 2089 2072
f 2072 2089 2073
f 2089 2090 2073
f 2073 2090 2074
f 2090 2091 2074
f 2075 2092 2076
f 2092 2093 2076
f 2076 2093 2077
f 2093 2094 2077
f 2077 2094 2078
f 2094 2095 2078
f 2078 2095 2079
f 2095 2096 2079
f 2079 2096 2080
f 2096 2097 2080
f 2080 2097 2081
f 2097 2098 2081
f 2081 2098 2082
f 2098 2099 2082
f 2082 2099 2083
f 2099 2100 2083
f 2083 2100 2084
f 2100 2101 2084
f 2084 2101 2085
f 2101 2102 2085
f 2085 2102 2086
f 2102 2103 2086
f 2086 2103 2087
f 2103 2104 2087
f 2087 2104 2088
f 2104 2105 2088
f 2088 2105 2089
f 2105 2106 2089
f 2089 2106 2090
f 2106 2107 2090
f 2090 2107 2091
f 2107 2108 2091
f 2092 2109 2093
f 2109 2110 2093
f 2093 2110 2094
f 2110 2111 2094
f 2094 2111 2095
f 2111 2112 2095
f 2095 2112 2096
f 2112 2113 2096
f 2096 2113 2097
f 2113 2114 2097
f 2097 2114 2098
f 2114 2115 2098
f 2098 2115 2099
f 2115 2116 2099
f 2099 2116 2100
f 2116 2117 2100
f 2100 2117 2101
f 2117 2118 2101
f 2101 2118 2102
f 2118 2119 2102
f 2102 2119 2103
f 2119 2120 2103
f 2103 2120 2104
f 2120 2121 2104
f 2104 2121 2105
f 2121 2122 2105
f 2105 2122 2106
f 2122 2123 2106
f 2106 2123 2107
f 2123 2124 2107
f 2107 2124 2108
f 2124 2125 2108
f 2109 2126 2110
f 2126 2127 2110
f 2110 2127 2111
f 2127 2128 2111
f 2111 2128 2112
f 2128 2129 2112
f 2112 2129 2113
f 2129 2130 2113
f 2113 2130 2114
f 2130 2131 2114
f 2114 2131 2115
f 2131 2132 2115
f 2115 2132 2116
f 2132 2133 2116
f 2116 2133 2117
f 2133 2134 2117
f 2117 2134 2118
f 2134 2135 2118
f 2118 2135 2119
f 2135 2136 2119
f 2119 2136 2120
f 2136 2137 2120
f 2120 2137 2121
f 2137 2138 2121
f 2121 2138 2122
f 2138 2139 2122
f 2122 2139 2123
f 2139 2140 2123
f 2123 2140 2124
f 2140 2141 2124
f 2124 2141 2125
f 2141 2142 2125
f 2126 2143 2127
f 2143 2144 2127
f 2127 2144 2128
f 2144 2145 2128
f 2128 2145 2129
f 2145 2146 2129
f 2129 2146 2130
f 2146 2147 2130
f 2130 2147 2131
f 2147 2148 2131
f 2131 2148 2132
f 2148 2149 2132
f 2132 2149 2133
f 2149 2150 2133
f 2133 2150 2134
f 2150 2151 2134
f 2134 2151 2135
f 2151 2152 2135
f 2135 2152 2136
f 2152 2153 2136
f 2136 2153 2137
f 2153 2154 2137
f 2137 2154 2138
f 2154 2155 2138
f 2138 2155 2139
f 2155 2156 2139
f 2139 2156 2140
f 2156 2157 2140
f 2140 2157 2141
f 2157 2158 2141
f 2141 2158 2142
f 2158 2159 2142
f 2143 2160 2144
f 2160 2161 2144
f 2144 2161 2145
f 2161 2162 2145
f 2145 2162 2146
f 2162 2163 2146
f 2146 2163 2147
f 2163 2164 2147
f 2147 2164 2148
f 2164 2165 2148
f 2148 2165 2149
f 2165 2166 2149
f 2149 2166 2150
f 2166 2167 2150
f 2150 2167 2151
f 2167 2168 2151
f 2151 2168 2152
f 2168 2169 2152
f 2152 2169 2153
f 2169 2170 2153
f 2153 2170 2154
f 2170 2171 2154
f 2154 2171 2155
f 2171 2172 2155
f 2155 2172 2156
f 2172 2173 2156
f 2156 2173 2157
f 2173 2174 2157
f 2157 2174 2158
f 2174 2175 2158
f 2158 2175 2159
f 2175 2176 2159
f 2160 2177 2161
f 2177 2178 2161
f 2161 2178 2162
f 2178 2179 2162
f 2162 2179 2163
f 2179 2180 2163
f 2163 2180 2164
f 2180 2181 2164
f 2164 2181 2165
f 2181 2182 2165
f 2165 2182 2166
f 2182 2183 2166
f 2166 2183 2167
f 2183 2184 2167
f 2167 2184 2168
f 2184 2185 2168
f 2168 2185 2169
f 2185 2186 2169
f 2169 2186 2170
f 2186 2187 2170
f 2170 2187 2171
f 2187 2188 2171
f 2171 2188 2172
f 2188 2189 2172
f 2172 2189 2173
f 2189 2190 2173
f 2173 2190 2174
f 2190 2191 2174
f 2174 2191 2175
f 2191 2192 2175
f 2175 2192 2176
f 2192 2193 2176
f 2177 2194 2178
f 2194 2195 2178
f 2178 2195 2179
f 2195 2196 2179
f 2179 2196 2180
f 2196 2197 2180
f 2180 2197 2181
f 2197 2198 2181
f 2181 2198 2182
f 2198 2199 2182
f 2182 2199 2183
f 2199 2200 2183
f 2183 2200 2184
f 2200 2201 2184
f 2184 2201 2185
f 2201 2202 2185
f 2185 2202 2186
f 2202 2203 2186
f 2186 2203 2187
f 2203 2204 2187
f 2187 2204 2188
f 2204 2205 2188
f 2188 2205 2189
f 2205 2206 2189
f 2189 2206 2190
f 2206 2207 2190
f 2190 2207 2191
f 2207 2208 2191
f 2191 2208 2192
f 2208 2209 2192
f 2192 2209 2193
f 2209 2210 2193
f 2194 2211 2195
f 2211 2212 2195
f 2195 2212 2196
f 2212 2213 2196
f 2196 2213 2197
f 2213 2214 2197
f 2197 2214 2198
f 2214 2215 2198
f 2198 2215 2199
f 2215 2216 2199
f 2199 2216 2200
f 2216 2217 2200
f 2200 2217 2201
f 2217 2218 2201
f 2201 2218 2202
f 2218 2219 2202
f 2202 2219 2203
f 2219 2220 2203
f 2203 2220 2204
f 2220 2221 2204
f 2204 2221 2205
f 2221 2222 2205
f 2205 2222 2206
f 2222 2223 2206
f 2206 2223 2207
f 2223 2224 2207
f 2207 2224 2208
f 2224 2225 2208
f 2208 2225 2209
f 2225 2226 2209
f 2209 2226 2210
f 2226 2227 2210
f 2211 2228 2212
f 2228 2229 2212
f 2212 2229 2213
f 2229 2230 2213
f 2213 2230 2214
f 2230 2231 2214
f 2214 2231 2215
f 2231 2232 2215
f 2215 2232 2216
f 2232 2233 2216
f 2216 2233 2217
f 2233 2234 2217
f 2217 2234 2218
f 2234 2235 2218
f 2218 2235 2219
f 2235 2236 2219
f 2219 2236 2220
f 2236 2237 2220
f 2220 2237 2221
f 2237 2238 2221
f 2221 2238 2222
f 2238 2239 2222
f 2222 2239 2223
f 2239 2240 2223
f 2223 2240 2224
f 2240 2241 2224
f 2224 2241 2225
f 2241 2242 2225
f 2225 2242 2226
f 2242 2243 2226
f 2226 2243 2227
f 2243 2244 2227
f 2228 2245 2229
f 2245 2246 2229
f 2229 2246 2230
f 2246 2247 2230
f 2230 2247 2231
f 2247 2248 2231
f 2231 2248 2232
f 2248 2249 2232
f 2232 2249 2233
f 2249 2250 2233
f 2233 2250 2234
f 2250 2251 2234
f 2234 2251 2235
f 2251 2252 2235
f 2235 2252 2236
f 2252 2253 2236
f 2236 2253 2237
f 2253 2254 2237
f 2237 2254 2238
f 2254 2255 2238
f 2238 2255 2239
f 2255 2256 2239
f 2239 2256 2240
f 2256 2257 2240
f 2240 2257 2241
f 2257 2258 2241
f 2241 2258 2242
f 2258 2259 2242
f 2242 2259 2243
f 2259 2260 2243
f 2243 2260 2244
f 2260 2261 2244
f 2245 2262 2246
f 2262 2263 2246
f 2246 2263 2247
f 2263 2264 2247
f 2247 2264 2248
f 2264 2265 2248
f 2248 2265 2249
f 2265 2266 2249
f 2249 2266 2250
f 2266 2267 2250
f 2250 2267 2251
f 2267 2268 2251
f 2251 2268 2252
f 2268 2269 2252
f 2252 2269 2253
f 2269 2270 2253
f 2253 2270 2254
f 2270 2271 2254
f 2254 2271 2255
f 2271 2272 2255
f 2255 2272 2256
f 2272 2273 2256
f 2256 2273 2257
f 2273 2274 2257
f 2257 2274 2258
f 2274 2275 2258
f 2258 2275 2259
f 2275 2276 2259
f 2259 2276 2260
f 2276 2277 2260
f 2260 2277 2261
f 2277 2278 2261
f 2262 2279 2263
f 2279 2280 2263
f 2263 2280 2264
f 2280 2281 2264
f 2264 2281 2265
f 2281 2282 2265
f 2265 2282 2266
f 2282 2283 2266
f 2266 2283 2267
f 2283 2284 2267
f 2267 2284 2268
f 2284 2285 2268
f 2268 2285 2269
f 2285 2286 2269
f 2269 2286 2270
f 2286 2287 2270
f 2270 2287 2271
f 2287 2288 2271
f 2271 2288 2272
f 2288 2289 2272
f 2272 2289 2273
f 2289 2290 2273
f 2273 2290 2274
f 2290 2291 2274
f 2274 2291 2275
f 2291 2292 2275
f 2275 2292 2276
f 2292 2293 2276
f 2276 2293 2277
f 2293 2294 2277
f 2277 2294 2278
f 2294 2295 2278
f 2279 2296 2280
f 2296 2297 2280
f 2280 2297 2281
f 2297 2298 2281
f 2281 2298 2282
f 2298 2299 2282
f 2282 2299 2283
f 2299 2300 2283
f 2283 2300 2284
f 2300 2301 2284
f 2284 2301 2285
f 2301 2302 2285
f 2285 2302 2286
f 2302 2303 2286
f 2286 2303 2287
f 2303 2304 2287
f 2287 2304 2288
f 2304 2305 2288
f 2288 2305 2289
f 2305 2306 2289
f 2289 2306 2290
f 2306 2307 2290
f 2290 2307 2291
f 2307 2308 2291
f 2291 2308 2292
f 2308 2309 2292
f 2292 2309 2293
f 2309 2310 2293
f 2293 2310 2294
f 2310 2311 2294
f 2294 2311 2295
f 2311 2312 2295
f 2296 2313 2297
f 2313 2314 2297
f 2297 2314 2298
f 2314 2315 2298
f 2298 2315 2299
f 2315 2316 2299
f 2299 2316 2300
f 2316 2317 2300
f 2300 2317 2301
f 2317 2318 2301
f 2301 2318 2302
f 2318 2319 2302
f 2302 2319 2303
f 2319 2320 2303
f 2303 2320 2304
f 2320 2321 2304
f 2304 2321 2305
f 2321 2322 2305
f 2305 2322 2306
f 2322 2323 2306
f 2306 2323 2307
f 2323 2324 2307
f 2307 2324 2308
f 2324 2325 2308
f 2308 2325 2309
f 2325 2326 2309
f 2309 2326 2310
f 2326 2327 2310
f 2310 2327 2311
f 2327 2328 2311
f 2311 2328 2312
f 2328 2329 2312
f 2313 2330 2314
f 2330 2331 2314
f 2314 2331 2315
f 2331 2332 2315
f 2315 2332 2316
f 2332 2333 2316
f 2316 2333 2317
f 2333 2334 2317
f 2317 2334 2318
f 2334 2335 2318
f 2318 2335 2319
f 2335 2336 2319
f 2319 2336 2320
f 2336 2337 2320
f 2320 2337 2321
f 2337 2338 2321
f 2321 2338 2322
f 2338 2339 2322
f 2322 2339 2323
f 2339 2340 2323
f 2323 2340 2324
f 2340 2341 2324
f 2324 2341 2325
f 2341 2342 2325
f 2325 2342 2326
f 2342 2343 2326
f 2326 2343 2327
f 2343 2344 2327
f 2327 2344 2328
f 2344 2345 2328
f 2328 2345 2329
f 2345 2346 2329
f 2330 2347 2331
f 2347 2348 2331
f 2331 2348 2332
f 2348 2349 2332
f 2332 2349 2333
f 2349 2350 2333
f 2333 2350 2334
f 2350 2351 2334
f 2334 2351 2335
f 2351 2352 2335
f 2335 2352 2336
f 2352 2353 2336
f 2336 2353 2337
f 2353 2354 2337
f 2337 2354 2338
f 2354 2355 2338
f 2338 2355 2339
f 2355 2356 2339
f 2339 2356 2340
f 2356 2357 2340
f 2340 2357 2341
f 2357 2358 2341
f 2341 2358 2342
f 2358 2359 2342
f 2342 2359 2343
f 2359 2360 2343
f 2343 2360 2344
f 2360 2361 2344
f 2344 2361 2345
f 2361 2362 2345
f 2345 2362 2346
f 2362 2363 2346
f 2347 2364 2348
f 2364 2365 2348
f 2348 2365 2349
f 2365 2366 2349
f 2349 2366 2350
f 2366 2367 2350
f 2350 2367 2351
f 2367 2368 2351
f 2351 2368 2352
f 2368 2369 2352
f 2352 2369 2353
f 2369 2370 2353
f 2353 2370 2354
f 2370 2371 2354
f 2354 2371 2355
f 2371 2372 2355
f 2355 2372 2356
f 2372 2373 2356
f 2356 2373 2357
f 2373 2374 2357
f 2357 2374 2358
f 2374 2375 2358
f 2358 2375 2359
f 2375 2376 2359
f 2359 2376 2360
f 2376 2377 2360
f 2360 2377 2361
f 2377 2378 2361
f 2361 2378 2362
f 2378 2379 2362
f 2362 2379 2363
f 2379 2380 2363
f 2364 2381 2365
f 2381 2382 2365
f 2365 2382 2366
f 2382 2383 2366
f 2366 2383 2367
f 2383 2384 2367
f 2367 2384 2368
f 2384 2385 2368
f 2368 2385 2369
f 2385 2386 2369
f 2369 2386 2370
f 2386 2387 2370
f 2370 2387 2371
f 2387 2388 2371
f 2371 2388 2372
f 2388 2389 2372
f 2372 2389 2373
f 2389 2390 2373
f 2373 2390 2374
f 2390 2391 2374
f 2374 2391 2375
f 2391 2392 2375
f 2375 2392 2376
f 2392 2393 2376
f 2376 2393 2377
f 2393 2394 2377
f 2377 2394 2378
f 2394 2395 2378
f 2378 2395 2379
f 2395 2396 2379
f 2379 2396 2380
f 2396 2397 2380
f 2381 2398 2382
f 2398 2399 2382
f 2382 2399 2383
f 2399 2400 2383
f 2383 2400 2384
f 2400 2401 2384
f 2384 2401 2385
f 2401 2402 2385
f 2385 2402 2386
f 2402 2403 2386
f 2386 2403 2387
f 2403 2404 2387
f 2387 2404 2388
f 2404 2405 2388
f 2388 2405 2389
f 2405 2406 2389
f 2389 2406 2390
f 2406 2407 2390
f 2390 2407 2391
f 2407 2408 2391
f 2391 2408 2392
f 2408 2409 2392
f 2392 2409 2393
f 2409 2410 2393
f 2393 2410 2394
f 2410 2411 2394
f 2394 2411 2395
f 2411 2412 2395
f 2395 2412 2396
f 2412 2413 2396
f 2396 2413 2397
f 2413 2414 2397
f 2398 2415 2399
f 2415 2416 2399
f 2399 2416 2400
f 2416 2417 2400
f 2400 2417 2401
f 2417 2418 2401
f 2401 2418 2402
f 2418 2419 2402
f 2402 2419 2403
f 2419 2420 2403
f 2403 2420 2404
f 2420 2421 2404
f 2404 2421 2405
f 2421 2422 2405
f 2405 2422 2406
f 2422 2423 2406
f 2406 2423 2407
f 2423 2424 2407
f 2407 2424 2408
f 2424 2425 2408
f 2408 2425 2409
f 2425 2426 2409
f 2409 2426 2410
f 2426 2427 2410
f 2410 2427 2411
f 2427 2428 2411
f 2411 2428 2412
f 2428 2429 2412
f 2412 2429 2413
f 2429 2430 2413
f 2413 2430 2414
f 2430 2431 2414
f 2415 2432 2416
f 2432 2433 2416
f 2416 2433 2417
f 2433 2434 2417
f 2417 2434 2418
f 2434 2435 2418
f 2418 2435 2419
f 2435 2436 2419
f 2419 2436 2420
f 2436 2437 2420
f 2420 2437 2421
f 2437 2438 2421
f 2421 2438 2422
f 2438 2439 2422
f 2422 2439 2423
f 2439 2440 2423
f 2423 2440 2424
f 2440 2441 2424
f 2424 2441 2425
f 2441 2442 2425
f 2425 2442 2426
f 2442 2443 2426
f 2426 2443 2427
f 2443 2444 2427
f 2427 2444 2428
f 2444 2445 2428
f 2428 2445 2429
f 2445 2446 2429
f 2429 2446 2430
f 2446 2447 2430
f 2430 2447 2431
f 2447 2448 2431
f 2432 2449 2433
f 2449 2450 2433
f 2433 2450 2434
f 2450 2451 2434
f 2434 2451 2435
f 2451 2452 2435
f 2435 2452 2436
f 2452 2453 2436
f 2436 2453 2437
f 2453 2454 2437
f 2437 2454 2438
f 2454 2455 2438
f 2438 2455 2439
f 2455 2456 2439
f 2439 2456 2440
f 2456 2457 2440
f 2440 2457 2441
f 2457 2458 2441
f 2441 2458 2442
f 2458 2459 2442
f 2442 2459 2443
f 2459 2460 2443
f 2443 2460 2444
f 2460 2461 2444
f 2444 2461 2445
f 2461 2462 2445
f 2445 2462 2446
f 2462 2463 2446
f 2446 2463 2447
f 2463 2464 2447
f 2447 2464 2448
f 2464 2465 2448
f 2449 2466 2450
f 2466 2467 2450
f 2450 2467 2451
f 2467 2468 2451
f 2451 2468 2452
f 2468 2469 2452
f 2452 2469 2453
f 2469 2470 2453
f 2453 2470 2454
f 2470 2471 2454
f 2454 2471 2455
f 2471 2472 2455
f 2455 2472 2456
f 2472 2473 2456
f 2456 2473 2457
f 2473 2474 2457
f 2457 2474 2458
f 2474 2475 2458
f 2458 2475 2459
f 2475 2476 2459
f 2459 2476 2460
f 2476 2477 2460
f 2460 2477 2461
f 2477 2478 2461
f 2461 2478 2462
f 2478 2479 2462
f 2462 2479 2463
f 2479 2480 2463
f 2463 2480 2464
f 2480 2481 2464
f 2464 2481 2465
f 2481 2482 2465
f 2466 2483 2467
f 2483 2484 2467
f 2467 2484 2468
f 2484 2485 2468
f 2468 2485 2469
f 2485 2486 2469
f 2469 2486 2470
f 2486 2487 2470
f 2470 2487 2471
f 2487 2488 2471
f 2471 2488 2472
f 2488 2489 2472
f 2472 2489 2473
f 2489 2490 2473
f 2473 2490 2474
f 2490 2491 2474
f 2474 2491 2475
f 2491 2492 2475
f 2475 2492 2476
f 2492 2493 2476
f 2476 2493 2477
f 2493 2494 2477
f 2477 2494 2478
f 2494 2495 2478
f 2478 2495 2479
f 2495 2496 2479
f 2479 2496 2480
f 2496 2497 2480
f 2480 2497 2481
f 2497 2498 2481
f 2481 2498 2482
f 2498 2499 2482
f 2483 2500 2484
f 2500 2501 2484
f 2484 2501 2485
f 2501 2502 2485
f 2485 2502 2486
f 2502 2503 2486
f 2486 2503 2487
f 2503 2504 2487
f 2487 2504 2488
f 2504 2505 2488
f 2488 2505 2489
f 2505 2506 2489
f 2489 2506 2490
f 2506 2507 2490
f 2490 2507 2491
f 2507 2508 2491
f 2491 2508 2492
f 2508 2509 2492
f 2492 2509 2493
f 2509 2510 2493
f 2493 2510 2494
f 2510 2511 2494
f 2494 2511 2495
f 2511 2512 2495
f 2495 2512 2496
f 2512 2513 2496
f 2496 2513 2497
f 2513 2514 2497
f 2497 2514 2498
f 2514 2515 2498
f 2498 2515 2499
f 2515 2516 2499
f 2500 2517 2501
f 2517 2518 2501
f 2501 2518 2502
f 2518 2519 2502
f 2502 2519 2503
f 2519 2520 2503
f 2503 2520 2504
f 2520 2521 2504
f 2504 2521 2505
f 2521 2522 2505
f 2505 2522 2506
f 2522 2523 2506
f 2506 2523 2507
f 2523 2524 2507
f 2507 2524 2508
f 2524 2525 2508
f 2508 2525 2509
f 2525 2526 2509
f 2509 2526 2510
f 2526 2527 2510
f 2510 2527 2511
f 2527 2528 2511
f 2511 2528 2512
f 2528 2529 2512
f 2512 2529 2513
f 2529 2530 2513
f 2513 2530 2514
f 2530 2531 2514
f 2514 2531 2515
f 2531 2532 2515
f 2515 2532 2516
f 2532 2533 2516
f 2517 2534 2518
f 2534 2535 2518
f 2518 2535 2519
f 2535 2536 2519
f 2519 2536 2520
f 2536 2537 2520
f 2520 2537 2521
f 2537 2538 2521
f 2521 2538 2522
f 2538 2539 2522
f 2522 2539 2523
f 2539 2540 2523
f 2523 2540 2524
f 2540 2541 2524
f 2524 2541 2525
f 2541 2542 2525
f 2525 2542 2526
f 2542 2543 2526
f 2526 2543 2527
f 2543 2544 2527
f 2527 2544 2528
f 2544 2545 2528
f 2528 2545 2529
f 2545 2546 2529
f 2529 2546 2530
f 2546 2547 2530
f 2530 2547 2531
f 2547 2548 2531
f 2531 2548 2532
f 2548 2549 2532
f 2532 2549 2533
f 2549 2550 2533
f 2534 2551 2535
f 2551 2552 2535
f 2535 2552 2536
f 2552 2553 2536
f 2536 2553 2537
f 2553 2554 2537
f 2537 2554 2538
f 2554 2555 2538
f 2538 2555 2539
f 2555 2556 2539
f 2539 2556 2540
f 2556 2557 2540
f 2540 2557 2541
f 2557 2558 2541
f 2541 2558 2542
f 2558 2559 2542
f 2542 2559 2543
f 2559 2560 2543
f 2543 2560 2544
f 2560 2561 2544
f 2544 2561 2545
f 2561 2562 2545
f 2545 2562 2546
f 2562 2563 2546
f 2546 2563 2547
f 2563 2564 2547
f 2547 2564 2548
f 2564 2565 2548
f 2548 2565 2549
f 2565 2566 2549
f 2549 2566 2550
f 2566 2567 2550
f 2551 2568 2552
f 2568 2569 2552
f 2552 2569 2553
f 2569 2570 2553
f 2553 2570 2554
f 2570 2571 2554
f 2554 2571 2555
f 2571 2572 2555
f 2555 2572 2556
f 2572 2573 2556
f 2556 2573 2557
f 2573 2574 2557
f 2557 2574 2558
f 2574 2575 2558
f 2558 2575 2559
f 2575 2576 2559
f 2559 2576 2560
f 2576 2577 2560
f 2560 2577 2561
f 2577 2578 2561
f 2561 2578 2562
f 2578 2579 2562
f 2562 2579 2563
f 2579 2580 2563
f 2563 2580 2564
f 2580 2581 2564
f 2564 2581 2565
f 2581 2582 2565
f 2565 2582 2566
f 2582 2583 2566
f 2566 2583 2567
f 2583 2584 2567
f 2568 2585 2569
f 2585 2586 2569
f 2569 2586 2570
f 2586 2587 2570
f 2570 2587 2571
f 2587 2588 2571
f 2571 2588 2572
f 2588 2589 2572
f 2572 2589 2573
f 2589 2590 2573
f 2573 2590 2574
f 2590 2591 2574
f 2574 2591 2575
f 2591 2592 2575
f 2575 2592 2576
f 2592 2593 2576
f 2576 2593 2577
f 2593 2594 2577
f 2577 2594 2578
f 2594 2595 2578
f 2578 2595 2579
f 2595 2596 2579
f 2579 2596 2580
f 2596 2597 2580
f 2580 2597 2581
f 2597 2598 2581
f 2581 2598 2582
f 2598 2599 2582
f 2582 2599 2583
f 2599 2600 2583
f 2583 2600 2584
f 2600 2601 2584
f 2585 2602 2586
f 2602 2603 2586
f 2586 2603 2587
f 2603 2604 2587
f 2587 2604 2588
f 2604 2605 2588
f 2588 2605 2589
f 2605 2606 2589
f 2589 2606 2590
f 2606 2607 2590
f 2590 2607 2591
f 2607 2608 2591
f 2591 2608 2592
f 2608 2609 2592
f 2592 2609 2593
f 2609 2610 2593
f 2593 2610 2594
f 2610 2611 2594
f 2594 2611 2595
f 2611 2612 2595
f 2595 2612 2596
f 2612 2613 2596
f 2596 2613 2597
f 2613 2614 2597
f 2597 2614 2598
f 2614 2615 2598
f 2598 2615 2599
f 2615 2616 2599
f 2599 2616 2600
f 2616 2617 2600
f 2600 2617 2601
f 2617 2618 2601
f 2602 2619 2603
f 2619 2620 2603
f 2603 2620 2604
f 2620 2621 2604
f 2604 2621 2605
f 2621 2622 2605
f 2605 2622 2606
f 2622 2623 2606
f 2606 2623 2607
f 2623 2624 2607
f 2607 2624 2608
f 2624 2625 2608
f 2608 2625 2609
f 2625 2626 2609
f 2609 2626 2610
f 2626 2627 2610
f 2610 2627 2611
f 2627 2628 2611
f 2611 2628 2612
f 2628 2629 2612
f 2612 2629 2613
f 2629 2630 2613
f 2613 2630 2614
f 2630 2631 2614
f 2614 2631 2615
f 2631 2632 2615
f 2615 2632 2616
f 2632 2633 2616
f 2616 2633 2617
f 2633 2634 2617
f 2617 2634 2618
f 2634 2635 2618
f 2619 2636 2620
f 2636 2637 2620
f 2620 2637 2621
f 2637 2638 2621
f 2621 2638 2622
f 2638 2639 2622
f 2622 2639 2623
f 2639 2640 2623
f 2623 2640 2624
f 2640 2641 2624
f 2624 2641 2625
f 2641 2642 2625
f 2625 2642 2626
f 2642 2643 2626
f 2626 2643 2627
f 2643 2644 2627
f 2627 2644 2628
f 2644 2645 2628
f 2628 2645 2629
f 2645 2646 2629
f 2629 2646 2630
f 2646 2647 2630
f 2630 2647 2631
f 2647 2648 2631
f 2631 2648 2632
f 2648 2649 2632
f 2632 2649 2633
f 2649 2650 2633
f 2633 2650 2634
f 2650 2651 2634
f 2634 2651 2635
f 2651 2652 2635
f 2636 2653 2637
f 2653 2654 2637
f 2637 2654 2638
f 2654 2655 2638
f 2638 2655 2639
f 2655 2656 2639
f 2639 2656 2640
f 2656 2657 2640
f 2640 2657 2641
f 2657 2658 2641
f 2641 2658 2642
f 2658 2659 2642
f 2642 2659 2643
f 2659 2660 2643
f 2643 2660 2644
f 2660 2661 2644
f 2644 2661 2645
f 2661 2662 2645
f 2645 2662 2646
f 2662 2663 2646
f 2646 2663 2647
f 2663 2664 2647
f 2647 2664 2648
f 2664 2665 2648
f 2648 2665 2649
f 2665 2666 2649
f 2649 2666 2650
f 2666 2667 2650
f 2650 2667 2651
f 2667 2668 2651
f 2651 2668 2652
f 2668 2669 2652
f 2653 2670 2654
f 2670 2671 2654
f 2654 2671 2655
f 2671 2672 2655
f 2655 2672 2656
f 2672 2673 2656
f 2656 2673 2657
f 2673 2674 2657
f 2657 2674 2658
f 2674 2675 2658
f 2658 2675 2659
f 2675 2676 2659
f 2659 2676 2660
f 2676 2677 2660
f 2660 2677 2661
f 2677 2678 2661
f 2661 2678 2662
f 2678 2679 2662
f 2662 2679 2663
f 2679 2680 2663
f 2663 2680 2664
f 2680 2681 2664
f 2664 2681 2665
f 2681 2682 2665
f 2665 2682 2666
f 2682 2683 2666
f 2666 2683 2667
f 2683 2684 2667
f 2667 2684 2668
f 2684 2685 2668
f 2668 2685 2669
f 2685 2686 2669
f 2670 2687 2671
f 2687 2688 2671
f 2671 2688 2672
f 2688 2689 2672
f 2672 2689 2673
f 2689 2690 2673
f 2673 2690 2674
f 2690 2691 2674
f 2674 2691 2675
f 2691 2692 2675
f 2675 2692 2676
f 2692 2693 2676
f 2676 2693 2677
f 2693 2694 2677
f 2677 2694 2678
f 2694 2695 2678
f 2678 2695 2679
f 2695 2696 2679
f 2679 2696 2680
f 2696 2697 2680
f 2680 2697 2681
f 2697 2698 2681
f 2681 2698 2682
f 2698 2699 2682
f 2682 2699 2683
f 2699 2700 2683
f 2683 2700 2684
f 2700 2701 2684
f 2684 2701 2685
f 2701 2702 2685
f 2685 2702 2686
f 2702 2703 2686
f 2687 2704 2688
f 2704 2705 2688
f 2688 2705 2689
f 2705 2706 2689
f 2689 2706 2690
f 2706 2707 2690
f 2690 2707 2691
f 2707 2708 2691
f 2691 2708 2692
f 2708 2709 2692
f 2692 2709 2693
f 2709 2710 2693
f 2693 2710 2694
f 2710 2711 2694
f 2694 2711 2695
f 2711 2712 2695
f 2695 2712 2696
f 2712 2713 2696
f 2696 2713 2697
f 2713 2714 2697
f 2697 2714 2698
f 2714 2715 2698
f 2698 2715 2699
f 2715 2716 2699
f 2699 2716 2700
f 2716 2717 2700
f 2700 2717 2701
f 2717 2718 2701
f 2701 2718 2702
f 2718 2719 2702
f 2702 2719 2703
f 2719 2720 2703
f 2704 2721 2705
f 2721 2722 2705
f 2705 2722 2706
f 2722 2723 2706
f 2706 2723 2707
f 2723 2724 2707
f 2707 2724 2708
f 2724 2725 2708
f 2708 2725 2709
f 2725 2726 2709
f 2709 2726 2710
f 2726 2727 2710
f 2710 2727 2711
f 2727 2728 2711
f 2711 2728 2712
f 2728 2729 2712
f 2712 2729 2713
f 2729 2730 2713
f 2713 2730 2714
f 2730 2731 2714
f 2714 2731 2715
f 2731 2732 2715
f 2715 2732 2716
f 2732 2733 2716
f 2716 2733 2717
f 2733 2734 2717
f 2717 2734 2718
f 2734 2735 2718
f 2718 2735 2719
f 2735 2736 2719
f 2719 2736 2720
f 2736 2737 2720
f 2721 2738 2722
f 2738 2739 2722
f 2722 2739 2723
f 2739 2740 2723
f 2723 2740 2724
f 2740 2741 2724
f 2724 2741 2725
f 2741 2742 2725
f 2725 2742 2726
f 2742 2743 2726
f 2726 2743 2727
f 2743 2744 2727
f 2727 2744 2728
f 2744 2745 2728
f 2728 2745 2729
f 2745 2746 2729
f 2729 2746 2730
f 2746 2747 2730
f 2730 2747 2731
f 2747 2748 2731
f 2731 2748 2732
f 2748 2749 2732
f 2732 2749 2733
f 2749 2750 2733
f 2733 2750 2734
f 2750 2751 2734
f 2734 2751 2735
f 2751 2752 2735
f 2735 2752 2736
f 2752 2753 2736
f 2736 2753 2737
f 2753 2754 2737
f 2738 2755 2739
f 2755 2756 2739
f 2739 2756 2740
f 2756 2757 2740
f 2740 2757 2741
f 2757 2758 2741
f 2741 2758 2742
f 2758 2759 2742
f 2742 2759 2743
f 2759 2760 2743
f 2743 2760 2744
f 2760 2761 2744
f 2744 2761 2745
f 2761 2762 2745
f 2745 2762 2746
f 2762 2763 2746
f 2746 2763 2747
f 2763 2764 2747
f 2747 2764 2748
f 2764 2765 2748
f 2748 2765 2749
f 2765 2766 2749
f 2749 2766 2750
f 2766 2767 2750
f 2750 2767 2751
f 2767 2768 2751
f 2751 2768 2752
f 2768 2769 2752
f 2752 2769 2753
f 2769 2770 2753
f 2753 2770 2754
f 2770 2771 2754
f 2755 2772 2756
f 2772 2773 2756
f 2756 2773 2757
f 2773 2774 2757
f 2757 2774 2758
f 2774 2775 2758
f 2758 2775 2759
f 2775 2776 2759
f 2759 2776 2760
f 2776 2777 2760
f 2760 2777 2761
f 2777 2778 2761
f 2761 2778 2762
f 2778 2779 2762
f 2762 2779 2763
f 2779 2780 2763
f 2763 2780 2764
f 2780 2781 2764
f 2764 2781 2765
f 2781 2782 2765
f 2765 2782 2766
f 2782 2783 2766
f 2766 2783 2767
f 2783 2784 2767
f 2767 2784 2768
f 2784 2785 2768
f 2768 2785 2769
f 2785 2786 2769
f 2769 2786 2770
f 2786 2787 2770
f 2770 2787 2771
f 2787 2788 2771
f 2772 2789 2773
f 2789 2790 2773
f 2773 2790 2774
f 2790 2791 2774
f 2774 2791 2775
f 2791 2792 2775
f 2775 2792 2776
f 2792 2793 2776
f 2776 2793 2777
f 2793 2794 2777
f 2777 2794 2778
f 2794 2795 2778
f 2778 2795 2779
f 2795 2796 2779
f 2779 2796 2780
f 2796 2797 2780
f 2780 2797 2781
f 2797 2798 2781
f 2781 2798 2782
f 2798 2799 2782
f 2782 2799 2783
f 2799 2800 2783
f 2783 2800 2784
f 2800 2801 2784
f 2784 2801 2785
f 2801 2802 2785
f 2785 2802 2786
f 2802 2803 2786
f 2786 2803 2787
f 2803 2804 2787
f 2787 2804 2788
f 2804 2805 2788
f 2789 2806 2790
f 2806 2807 2790
f 2790 2807 2791
f 2807 2808 2791
f 2791 2808 2792
f 2808 2809 2792
f 2792 2809 2793
f 2809 2810 2793
f 2793 2810 2794
f 2810 2811 2794
f 2794 2811 2795
f 2811 2812 2795
f 2795 2812 2796
f 2812 2813 2796
f 2796 2813 2797
f 2813 2814 2797
f 2797 2814 2798
f 2814 2815 2798
f 2798 2815 2799
f 2815 2816 2799
f 2799 2816 2800
f 2816 2817 2800
f 2800 2817 2801
f 2817 2818 2801
f 2801 2818 2802
f 2818 2819 2802
f 2802 2819 2803
f 2819 2820 2803
f 2803 2820 2804
f 2820 2821 2804
f 2804 2821 2805
f 2821 2822 2805
f 2806 2823 2807
f 2823 2824 2807
f 2807 2824 2808
f 2824 2825 2808
f 2808 2825 2809
f 2825 2826 2809
f 2809 2826 2810
f 2826 2827 2810
f 2810 2827 2811
f 2827 2828 2811
f 2811 2828 2812
f 2828 2829 2812
f 2812 2829 2813
f 2829 2830 2813
f 2813 2830 2814
f 2830 2831 2814
f 2814 2831 2815
f 2831 2832 2815
f 2815 2832 2816
f 2832 2833 2816
f 2816 2833 2817
f 2833 2834 2817
f 2817 2834 2818
f 2834 2835 2818
f 2818 2835 2819
f 2835 2836 2819
f 2819 2836 2820
f 2836 2837 2820
f 2820 2837 2821
f 2837 2838 2821
f 2821 2838 2822
f 2838 2839 2822
f 2823 2840 2824
f 2840 2841 2824
f 2824 2841 2825
f 2841 2842 2825
f 2825 2842 2826
f 2842 2843 2826
f 2826 2843 2827
f 2843 2844 2827
f 2827 2844 2828
f 2844 2845 2828
f 2828 2845 2829
f 2845 2846 2829
f 2829 2846 2830
f 2846 2847 2830
f 2830 2847 2831
f 2847 2848 2831
f 2831 2848 2832
f 2848 2849 2832
f 2832 2849 2833
f 2849 2850 2833
f 2833 2850 2834
f 2850 2851 2834
f 2834 2851 2835
f 2851 2852 2835
f 2835 2852 2836
f 2852 2853 2836
f 2836 2853 2837
f 2853 2854 2837
f 2837 2854 2838
f 2854 2855 2838
f 2838 2855 2839
f 2855 2856 2839
f 2840 2857 2841
f 2857 2858 2841
f 2841 2858 2842
f 2858 2859 2842
f 2842 2859 2843
f 2859 2860 2843
f 2843 2860 2844
f 2860 2861 2844
f 2844 2861 2845
f 2861 2862 2845
f 2845 2862 2846
f 2862 2863 2846
f 2846 2863 2847
f 2863 2864 2847
f 2847 2864 2848
f 2864 2865 2848
f 2848 2865 2849
f 2865 2866 2849
f 2849 2866 2850
f 2866 2867 2850
f 2850 2867 2851
f 2867 2868 2851
f 2851 2868 2852
f 2868 2869 2852
f 2852 2869 2853
f 2869 2870 2853
f 2853 2870 2854
f 2870 2871 2854
f 2854 2871 2855
f 2871 2872 2855
f 2855 2872 2856
f 2872 2873 2856
f 2857 2874 2858
f 2874 2875 2858
f 2858 2875 2859
f 2875 2876 2859
f 2859 2876 2860
f 2876 2877 2860
f 2860 2877 2861
f 2877 2878 2861
f 2861 2878 2862
f 2878 2879 2862
f 2862 2879 2863
f 2879 2880 2863
f 2863 2880 2864
f 2880 2881 2864
f 2864 2881 2865
f 2881 2882 2865
f 2865 2882 2866
f 2882 2883 2866
f 2866 2883 2867
f 2883 2884 2867
f 2867 2884 2868
f 2884 2885 2868
f 2868 2885 2869
f 2885 2886 2869
f 2869 2886 2870
f 2886 2887 2870
f 2870 2887 2871
f 2887 2888 2871
f 2871 2888 2872
f 2888 2889 2872
f 2872 2889 2873
f 2889 2890 2873
f 2874 2891 2875
f 2891 2892 2875
f 2875 2892 2876
f 2892 2893 2876
f 2876 2893 2877
f 2893 2894 2877
f 2877 2894 2878
f 2894 2895 2878
f 2878 2895 2879
f 2895 2896 2879
f 2879 2896 2880
f 2896 2897 2880
f 2880 2897 2881
f 2897 2898 2881
f 2881 2898 2882
f 2898 2899 2882
f 2882 2899 2883
f 2899 2900 2883
f 2883 2900 2884
f 2900 2901 2884
f 2884 2901 2885
f 2901 2902 2885
f 2885 2902 2886
f 2902 2903 2886
f 2886 2903 2887
f 2903 2904 2887
f 2887 2904 2888
f 2904 2905 2888
f 2888 2905 2889
f 2905 2906 2889
f 2889 2906 2890
f 2906 2907 2890
f 2891 2908 2892
f 2908 2909 2892
f 2892 2909 2893
f 2909 2910 2893
f 2893 2910 2894
f 2910 2911 2894
f 2894 2911 2895
f 2911 2912 2895
f 2895 2912 2896
f 2912 2913 2896
f 2896 2913 2897
f 2913 2914 2897
f 2897 2914 2898
f 2914 2915 2898
f 2898 2915 2899
f 2915 2916 2899
f 2899 2916 2900
f 2916 2917 2900
f 2900 2917 2901
f 2917 2918 2901
f 2901 2918 2902
f 2918 2919 2902
f 2902 2919 2903
f 2919 2920 2903
f 2903 2920 2904
f 2920 2921 2904
f 2904 2921 2905
f 2921 2922 2905
f 2905 2922 2906
f 2922 2923 2906
f 2906 2923 2907
f 2923 2924 2907
f 2908 2925 2909
f 2925 2926 2909
f 2909 2926 2910
f 2926 2927 2910
f 2910 2927 2911
f 2927 2928 2911
f 2911 2928 2912
f 2928 2929 2912
f 2912 2929 2913
f 2929 2930 2913
f 2913 2930 2914
f 2930 2931 2914
f 2914 2931 2915
f 2931 2932 2915
f 2915 2932 2916
f 2932 2933 2916
f 2916 2933 2917
f 2933 2934 2917
f 2917 2934 2918
f 2934 2935 2918
f 2918 2935 2919
f 2935 2936 2919
f 2919 2936 2920
f 2936 2937 2920
f 2920 2937 2921
f 2937 2938 2921
f 2921 2938 2922
f 2938 2939 2922
f 2922 2939 2923
f 2939 2940 2923
f 2923 2940 2924
f 2940 2941 2924
f 2925 2942 2926
f 2942 2943 2926
f 2926 2943 2927
f 2943 2944 2927
f 2927 2944 2928
f 2944 2945 2928
f 2928 2945 2929
f 2945 2946 2929
f 2929 2946 2930
f 2946 2947 2930
f 2930 2947 2931
f 2947 2948 2931
f 2931 2948 2932
f 2948 2949 2932
f 2932 2949 2933
f 2949 2950 2933
f 2933 2950 2934
f 2950 2951 2934
f 2934 2951 2935
f 2951 2952 2935
f 2935 2952 2936
f 2952 2953 2936
f 2936 2953 2937
f 2953 2954 2937
f 2937 2954 2938
f 2954 2955 2938
f 2938 2955 2939
f 2955 2956 2939
f 2939 2956 2940
f 2956 2957 2940
f 2940 2957 2941
f 2957 2958 2941
f 2942 2959 2943
f 2959 2960 2943
f 2943 2960 2944
f 2960 2961 2944
f 2944 2961 2945
f 2961 2962 2945
f 2945 2962 2946
f 2962 2963 2946
f 2946 2963 2947
f 2963 2964 2947
f 2947 2964 2948
f 2964 2965 2948
f 2948 2965 2949
f 2965 2966 2949
f 2949 2966 2950
f 2966 2967 2950
f 2950 2967 2951
f 2967 2968 2951
f 2951 2968 2952
f 2968 2969 2952
f 2952 2969 2953
f 2969 2970 2953
f 2953 2970 2954
f 2970 2971 2954
f 2954 2971 2955
f 2971 2972 2955
f 2955 2972 2956
f 2972 2973 2956
f 2956 2973 2957
f 2973 2974 2957
f 2957 2974 2958
f 2974 2975 2958
f 2959 2976 2960
f 2976 2977 2960
f 2960 2977 2961
f 2977 2978 2961
f 2961 2978 2962
f 2978 2979 2962
f 2962 2979 2963
f 2979 2980 2963
f 2963 2980 2964
f 2980 2981 2964
f 2964 2981 2965
f 2981 2982 2965
f 2965 2982 2966
f 2982 2983 2966
f 2966 2983 2967
f 2983 2984 2967
f 2967 2984 2968
f 2984 2985 2968
f 2968 2985 2969
f 2985 2986 2969
f 2969 2986 2970
f 2986 2987 2970
f 2970 2987 2971
f 2987 2988 2971
f 2971 2988 2972
f 2988 2989 2972
f 2972 2989 2973
f 2989 2990 2973
f 2973 2990 2974
f 2990 2991 2974
f 2974 2991 2975
f 2991 2992 2975
f 2976 2993 2977
f 2993 2994 2977
f 2977 2994 2978
f 2994 2995 2978
f 2978 2995 2979
f 2995 2996 2979
f 2979 2996 2980
f 2996 2997 2980
f 2980 2997 2981
f 2997 2998 2981
f 2981 2998 2982
f 2998 2999 2982
f 2982 2999 2983
f 2999 3000 2983
f 2983 3000 2984
f 3000 3001 2984
f 2984 3001 2985
f 3001 3002 2985
f 2985 3002 2986
f 3002 3003 2986
f 2986 3003 2987
f 3003 3004 2987
f 2987 3004 2988
f 3004 3005 2988
f 2988 3005 2989
f 3005 3006 2989
f 2989 3006 2990
f 3006 3007 2990
f 2990 3007 2991
f 3007 3008 2991
f 2991 3008 2992
f 3008 3009 2992
f 2993 3010 2994
f 3010 3011 2994
f 2994 3011 2995
f 3011 3012 2995
f 2995 3012 2996
f 3012 3013 2996
f 2996 3013 2997
f 3013 3014 2997
f 2997 3014 2998
f 3014 3015 2998
f 2998 3015 2999
f 3015 3016 2999
f 2999 3016 3000
f 3016 3017 3000
f 3000 3017 3001
f 3017 3018 3001
f 3001 3018 3002
f 3018 3019 3002
f 3002 3019 3003
f 3019 3020 3003
f 3003 3020 3004
f 3020 3021 3004
f 3004 3021 3005
f 3021 3022 3005
f 3005 3022 3006
f 3022 3023 3006
f 3006 3023 3007
f 3023 3024 3007
f 3007 3024 3008
f 3024 3025 3008
f 3008 3025 3009
f 3025 3026 3009
f 3010 3027 3011
f 3027 3028 3011
f 3011 3028 3012
f 3028 3029 3012
f 3012 3029 3013
f 3029 3030 3013
f 3013 3030 3014
f 3030 3031 3014
f 3014 3031 3015
f 3031 3032 3015
f 3015 3032 3016
f 3032 3033 3016
f 3016 3033 3017
f 3033 3034 3017
f 3017 3034 3018
f 3034 3035 3018
f 3018 3035 3019
f 3035 3036 3019
f 3019 3036 3020
f 3036 3037 3020
f 3020 3037 3021
f 3037 3038 3021
f 3021 3038 3022
f 3038 3039 3022
f 3022 3039 3023
f 3039 3040 3023
f 3023 3040 3024
f 3040 3041 3024
f 3024 3041 3025
f 3041 3042 3025
f 3025 3042 3026
f 3042 3043 3026
f 3027 3044 3028
f 3044 3045 3028
f 3028 3045 3029
f 3045 3046 3029
f 3029 3046 3030
f 3046 3047 3030
f 3030 3047 3031
f 3047 3048 3031
f 3031 3048 3032
f 3048 3049 3032
f 3032 3049 3033
f 3049 3050 3033
f 3033 3050 3034
f 3050 3051 3034
f 3034 3051 3035
f 3051 3052 3035
f 3035 3052 3036
f 3052 3053 3036
f 3036 3053 3037
f 3053 3054 3037
f 3037 3054 3038
f 3054 3055 3038
f 3038 3055 3039
f 3055 3056 3039
f 3039 3056 3040
f 3056 3057 3040
f 3040 3057 3041
f 3057 3058 3041
f 3041 3058 3042
f 3058 3059 3042
f 3042 3059 3043
f 3059 3060 3043
f 3044 3061 3045
f 3061 3062 3045
f 3045 3062 3046
f 3062 3063 3046
f 3046 3063 3047
f 3063 3064 3047
f 3047 3064 3048
f 3064 3065 3048
f 3048 3065 3049
f 3065 3066 3049
f 3049 3066 3050
f 3066 3067 3050
f 3050 3067 3051
f 3067 3068 3051
f 3051 3068 3052
f 3068 3069 3052
f 3052 3069 3053
f 3069 3070 3053
f 3053 3070 3054
f 3070 3071 3054
f 3054 3071 3055
f 3071 3072 3055
f 3055 3072 3056
f 3072 3073 3056
f 3056 3073 3057
f 3073 3074 3057
f 3057 3074 3058
f 3074 3075 3058
f 3058 3075 3059
f 3075 3076 3059
f 3059 3076 3060
f 3076 3077 3060
f 3061 3078 3062
f 3078 3079 3062
f 3062 3079 3063
f 3079 3080 3063
f 3063 3080 3064
f 3080 3081 3064
f 3064 3081 3065
f 3081 3082 3065
f 3065 3082 3066
f 3082 3083 3066
f 3066 3083 3067
f 3083 3084 3067
f 3067 3084 3068
f 3084 3085 3068
f 3068 3085 3069
f 3085 3086 3069
f 3069 3086 3070
f 3086 3087 3070
f 3070 3087 3071
f 3087 3088 3071
f 3071 3088 3072
f 3088 3089 3072
f 3072 3089 3073
f 3089 3090 3073
f 3073 3090 3074
f 3090 3091 3074
f 3074 3091 3075
f 3091 3092 3075
f 3075 3092 3076
f 3092 3093 3076
f 3076 3093 3077
f 3093 3094 3077
f 3078 3095 3079
f 3095 3096 3079
f 3079 3096 3080
f 3096 3097 3080
f 3080 3097 3081
f 3097 3098 3081
f 3081 3098 3082
f 3098 3099 3082
f 3082 3099 3083
f 3099 3100 3083
f 3083 3100 3084
f 3100 3101 3084
f 3084 3101 3085
f 3101 3102 3085
f 3085 3102 3086
f 3102 3103 3086
f 3086 3103 3087
f 3103 3104 3087
f 3087 3104 3088
f 3104 3105 3088
f 3088 3105 3089
f 3105 3106 3089
f 3089 3106 3090
f 3106 3107 3090
f 3090 3107 3091
f 3107 3108 3091
f 3091 3108 3092
f 3108 3109 3092
f 3092 3109 3093
f 3109 3110 3093
f 3093 3110 3094
f 3110 3111 3094
f 3095 3112 3096
f 3112 3113 3096
f 3096 3113 3097
f 3113 3114 3097
f 3097 3114 3098
f 3114 3115 3098
f 3098 3115 3099
f 3115 3116 3099
f 3099 3116 3100
f 3116 3117 3100
f 3100 3117 3101
f 3117 3118 3101
f 3101 3118 3102
f 3118 3119 3102
f 3102 3119 3103
f 3119 3120 3103
f 3103 3120 3104
f 3120 3121 3104
f 3104 3121 3105
f 3121 3122 3105
f 3105 3122 3106
f 3122 3123 3106
f 3106 3123 3107
f 3123 3124 3107
f 3107 3124 3108
f 3124 3125 3108
f 3108 3125 3109
f 3125 3126 3109
f 3109 3126 3110
f 3126 3127 3110
f 3110 3127 3111
f 3127 3128 3111
f 3112 3129 3113
f 3129 3130 3113
f 3113 3130 3114
f 3130 3131 3114
f 3114 3131 3115
f 3131 3132 3115
f 3115 3132 3116
f 3132 3133 3116
f 3116 3133 3117
f 3133 3134 3117
f 3117 3134 3118
f 3134 3135 3118
f 3118 3135 3119
f 3135 3136 3119
f 3119 3136 3120
f 3136 3137 3120
f 3120 3137 3121
f 3137 3138 3121
f 3121 3138 3122
f 3138 3139 3122
f 3122 3139 3123
f 3139 3140 3123
f 3123 3140 3124
f 3140 3141 3124
f 3124 3141 3125
f 3141 3142 3125
f 3125 3142 3126
f 3142 3143 3126
f 3126 3143 3127
f 3143 3144 3127
f 3127 3144 3128
f 3144 3145 3128
f 3129 3146 3130
f 3146 3147 3130
f 3130 3147 3131
f 3147 3148 3131
f 3131 3148 3132
f 3148 3149 3132
f 3132 3149 3133
f 3149 3150 3133
f 3133 3150 3134
f 3150 3151 3134
f 3134 3151 3135
f 3151 3152 3135
f 3135 3152 3136
f 3152 3153 3136
f 3136 3153 3137
f 3153 3154 3137
f 3137 3154 3138
f 3154 3155 3138
f 3138 3155 3139
f 3155 3156 3139
f 3139 3156 3140
f 3156 3157 3140
f 3140 3157 3141
f 3157 3158 3141
f 3141 3158 3142
f 3158 3159 3142
f 3142 3159 3143
f 3159 3160 3143
f 3143 3160 3144
f 3160 3161 3144
f 3144 3161 3145
f 3161 3162 3145
f 3146 3163 3147
f 3163 3164 3147
f 3147 3164 3148
f 3164 3165 3148
f 3148 3165 3149
f 3165 3166 3149
f 3149 3166 3150
f 3166 3167 3150
f 3150 3167 3151
f 3167 3168 3151
f 3151 3168 3152
f 3168 3169 3152
f 3152 3169 3153
f 3169 3170 3153
f 3153 3170 3154
f 3170 3171 3154
f 3154 3171 3155
f 3171 3172 3155
f 3155 3172 3156
f 3172 3173 3156
f 3156 3173 3157
f 3173 3174 3157
f 3157 3174 3158
f 3174 3175 3158
f 3158 3175 3159
f 3175 3176 3159
f 3159 3176 3160
f 3176 3177 3160
f 3160 3177 3161
f 3177 3178 3161
f 3161 3178 3162
f 3178 3179 3162
f 3163 3180 3164
f 3180 3181 3164
f 3164 3181 3165
f 3181 3182 3165
f 3165 3182 3166
f 3182 3183 3166
f 3166 3183 3167
f 3183 3184 3167
f 3167 3184 3168
f 3184 3185 3168
f 3168 3185 3169
f 3185 3186 3169
f 3169 3186 3170
f 3186 3187 3170
f 3170 3187 3171
f 3187 3188 3171
f 3171 3188 3172
f 3188 3189 3172
f 3172 3189 3173
f 3189 3190 3173
f 3173 3190 3174
f 3190 3191 3174
f 3174 3191 3175
f 3191 3192 3175
f 3175 3192 3176
f 3192 3193 3176
f 3176 3193 3177
f 3193 3194 3177
f 3177 3194 3178
f 3194 3195 3178
f 3178 3195 3179
f 3195 3196 3179
f 3180 3197 3181
f 3197 3198 3181
f 3181 3198 3182
f 3198 3199 3182
f 3182 3199 3183
f 3199 3200 3183
f 3183 3200 3184
f 3200 3201 3184
f 3184 3201 3185
f 3201 3202 3185
f 3185 3202 3186
f 3202 3203 3186
f 3186 3203 3187
f 3203 3204 3187
f 3187 3204 3188
f 3204 3205 3188
f 3188 3205 3189
f 3205 3206 3189
f 3189 3206 3190
f 3206 3207 3190
f 3190 3207 3191
f 3207 3208 3191
f 3191 3208 3192
f 3208 3209 3192
f 3192 3209 3193
f 3209 3210 3193
f 3193 3210 3194
f 3210 3211 3194
f 3194 3211 3195
f 3211 3212 3195
f 3195 3212 3196
f 3212 3213 3196
f 3197 3214 3198
f 3214 3215 3198
f 3198 3215 3199
f 3215 3216 3199
f 3199 3216 3200
f 3216 3217 3200
f 3200 3217 3201
f 3217 3218 3201
f 3201 3218 3202
f 3218 3219 3202
f 3202 3219 3203
f 3219 3220 3203
f 3203 3220 3204
f 3220 3221 3204
f 3204 3221 3205
f 3221 3222 3205
f 3205 3222 3206
f 3222 3223 3206
f 3206 3223 3207
f 3223 3224 3207
f 3207 3224 3208
f 3224 3225 3208
f 3208 3225 3209
f 3225 3226 3209
f 3209 3226 3210
f 3226 3227 3210
f 3210 3227 3211
f 3227 3228 3211
f 3211 3228 3212
f 3228 3229 3212
f 3212 3229 3213
f 3229 3230 3213
f 3214 3231 3215
f 3231 3232 3215
f 3215 3232 3216
f 3232 3233 3216
f 3216 3233 3217
f 3233 3234 3217
f 3217 3234 3218
f 3234 3235 3218
f 3218 3235 3219
f 3235 3236 3219
f 3219 3236 3220
f 3236 3237 3220
f 3220 3237 3221
f 3237 3238 3221
f 3221 3238 3222
f 3238 3239 3222
f 3222 3239 3223
f 3239 3240 3223
f 3223 3240 3224
f 3240 3241 3224
f 3224 3241 3225
f 3241 3242 3225
f 3225 3242 3226
f 3242 3243 3226
f 3226 3243 3227
f 3243 3244 3227
f 3227 3244 3228
f 3244 3245 3228
f 3228 3245 3229
f 3245 3246 3229
f 3229 3246 3230
f 3246 3247 3230
f 3231 3248 3232
f 3248 3249 3232
f 3232 3249 3233
f 3249 3250 3233
f 3233 3250 3234
f 3250 3251 3234
f 3234 3251 3235
f 3251 3252 3235
f 3235 3252 3236
f 3252 3253 3236
f 3236 3253 3237
f 3253 3254 3237
f 3237 3254 3238
f 3254 3255 3238
f 3238 3255 3239
f 3255 3256 3239
f 3239 3256 3240
f 3256 3257 3240
f 3240 3257 3241
f 3257 3258 3241
f 3241 3258 3242
f 3258 3259 3242
f 3242 3259 3243
f 3259 3260 3243
f 3243 3260 3244
f 3260 3261 3244
f 3244 3261 3245
f 3261 3262 3245
f 3245 3262 3246
f 3262 3263 3246
f 3246 3263 3247
f 3263 3264 3247
f 3248 3265 3249
f 3265 3266 3249
f 3249 3266 3250
f 3266 3267 3250
f 3250 3267 3251
f 3267 3268 3251
f 3251 3268 3252
f 3268 3269 3252
f 3252 3269 3253
f 3269 3270 3253
f 3253 3270 3254
f 3270 3271 3254
f 3254 3271 3255
f 3271 3272 3255
f 3255 3272 3256
f 3272 3273 3256
f 3256 3273 3257
f 3273 3274 3257
f 3257 3274 3258
f 3274 3275 3258
f 3258 3275 3259
f 3275 3276 3259
f 3259 3276 3260
f 3276 3277 3260
f 3260 3277 3261
f 3277 3278 3261
f 3261 3278 3262
f 3278 3279 3262
f 3262 3279 3263
f 3279 3280 3263
f 3263 3280 3264
f 3280 3281 3264
f 3265 3282 3266
f 3282 3283 3266
f 3266 3283 3267
f 3283 3284 3267
f 3267 3284 3268
f 3284 3285 3268
f 3268 3285 3269
f 3285 3286 3269
f 3269 3286 3270
f 3286 3287 3270
f 3270 3287 3271
f 3287 3288 3271
f 3271 3288 3272
f 3288 3289 3272
f 3272 3289 3273
f 3289 3290 3273
f 3273 3290 3274
f 3290 3291 3274
f 3274 3291 3275
f 3291 3292 3275
f 3275 3292 3276
f 3292 3293 3276
f 3276 3293 3277
f 3293 3294 3277
f 3277 3294 3278
f 3294 3295 3278
f 3278 3295 3279
f 3295 3296 3279
f 3279 3296 3280
f 3296 3297 3280
f 3280 3297 3281
f 3297 3298 3281
f 3282 3299 3283
f 3299 3300 3283
f 3283 3300 3284
f 3300 3301 3284
f 3284 3301 3285
f 3301 3302 3285
f 3285 3302 3286
f 3302 3303 3286
f 3286 3303 3287
f 3303 3304 3287
f 3287 3304 3288
f 3304 3305 3288
f 3288 3305 3289
f 3305 3306 3289
f 3289 3306 3290
f 3306 3307 3290
f 3290 3307 3291
f 3307 3308 3291
f 3291 3308 3292
f 3308 3309 3292
f 3292 3309 3293
f 3309 3310 3293
f 3293 3310 3294
f 3310 3311 3294
f 3294 3311 3295
f 3311 3312 3295
f 3295 3312 3296
f 3312 3313 3296
f 3296 3313 3297
f 3313 3314 3297
f 3297 3314 3298
f 3314 3315 3298
f 3299 3316 3300
f 3316 3317 3300
f 3300 3317 3301
f 3317 3318 3301
f 3301 3318 3302
f 3318 3319 3302
f 3302 3319 3303
f 3319 3320 3303
f 3303 3320 3304
f 3320 3321 3304
f 3304 3321 3305
f 3321 3322 3305
f 3305 3322 3306
f 3322 3323 3306
f 3306 3323 3307
f 3323 3324 3307
f 3307 3324 3308
f 3324 3325 3308
f 3308 3325 3309
f 3325 3326 3309
f 3309 3326 3310
f 3326 3327 3310
f 3310 3327 3311
f 3327 3328 3311
f 3311 3328 3312
f 3328 3329 3312
f 3312 3329 3313
f 3329 3330 3313
f 3313 3330 3314
f 3330 3331 3314
f 3314 3331 3315
f 3331 3332 3315
f 3316 3333 3317
f 3333 3334 3317
f 3317 3334 3318
f 3334 3335 3318
f 3318 3335 3319
f 3335 3336 3319
f 3319 3336 3320
f 3336 3337 3320
f 3320 3337 3321
f 3337 3338 3321
f 3321 3338 3322
f 3338 3339 3322
f 3322 3339 3323
f 3339 3340 3323
f 3323 3340 3324
f 3340 3341 3324
f 3324 3341 3325
f 3341 3342 3325
f 3325 3342 3326
f 3342 3343 3326
f 3326 3343 3327
f 3343 3344 3327
f 3327 3344 3328
f 3344 3345 3328
f 3328 3345 3329
f 3345 3346 3329
f 3329 3346 3330
f 3346 3347 3330
f 3330 3347 3331
f 3347 3348 3331
f 3331 3348 3332
f 3348 3349 3332
f 3333 3350 3334
f 3350 3351 3334
f 3334 3351 3335
f 3351 3352 3335
f 3335 3352 3336
f 3352 3353 3336
f 3336 3353 3337
f 3353 3354 3337
f 3337 3354 3338
f 3354 3355 3338
f 3338 3355 3339
f 3355 3356 3339
f 3339 3356 3340
f 3356 3357 3340
f 3340 3357 3341
f 3357 3358 3341
f 3341 3358 3342
f 3358 3359 3342
f 3342 3359 3343
f 3359 3360 3343
f 3343 3360 3344
f 3360 3361 3344
f 3344 3361 3345
f 3361 3362 3345
f 3345 3362 3346
f 3362 3363 3346
f 3346 3363 3347
f 3363 3364 3347
f 3347 3364 3348
f 3364 3365 3348
f 3348 3365 3349
f 3365 3366 3349
f 3350 3367 3351
f 3367 3368 3351
f 3351 3368 3352
f 3368 3369 3352
f 3352 3369 3353
f 3369 3370 3353
f 3353 3370 3354
f 3370 3371 3354
f 3354 3371 3355
f 3371 3372 3355
f 3355 3372 3356
f 3372 3373 3356
f 3356 3373 3357
f 3373 3374 3357
f 3357 3374 3358
f 3374 3375 3358
f 3358 3375 3359
f 3375 3376 3359
f 3359 3376 3360
f 3376 3377 3360
f 3360 3377 3361
f 3377 3378 3361
f 3361 3378 3362
f 3378 3379 3362
f 3362 3379 3363
f 3379 3380 3363
f 3363 3380 3364
f 3380 3381 3364
f 3364 3381 3365
f 3381 3382 3365
f 3365 3382 3366
f 3382 3383 3366
f 3367 3384 3368
f 3384 3385 3368
f 3368 3385 3369
f 3385 3386 3369
f 3369 3386 3370
f 3386 3387 3370
f 3370 3387 3371
f 3387 3388 3371
f 3371 3388 3372
f 3388 3389 3372
f 3372 3389 3373
f 3389 3390 3373
f 3373 3390 3374
f 3390 3391 3374
f 3374 3391 3375
f 3391 3392 3375
f 3375 3392 3376
f 3392 3393 3376
f 3376 3393 3377
f 3393 3394 3377
f 3377 3394 3378
f 3394 3395 3378
f 3378 3395 3379
f 3395 3396 3379
f 3379 3396 3380
f 3396 3397 3380
f 3380 3397 3381
f 3397 3398 3381
f 3381 3398 3382
f 3398 3399 3382
f 3382 3399 3383
f 3399 3400 3383
f 3384 3401 3385
f 3401 3402 3385
f 3385 3402 3386
f 3402 3403 3386
f 3386 3403 3387
f 3403 3404 3387
f 3387 3404 3388
f 3404 3405 3388
f 3388 3405 3389
f 3405 3406 3389
f 3389 3406 3390
f 3406 3407 3390
f 3390 3407 3391
f 3407 3408 3391
f 3391 3408 3392
f 3408 3409 3392
f 3392 3409 3393
f 3409 3410 3393
f 3393 3410 3394
f 3410 3411 3394
f 3394 3411 3395
f 3411 3412 3395
f 3395 3412 3396
f 3412 3413 3396
f 3396 3413 3397
f 3413 3414 3397
f 3397 3414 3398
f 3414 3415 3398
f 3398 3415 3399
f 3415 3416 3399
f 3399 3416 3400
f 3416 3417 3400
f 3401 3418 3402
f 3418 3419 3402
f 3402 3419 3403
f 3419 3420 3403
f 3403 3420 3404
f 3420 3421 3404
f 3404 3421 3405
f 3421 3422 3405
f 3405 3422 3406
f 3422 3423 3406
f 3406 3423 3407
f 3423 3424 3407
f 3407 3424 3408
f 3424 3425 3408
f 3408 3425 3409
f 3425 3426 3409
f 3409 3426 3410
f 3426 3427 3410
f 3410 3427 3411
f 3427 3428 3411
f 3411 3428 3412
f 3428 3429 3412
f 3412 3429 3413
f 3429 3430 3413
f 3413 3430 3414
f 3430 3431 3414
f 3414 3431 3415
f 3431 3432 3415
f 3415 3432 3416
f 3432 3433 3416
f 3416 3433 3417
f 3433 3434 3417
f 3418 3435 3419
f 3435 3436 3419
f 3419 3436 3420
f 3436 3437 3420
f 3420 3437 3421
f 3437 3438 3421
f 3421 3438 3422
f 3438 3439 3422
f 3422 3439 3423
f 3439 3440 3423
f 3423 3440 3424
f 3440 3441 3424
f 3424 3441 3425
f 3441 3442 3425
f 3425 3442 3426
f 3442 3443 3426
f 3426 3443 3427
f 3443 3444 3427
f 3427 3444 3428
f 3444 3445 3428
f 3428 3445 3429
f 3445 3446 3429
f 3429 3446 3430
f 3446 3447 3430
f 3430 3447 3431
f 3447 3448 3431
f 3431 3448 3432
f 3448 3449 3432
f 3432 3449 3433
f 3449 3450 3433
f 3433 3450 3434
f 3450 3451 3434
f 3435 3452 3436
f 3452 3453 3436
f 3436 3453 3437
f 3453 3454 3437
f 3437 3454 3438
f 3454 3455 3438
f 3438 3455 3439
f 3455 3456 3439
f 3439 3456 3440
f 3456 3457 3440
f 3440 3457 3441
f 3457 3458 3441
f 3441 3458 3442
f 3458 3459 3442
f 3442 3459 3443
f 3459 3460 3443
f 3443 3460 3444
f 3460 3461 3444
f 3444 3461 3445
f 3461 3462 3445
f 3445 3462 3446
f 3462 3463 3446
f 3446 3463 3447
f 3463 3464 3447
f 3447 3464 3448
f 3464 3465 3448
f 3448 3465 3449
f 3465 3466 3449
f 3449 3466 3450
f 3466 3467 3450
f 3450 3467 3451
f 3467 3468 3451
f 3452 3469 3453
f 3469 3470 3453
f 3453 3470 3454
f 3470 3471 3454
f 3454 3471 3455
f 3471 3472 3455
f 3455 3472 3456
f 3472 3473 3456
f 3456 3473 3457
f 3473 3474 3457
f 3457 3474 3458
f 3474 3475 3458
f 3458 3475 3459
f 3475 3476 3459
f 3459 3476 3460
f 3476 3477 3460
f 3460 3477 3461
f 3477 3478 3461
f 3461 3478 3462
f 3478 3479 3462
f 3462 3479 3463
f 3479 3480 3463
f 3463 3480 3464
f 3480 3481 3464
f 3464 3481 3465
f 3481 3482 3465
f 3465 3482 3466
f 3482 3483 3466
f 3466 3483 3467
f 3483 3484 3467
f 3467 3484 3468
f 3484 3485 3468
f 3469 3486 3470
f 3486 3487 3470
f 3470 3487 3471
f 3487 3488 3471
f 3471 3488 3472
f 3488 3489 3472
f 3472 3489 3473
f 3489 3490 3473
f 3473 3490 3474
f 3490 3491 3474
f 3474 3491 3475
f 3491 3492 3475
f 3475 3492 3476
f 3492 3493 3476
f 3476 3493 3477
f 3493 3494 3477
f 3477 3494 3478
f 3494 3495 3478
f 3478 3495 3479
f 3495 3496 3479
f 3479 3496 3480
f 3496 3497 3480
f 3480 3497 3481
f 3497 3498 3481
f 3481 3498 3482
f 3498 3499 3482
f 3482 3499 3483
f 3499 3500 3483
f 3483 3500 3484
f 3500 3501 3484
f 3484 3501 3485
f 3501 3502 3485
f 3486 3503 3487
f 3503 3504 3487
f 3487 3504 3488
f 3504 3505 3488
f 3488 3505 3489
f 3505 3506 3489
f 3489 3506 3490
f 3506 3507 3490
f 3490 3507 3491
f 3507 3508 3491
f 3491 3508 3492
f 3508 3509 3492
f 3492 3509 3493
f 3509 3510 3493
f 3493 3510 3494
f 3510 3511 3494
f 3494 3511 3495
f 3511 3512 3495
f 3495 3512 3496
f 3512 3513 3496
f 3496 3513 3497
f 3513 3514 3497
f 3497 3514 3498
f 3514 3515 3498
f 3498 3515 3499
f 3515 3516 3499
f 3499 3516 3500
f 3516 3517 3500
f 3500 3517 3501
f 3517 3518 3501
f 3501 3518 3502
f 3518 3519 3502
f 3503 3520 3504
f 3520 3521 3504
f 3504 3521 3505
f 3521 3522 3505
f 3505 3522 3506
f 3522 3523 3506
f 3506 3523 3507
f 3523 3524 3507
f 3507 3524 3508
f 3524 3525 3508
f 3508 3525 3509
f 3525 3526 3509
f 3509 3526 3510
f 3526 3527 3510
f 3510 3527 3511
f 3527 3528 3511
f 3511 3528 3512
f 3528 3529 3512
f 3512 3529 3513
f 3529 3530 3513
f 3513 3530 3514
f 3530 3531 3514
f 3514 3531 3515
f 3531 3532 3515
f 3515 3532 3516
f 3532 3533 3516
f 3516 3533 3517
f 3533 3534 3517
f 3517 3534 3518
f 3534 3535 3518
f 3518 3535 3519
f 3535 3536 3519
f 3520 3537 3521
f 3537 3538 3521
f 3521 3538 3522
f 3538 3539 3522
f 3522 3539 3523
f 3539 3540 3523
f 3523 3540 3524
f 3540 3541 3524
f 3524 3541 3525
f 3541 3542 3525
f 3525 3542 3526
f 3542 3543 3526
f 3526 3543 3527
f 3543 3544 3527
f 3527 3544 3528
f 3544 3545 3528
f 3528 3545 3529
f 3545 3546 3529
f 3529 3546 3530
f 3546 3547 3530
f 3530 3547 3531
f 3547 3548 3531
f 3531 3548 3532
f 3548 3549 3532
f 3532 3549 3533
f 3549 3550 3533
f 3533 3550 3534
f 3550 3551 3534
f 3534 3551 3535
f 3551 3552 3535
f 3535 3552 3536
f 3552 3553 3536
f 3537 3554 3538
f 3554 3555 3538
f 3538 3555 3539
f 3555 3556 3539
f 3539 3556 3540
f 3556 3557 3540
f 3540 3557 3541
f 3557 3558 3541
f 3541 3558 3542
f 3558 3559 3542
f 3542 3559 3543
f 3559 3560 3543
f 3543 3560 3544
f 3560 3561 3544
f 3544 3561 3545
f 3561 3562 3545
f 3545 3562 3546
f 3562 3563 3546
f 3546 3563 3547
f 3563 3564 3547
f 3547 3564 3548
f 3564 3565 3548
f 3548 3565 3549
f 3565 3566 3549
f 3549 3566 3550
f 3566 3567 3550
f 3550 3567 3551
f 3567 3568 3551
f 3551 3568 3552
f 3568 3569 3552
f 3552 3569 3553
f 3569 3570 3553
f 3554 3571 3555
f 3571 3572 3555
f 3555 3572 3556
f 3572 3573 3556
f 3556 3573 3557
f 3573 3574 3557
f 3557 3574 3558
f 3574 3575 3558
f 3558 3575 3559
f 3575 3576 3559
f 3559 3576 3560
f 3576 3577 3560
f 3560 3577 3561
f 3577 3578 3561
f 3561 3578 3562
f 3578 3579 3562
f 3562 3579 3563
f 3579 3580 3563
f 3563 3580 3564
f 3580 3581 3564
f 3564 3581 3565
f 3581 3582 3565
f 3565 3582 3566
f 3582 3583 3566
f 3566 3583 3567
f 3583 3584 3567
f 3567 3584 3568
f 3584 3585 3568
f 3568 3585 3569
f 3585 3586 3569
f 3569 3586 3570
f 3586 3587 3570
f 3571 3588 3572
f 3588 3589 3572
f 3572 3589 3573
f 3589 3590 3573
f 3573 3590 3574
f 3590 3591 3574
f 3574 3591 3575
f 3591 3592 3575
f 3575 3592 3576
f 3592 3593 3576
f 3576 3593 3577
f 3593 3594 3577
f 3577 3594 3578
f 3594 3595 3578
f 3578 3595 3579
f 3595 3596 3579
f 3579 3596 3580
f 3596 3597 3580
f 3580 3597 3581
f 3597 3598 3581
f 3581 3598 3582
f 3598 3599 3582
f 3582 3599 3583
f 3599 3600 3583
f 3583 3600 3584
f 3600 3601 3584
f 3584 3601 3585
f 3601 3602 3585
f 3585 3602 3586
f 3602 3603 3586
f 3586 3603 3587
f 3603 3604 3587
f 3588 3605 3589
f 3605 3606 3589
f 3589 3606 3590
f 3606 3607 3590
f 3590 3607 3591
f 3607 3608 3591
f 3591 3608 3592
f 3608 3609 3592
f 3592 3609 3593
f 3609 3610 3593
f 3593 3610 3594
f 3610 3611 3594
f 3594 3611 3595
f 3611 3612 3595
f 3595 3612 3596
f 3612 3613 3596
f 3596 3613 3597
f 3613 3614 3597
f 3597 3614 3598
f 3614 3615 3598
f 3598 3615 3599
f 3615 3616 3599
f 3599 3616 3600
f 3616 3617 3600
f 3600 3617 3601
f 3617 3618 3601
f 3601 3618 3602
f 3618 3619 3602
f 3602 3619 3603
f 3619 3620 3603
f 3603 3620 3604
f 3620 3621 3604
f 3605 3622 3606
f 3622 3623 3606
f 3606 3623 3607
f 3623 3624 3607
f 3607 3624 3608
f 3624 3625 3608
f 3608 3625 3609
f 3625 3626 3609
f 3609 3626 3610
f 3626 3627 3610
f 3610 3627 3611
f 3627 3628 3611
f 3611 3628 3612
f 3628 3629 3612
f 3612 3629 3613
f 3629 3630 3613
f 3613 3630 3614
f 3630 3631 3614
f 3614 3631 3615
f 3631 3632 3615
f 3615 3632 3616
f 3632 3633 3616
f 3616 3633 3617
f 3633 3634 3617
f 3617 3634 3618
f 3634 3635 3618
f 3618 3635 3619
f 3635 3636 3619
f 3619 3636 3620
f 3636 3637 3620
f 3620 3637 3621
f 3637 3638 3621
f 3622 3639 3623
f 3639 3640 3623
f 3623 3640 3624
f 3640 3641 3624
f 3624 3641 3625
f 3641 3642 3625
f 3625 3642 3626
f 3642 3643 3626
f 3626 3643 3627
f 3643 3644 3627
f 3627 3644 3628
f 3644 3645 3628
f 3628 3645 3629
f 3645 3646 3629
f 3629 3646 3630
f 3646 3647 3630
f 3630 3647 3631
f 3647 3648 3631
f 3631 3648 3632
f 3648 3649 3632
f 3632 3649 3633
f 3649 3650 3633
f 3633 3650 3634
f 3650 3651 3634
f 3634 3651 3635
f 3651 3652 3635
f 3635 3652 3636
f 3652 3653 3636
f 3636 3653 3637
f 3653 3654 3637
f 3637 3654 3638
f 3654 3655 3638
f 3639 3656 3640
f 3656 3657 3640
f 3640 3657 3641
f 3657 3658 3641
f 3641 3658 3642
f 3658 3659 3642
f 3642 3659 3643
f 3659 3660 3643
f 3643 3660 3644
f 3660 3661 3644
f 3644 3661 3645
f 3661 3662 3645
f 3645 3662 3646
f 3662 3663 3646
f 3646 3663 3647
f 3663 3664 3647
f 3647 3664 3648
f 3664 3665 3648
f 3648 3665 3649
f 3665 3666 3649
f 3649 3666 3650
f 3666 3667 3650
f 3650 3667 3651
f 3667 3668 3651
f 3651 3668 3652
f 3668 3669 3652
f 3652 3669 3653
f 3669 3670 3653
f 3653 3670 3654
f 3670 3671 3654
f 3654 3671 3655
f 3671 3672 3655
f 3656 3673 3657
f 3673 3674 3657
f 3657 3674 3658
f 3674 3675 3658
f 3658 3675 3659
f 3675 3676 3659
f 3659 3676 3660
f 3676 3677 3660
f 3660 3677 3661
f 3677 3678 3661
f 3661 3678 3662
f 3678 3679 3662
f 3662 3679 3663
f 3679 3680 3663
f 3663 3680 3664
f 3680 3681 3664
f 3664 3681 3665
f 3681 3682 3665
f 3665 3682 3666
f 3682 3683 3666
f 3666 3683 3667
f 3683 3684 3667
f 3667 3684 3668
f 3684 3685 3668
f 3668 3685 3669
f 3685 3686 3669
f 3669 3686 3670
f 3686 3687 3670
f 3670 3687 3671
f 3687 3688 3671
f 3671 3688 3672
f 3688 3689 3672
f 3673 3690 3674
f 3690 3691 3674
f 3674 3691 3675
f 3691 3692 3675
f 3675 3692 3676
f 3692 3693 3676
f 3676 3693 3677
f 3693 3694 3677
f 3677 3694 3678
f 3694 3695 3678
f 3678 3695 3679
f 3695 3696 3679
f 3679 3696 3680
f 3696 3697 3680
f 3680 3697 3681
f 3697 3698 3681
f 3681 3698 3682
f 3698 3699 3682
f 3682 3699 3683
f 3699 3700 3683
f 3683 3700 3684
f 3700 3701 3684
f 3684 3701 3685
f 3701 3702 3685
f 3685 3702 3686
f 3702 3703 3686
f 3686 3703 3687
f 3703 3704 3687
f 3687 3704 3688
f 3704 3705 3688
f 3688 3705 3689
f 3705 3706 3689
f 3690 3707 3691
f 3707 3708 3691
f 3691 3708 3692
f 3708 3709 3692
f 3692 3709 3693
f 3709 3710 3693
f 3693 3710 3694
f 3710 3711 3694
f 3694 3711 3695
f 3711 3712 3695
f 3695 3712 3696
f 3712 3713 3696
f 3696 3713 3697
f 3713 3714 3697
f 3697 3714 3698
f 3714 3715 3698
f 3698 3715 3699
f 3715 3716 3699
f 3699 3716 3700
f 3716 3717 3700
f 3700 3717 3701
f 3717 3718 3701
f 3701 3718 3702
f 3718 3719 3702
f 3702 3719 3703
f 3719 3720 3703
f 3703 3720 3704
f 3720 3721 3704
f 3704 3721 3705
f 3721 3722 3705
f 3705 3722 3706
f 3722 3723 3706
f 3707 3724 3708
f 3724 3725 3708
f 3708 3725 3709
f 3725 3726 3709
f 3709 3726 3710
f 3726 3727 3710
f 3710 3727 3711
f 3727 3728 3711
f 3711 3728 3712
f 3728 3729 3712
f 3712 3729 3713
f 3729 3730 3713
f 3713 3730 3714
f 3730 3731 3714
f 3714 3731 3715
f 3731 3732 3715
f 3715 3732 3716
f 3732 3733 3716
f 3716 3733 3717
f 3733 3734 3717
f 3717 3734 3718
f 3734 3735 3718
f 3718 3735 3719
f 3735 3736 3719
f 3719 3736 3720
f 3736 3737 3720
f 3720 3737 3721
f 3737 3738 3721
f 3721 3738 3722
f 3738 3739 3722
f 3722 3739 3723
f 3739 3740 3723
f 3724 3741 3725
f 3741 3742 3725
f 3725 3742 3726
f 3742 3743 3726
f 3726 3743 3727
f 3743 3744 3727
f 3727 3744 3728
f 3744 3745 3728
f 3728 3745 3729
f 3745 3746 3729
f 3729 3746 3730
f 3746 3747 3730
f 3730 3747 3731
f 3747 3748 3731
f 3731 3748 3732
f 3748 3749 3732
f 3732 3749 3733
f 3749 3750 3733
f 3733 3750 3734
f 3750 3751 3734
f 3734 3751 3735
f 3751 3752 3735
f 3735 3752 3736
f 3752 3753 3736
f 3736 3753 3737
f 3753 3754 3737
f 3737 3754 3738
f 3754 3755 3738
f 3738 3755 3739
f 3755 3756 3739
f 3739 3756 3740
f 3756 3757 3740
f 3741 3758 3742
f 3758 3759 3742
f 3742 3759 3743
f 3759 3760 3743
f 3743 3760 3744
f 3760 3761 3744
f 3744 3761 3745
f 3761 3762 3745
f 3745 3762 3746
f 3762 3763 3746
f 3746 3763 3747
f 3763 3764 3747
f 3747 3764 3748
f 3764 3765 3748
f 3748 3765 3749
f 3765 3766 3749
f 3749 3766 3750
f 3766 3767 3750
f 3750 3767 3751
f 3767 3768 3751
f 3751 3768 3752
f 3768 3769 3752
f 3752 3769 3753
f 3769 3770 3753
f 3753 3770 3754
f 3770 3771 3754
f 3754 3771 3755
f 3771 3772 3755
f 3755 3772 3756
f 3772 3773 3756
f 3756 3773 3757
f 3773 3774 3757
f 3758 3775 3759
f 3775 3776 3759
f 3759 3776 3760
f 3776 3777 3760
f 3760 3777 3761
f 3777 3778 3761
f 3761 3778 3762
f 3778 3779 3762
f 3762 3779 3763
f 3779 3780 3763
f 3763 3780 3764
f 3780 3781 3764
f 3764 3781 3765
f 3781 3782 3765
f 3765 3782 3766
f 3782 3783 3766
f 3766 3783 3767
f 3783 3784 3767
f 3767 3784 3768
f 3784 3785 3768
f 3768 3785 3769
f 3785 3786 3769
f 3769 3786 3770
f 3786 3787 3770
f 3770 3787 3771
f 3787 3788 3771
f 3771 3788 3772
f 3788 3789 3772
f 3772 3789 3773
f 3789 3790 3773
f 3773 3790 3774
f 3790 3791 3774
f 3775 3792 3776
f 3792 3793 3776
f 3776 3793 3777
f 3793 3794 3777
f 3777 3794 3778
f 3794 3795 3778
f 3778 3795 3779
f 3795 3796 3779
f 3779 3796 3780
f 3796 3797 3780
f 3780 3797 3781
f 3797 3798 3781
f 3781 3798 3782
f 3798 3799 3782
f 3782 3799 3783
f 3799 3800 3783
f 3783 3800 3784
f 3800 3801 3784
f 3784 3801 3785
f 3801 3802 3785
f 3785 3802 3786
f 3802 3803 3786
f 3786 3803 3787
f 3803 3804 3787
f 3787 3804 3788
f 3804 3805 3788
f 3788 3805 3789
f 3805 3806 3789
f 3789 3806 3790
f 3806 3807 3790
f 3790 3807 3791
f 3807 3808 3791
f 3792 3809 3793
f 3809 3810 3793
f 3793 3810 3794
f 3810 3811 3794
f 3794 3811 3795
f 3811 3812 3795
f 3795 3812 3796
f 3812 3813 3796
f 3796 3813 3797
f 3813 3814 3797
f 3797 3814 3798
f 3814 3815 3798
f 3798 3815 3799
f 3815 3816 3799
f 3799 3816 3800
f 3816 3817 3800
f 3800 3817 3801
f 3817 3818 3801
f 3801 3818 3802
f 3818 3819 3802
f 3802 3819 3803
f 3819 3820 3803
f 3803 3820 3804
f 3820 3821 3804
f 3804 3821 3805
f 3821 3822 3805
f 3805 3822 3806
f 3822 3823 3806
f 3806 3823 3807
f 3823 3824 3807
f 3807 3824 3808
f 3824 3825 3808
f 3809 3826 3810
f 3826 3827 3810
f 3810 3827 3811
f 3827 3828 3811
f 3811 3828 3812
f 3828 3829 3812
f 3812 3829 3813
f 3829 3830 3813
f 3813 3830 3814
f 3830 3831 3814
f 3814 3831 3815
f 3831 3832 3815
f 3815 3832 3816
f 3832 3833 3816
f 3816 3833 3817
f 3833 3834 3817
f 3817 3834 3818
f 3834 3835 3818
f 3818 3835 3819
f 3835 3836 3819
f 3819 3836 3820
f 3836 3837 3820
f 3820 3837 3821
f 3837 3838 3821
f 3821 3838 3822
f 3838 3839 3822
f 3822 3839 3823
f 3839 3840 3823
f 3823 3840 3824
f 3840 3841 3824
f 3824 3841 3825
f 3841 3842 3825
f 3826 3843 3827
f 3843 3844 3827
f 3827 3844 3828
f 3844 3845 3828
f 3828 3845 3829
f 3845 3846 3829
f 3829 3846 3830
f 3846 3847 3830
f 3830 3847 3831
f 3847 3848 3831
f 3831 3848 3832
f 3848 3849 3832
f 3832 3849 3833
f 3849 3850 3833
f 3833 3850 3834
f 3850 3851 3834
f 3834 3851 3835
f 3851 3852 3835
f 3835 3852 3836
f 3852 3853 3836
f 3836 3853 3837
f 3853 3854 3837
f 3837 3854 3838
f 3854 3855 3838
f 3838 3855 3839
f 3855 3856 3839
f 3839 3856 3840
f 3856 3857 3840
f 3840 3857 3841
f 3857 3858 3841
f 3841 3858 3842
f 3858 3859 3842
f 3843 3860 3844
f 3860 3861 3844
f 3844 3861 3845
f 3861 3862 3845
f 3845 3862 3846
f 3862 3863 3846
f 3846 3863 3847
f 3863 3864 3847
f 3847 3864 3848
f 3864 3865 3848
f 3848 3865 3849
f 3865 3866 3849
f 3849 3866 3850
f 3866 3867 3850
f 3850 3867 3851
f 3867 3868 3851
f 3851 3868 3852
f 3868 3869 3852
f 3852 3869 3853
f 3869 3870 3853
f 3853 3870 3854
f 3870 3871 3854
f 3854 3871 3855
f 3871 3872 3855
f 3855 3872 3856
f 3872 3873 3856
f 3856 3873 3857
f 3873 3874 3857
f 3857 3874 3858
f 3874 3875 3858
f 3858 3875 3859
f 3875 3876 3859
f 3860 3877 3861
f 3877 3878 3861
f 3861 3878 3862
f 3878 3879 3862
f 3862 3879 3863
f 3879 3880 3863
f 3863 3880 3864
f 3880 3881 3864
f 3864 3881 3865
f 3881 3882 3865
f 3865 3882 3866
f 3882 3883 3866
f 3866 3883 3867
f 3883 3884 3867
f 3867 3884 3868
f 3884 3885 3868
f 3868 3885 3869
f 3885 3886 3869
f 3869 3886 3870
f 3886 3887 3870
f 3870 3887 3871
f 3887 3888 3871
f 3871 3888 3872
f 3888 3889 3872
f 3872 3889 3873
f 3889 3890 3873
f 3873 3890 3874
f 3890 3891 3874
f 3874 3891 3875
f 3891 3892 3875
f 3875 3892 3876
f 3892 3893 3876
f 3877 3894 3878
f 3894 3895 3878
f 3878 3895 3879
f 3895 3896 3879
f 3879 3896 3880
f 3896 3897 3880
f 3880 3897 3881
f 3897 3898 3881
f 3881 3898 3882
f 3898 3899 3882
f 3882 3899 3883
f 3899 3900 3883
f 3883 3900 3884
f 3900 3901 3884
f 3884 3901 3885
f 3901 3902 3885
f 3885 3902 3886
f 3902 3903 3886
f 3886 3903 3887
f 3903 3904 3887
f 3887 3904 3888
f 3904 3905 3888
f 3888 3905 3889
f 3905 3906 3889
f 3889 3906 3890
f 3906 3907 3890
f 3890 3907 3891
f 3907 3908 3891
f 3891 3908 3892
f 3908 3909 3892
f 3892 3909 3893
f 3909 3910 3893
f 3894 3911 3895
f 3911 3912 3895
f 3895 3912 3896
f 3912 3913 3896
f 3896 3913 3897
f 3913 3914 3897
f 3897 3914 3898
f 3914 3915 3898
f 3898 3915 3899
f 3915 3916 3899
f 3899 3916 3900
f 3916 3917 3900
f 3900 3917 3901
f 3917 3918 3901
f 3901 3918 3902
f 3918 3919 3902
f 3902 3919 3903
f 3919 3920 3903
f 3903 3920 3904
f 3920 3921 3904
f 3904 3921 3905
f 3921 3922 3905
f 3905 3922 3906
f 3922 3923 3906
f 3906 3923 3907
f 3923 3924 3907
f 3907 3924 3908
f 3924 3925 3908
f 3908 3925 3909
f 3925 3926 3909
f 3909 3926 3910
f 3926 3927 3910
f 3911 3928 3912
f 3928 3929 3912
f 3912 3929 3913
f 3929 3930 3913
f 3913 3930 3914
f 3930 3931 3914
f 3914 3931 3915
f 3931 3932 3915
f 3915 3932 3916
f 3932 3933 3916
f 3916 3933 3917
f 3933 3934 3917
f 3917 3934 3918
f 3934 3935 3918
f 3918 3935 3919
f 3935 3936 3919
f 3919 3936 3920
f 3936 3937 3920
f 3920 3937 3921
f 3937 3938 3921
f 3921 3938 3922
f 3938 3939 3922
f 3922 3939 3923
f 3939 3940 3923
f 3923 3940 3924
f 3940 3941 3924
f 3924 3941 3925
f 3941 3942 3925
f 3925 3942 3926
f 3942 3943 3926
f 3926 3943 3927
f 3943 3944 3927
f 3928 3945 3929
f 3945 3946 3929
f 3929 3946 3930
f 3946 3947 3930
f 3930 3947 3931
f 3947 3948 3931
f 3931 3948 3932
f 3948 3949 3932
f 3932 3949 3933
f 3949 3950 3933
f 3933 3950 3934
f 3950 3951 3934
f 3934 3951 3935
f 3951 3952 3935
f 3935 3952 3936
f 3952 3953 3936
f 3936 3953 3937
f 3953 3954 3937
f 3937 3954 3938
f 3954 3955 3938
f 3938 3955 3939
f 3955 3956 3939
f 3939 3956 3940
f 3956 3957 3940
f 3940 3957 3941
f 3957 3958 3941
f 3941 3958 3942
f 3958 3959 3942
f 3942 3959 3943
f 3959 3960 3943
f 3943 3960 3944
f 3960 3961 3944
f 3945 3962 3946
f 3962 3963 3946
f 3946 3963 3947
f 3963 3964 3947
f 3947 3964 3948
f 3964 3965 3948
f 3948 3965 3949
f 3965 3966 3949
f 3949 3966 3950
f 3966 3967 3950
f 3950 3967 3951
f 3967 3968 3951
f 3951 3968 3952
f 3968 3969 3952
f 3952 3969 3953
f 3969 3970 3953
f 3953 3970 3954
f 3970 3971 3954
f 3954 3971 3955
f 3971 3972 3955
f 3955 3972 3956
f 3972 3973 3956
f 3956 3973 3957
f 3973 3974 3957
f 3957 3974 3958
f 3974 3975 3958
f 3958 3975 3959
f 3975 3976 3959
f 3959 3976 3960
f 3976 3977 3960
f 3960 3977 3961
f 3977 3978 3961
f 3962 3979 3963
f 3979 3980 3963
f 3963 3980 3964
f 3980 3981 3964
f 3964 3981 3965
f 3981 3982 3965
f 3965 3982 3966
f 3982 3983 3966
f 3966 3983 3967
f 3983 3984 3967
f 3967 3984 3968
f 3984 3985 3968
f 3968 3985 3969
f 3985 3986 3969
f 3969 3986 3970
f 3986 3987 3970
f 3970 3987 3971
f 3987 3988 3971
f 3971 3988 3972
f 3988 3989 3972
f 3972 3989 3973
f 3989 3990 3973
f 3973 3990 3974
f 3990 3991 3974
f 3974 3991 3975
f 3991 3992 3975
f 3975 3992 3976
f 3992 3993 3976
f 3976 3993 3977
f 3993 3994 3977
f 3977 3994 3978
f 3994 3995 3978
f 3979 3996 3980
f 3996 3997 3980
f 3980 3997 3981
f 3997 3998 3981
f 3981 3998 3982
f 3998 3999 3982
f 3982 3999 3983
f 3999 4000 3983
f 3983 4000 3984
f 4000 4001 3984
f 3984 4001 3985
f 4001 4002 3985
f 3985 4002 3986
f 4002 4003 3986
f 3986 4003 3987
f 4003 4004 3987
f 3987 4004 3988
f 4004 4005 3988
f 3988 4005 3989
f 4005 4006 3989
f 3989 4006 3990
f 4006 4007 3990
f 3990 4007 3991
f 4007 4008 3991
f 3991 4008 3992
f 4008 4009 3992
f 3992 4009 3993
f 4009 4010 3993
f 3993 4010 3994
f 4010 4011 3994
f 3994 4011 3995
f 4011 4012 3995
f 3996 4013 3997
f 4013 4014 3997
f 3997 4014 3998
f 4014 4015 3998
f 3998 4015 3999
f 4015 4016 3999
f 3999 4016 4000
f 4016 4017 4000
f 4000 4017 4001
f 4017 4018 4001
f 4001 4018 4002
f 4018 4019 4002
f 4002 4019 4003
f 4019 4020 4003
f 4003 4020 4004
f 4020 4021 4004
f 4004 4021 4005
f 4021 4022 4005
f 4005 4022 4006
f 4022 4023 4006
f 4006 4023 4007
f 4023 4024 4007
f 4007 4024 4008
f 4024 4025 4008
f 4008 4025 4009
f 4025 4026 4009
f 4009 4026 4010
f 4026 4027 4010
f 4010 4027 4011
f 4027 4028 4011
f 4011 4028 4012
f 4028 4029 4012
f 4013 4030 4014
f 4030 4031 4014
f 4014 4031 4015
f 4031 4032 4015
f 4015 4032 4016
f 4032 4033 4016
f 4016 4033 4017
f 4033 4034 4017
f 4017 4034 4018
f 4034 4035 4018
f 4018 4035 4019
f 4035 4036 4019
f 4019 4036 4020
f 4036 4037 4020
f 4020 4037 4021
f 4037 4038 4021
f 4021 4038 4022
f 4038 4039 4022
f 4022 4039 4023
f 4039 4040 4023
f 4023 4040 4024
f 4040 4041 4024
f 4024 4041 4025
f 4041 4042 4025
f 4025 4042 4026
f 4042 4043 4026
f 4026 4043 4027
f 4043 4044 4027
f 4027 4044 4028
f 4044 4045 4028
f 4028 4045 4029
f 4045 4046 4029
f 4030 4047 4031
f 4047 4048 4031
f 4031 4048 4032
f 4048 4049 4032
f 4032 4049 4033
f 4049 4050 4033
f 4033 4050 4034
f 4050 4051 4034
f 4034 4051 4035
f 4051 4052 4035
f 4035 4052 4036
f 4052 4053 4036
f 4036 4053 4037
f 4053 4054 4037
f 4037 4054 4038
f 4054 4055 4038
f 4038 4055 4039
f 4055 4056 4039
f 4039 4056 4040
f 4056 4057 4040
f 4040 4057 4041
f 4057 4058 4041
f 4041 4058 4042
f 4058 4059 4042
f 4042 4059 4043
f 4059 4060 4043
f 4043 4060 4044
f 4060 4061 4044
f 4044 4061 4045
f 4061 4062 4045
f 4045 4062 4046
f 4062 4063 4046
f 4047 4064 4048
f 4064 4065 4048
f 4048 4065 4049
f 4065 4066 4049
f 4049 4066 4050
f 4066 4067 4050
f 4050 4067 4051
f 4067 4068 4051
f 4051 4068 4052
f 4068 4069 4052
f 4052 4069 4053
f 4069 4070 4053
f 4053 4070 4054
f 4070 4071 4054
f 4054 4071 4055
f 4071 4072 4055
f 4055 4072 4056
f 4072 4073 4056
f 4056 4073 4057
f 4073 4074 4057
f 4057 4074 4058
f 4074 4075 4058
f 4058 4075 4059
f 4075 4076 4059
f 4059 4076 4060
f 4076 4077 4060
f 4060 4077 4061
f 4077 4078 4061
f 4061 4078 4062
f 4078 4079 4062
f 4062 4079 4063
f 4079 4080 4063
f 4064 4081 4065
f 4081 4082 4065
f 4065 4082 4066
f 4082 4083 4066
f 4066 4083 4067
f 4083 4084 4067
f 4067 4084 4068
f 4084 4085 4068
f 4068 4085 4069
f 4085 4086 4069
f 4069 4086 4070
f 4086 4087 4070
f 4070 4087 4071
f 4087 4088 4071
f 4071 4088 4072
f 4088 4089 4072
f 4072 4089 4073
f 4089 4090 4073
f 4073 4090 4074
f 4090 4091 4074
f 4074 4091 4075
f 4091 4092 4075
f 4075 4092 4076
f 4092 4093 4076
f 4076 4093 4077
f 4093 4094 4077
f 4077 4094 4078
f 4094 4095 4078
f 4078 4095 4079
f 4095 4096 4079
f 4079 4096 4080
f 4096 4097 4080
f 4081 4098 4082
f 4098 4099 4082
f 4082 4099 4083
f 4099 4100 4083
f 4083 4100 4084
f 4100 4101 4084
f 4084 4101 4085
f 4101 4102 4085
f 4085 4102 4086
f 4102 4103 4086
f 4086 4103 4087
f 4103 4104 4087
f 4087 4104 4088
f 4104 4105 4088
f 4088 4105 4089
f 4105 4106 4089
f 4089 4106 4090
f 4106 4107 4090
f 4090 4107 4091
f 4107 4108 4091
f 4091 4108 4092
f 4108 4109 4092
f 4092 4109 4093
f 4109 4110 4093
f 4093 4110 4094
f 4110 4111 4094
f 4094 4111 4095
f 4111 4112 4095
f 4095 4112 4096
f 4112 4113 4096
f 4096 4113 4097
f 4113 4114 4097
f 4098 4115 4099
f 4115 4116 4099
f 4099 4116 4100
f 4116 4117 4100
f 4100 4117 4101
f 4117 4118 4101
f 4101 4118 4102
f 4118 4119 4102
f 4102 4119 4103
f 4119 4120 4103
f 4103 4120 4104
f 4120 4121 4104
f 4104 4121 4105
f 4121 4122 4105
f 4105 4122 4106
f 4122 4123 4106
f 4106 4123 4107
f 4123 4124 4107
f 4107 4124 4108
f 4124 4125 4108
f 4108 4125 4109
f 4125 4126 4109
f 4109 4126 4110
f 4126 4127 4110
f 4110 4127 4111
f 4127 4128 4111
f 4111 4128 4112
f 4128 4129 4112
f 4112 4129 4113
f 4129 4130 4113
f 4113 4130 4114
f 4130 4131 4114
f 4115 4132 4116
f 4132 4133 4116
f 4116 4133 4117
f 4133 4134 4117
f 4117 4134 4118
f 4134 4135 4118
f 4118 4135 4119
f 4135 4136 4119
f 4119 4136 4120
f 4136 4137 4120
f 4120 4137 4121
f 4137 4138 4121
f 4121 4138 4122
f 4138 4139 4122
f 4122 4139 4123
f 4139 4140 4123
f 4123 4140 4124
f 4140 4141 4124
f 4124 4141 4125
f 4141 4142 4125
f 4125 4142 4126
f 4142 4143 4126
f 4126 4143 4127
f 4143 4144 4127
f 4127 4144 4128
f 4144 4145 4128
f 4128 4145 4129
f 4145 4146 4129
f 4129 4146 4130
f 4146 4147 4130
f 4130 4147 4131
f 4147 4148 4131
f 4132 4149 4133
f 4149 4150 4133
f 4133 4150 4134
f 4150 4151 4134
f 4134 4151 4135
f 4151 4152 4135
f 4135 4152 4136
f 4152 4153 4136
f 4136 4153 4137
f 4153 4154 4137
f 4137 4154 4138
f 4154 4155 4138
f 4138 4155 4139
f 4155 4156 4139
f 4139 4156 4140
f 4156 4157 4140
f 4140 4157 4141
f 4157 4158 4141
f 4141 4158 4142
f 4158 4159 4142
f 4142 4159 4143
f 4159 4160 4143
f 4143 4160 4144
f 4160 4161 4144
f 4144 4161 4145
f 4161 4162 4145
f 4145 4162 4146
f 4162 4163 4146
f 4146 4163 4147
f 4163 4164 4147
f 4147 4164 4148
f 4164 4165 4148
f 4149 4166 4150
f 4166 4167 4150
f 4150 4167 4151
f 4167 4168 4151
f 4151 4168 4152
f 4168 4169 4152
f 4152 4169 4153
f 4169 4170 4153
f 4153 4170 4154
f 4170 4171 4154
f 4154 4171 4155
f 4171 4172 4155
f 4155 4172 4156
f 4172 4173 4156
f 4156 4173 4157
f 4173 4174 4157
f 4157 4174 4158
f 4174 4175 4158
f 4158 4175 4159
f 4175 4176 4159
f 4159 4176 4160
f 4176 4177 4160
f 4160 4177 4161
f 4177 4178 4161
f 4161 4178 4162
f 4178 4179 4162
f 4162 4179 4163
f 4179 4180 4163
f 4163 4180 4164
f 4180 4181 4164
f 4164 4181 4165
f 4181 4182 4165
f 4166 4183 4167
f 4183 4184 4167
f 4167 4184 4168
f 4184 4185 4168
f 4168 4185 4169
f 4185 4186 4169
f 4169 4186 4170
f 4186 4187 4170
f 4170 4187 4171
f 4187 4188 4171
f 4171 4188 4172
f 4188 4189 4172
f 4172 4189 4173
f 4189 4190 4173
f 4173 4190 4174
f 4190 4191 4174
f 4174 4191 4175
f 4191 4192 4175
f 4175 4192 4176
f 4192 4193 4176
f 4176 4193 4177
f 4193 4194 4177
f 4177 4194 4178
f 4194 4195 4178
f 4178 4195 4179
f 4195 4196 4179
f 4179 4196 4180
f 4196 4197 4180
f 4180 4197 4181
f 4197 4198 4181
f 4181 4198 4182
f 4198 4199 4182
f 4183 4200 4184
f 4200 4201 4184
f 4184 4201 4185
f 4201 4202 4185
f 4185 4202 4186
f 4202 4203 4186
f 4186 4203 4187
f 4203 4204 4187
f 4187 4204 4188
f 4204 4205 4188
f 4188 4205 4189
f 4205 4206 4189
f 4189 4206 4190
f 4206 4207 4190
f 4190 4207 4191
f 4207 4208 4191
f 4191 4208 4192
f 4208 4209 4192
f 4192 4209 4193
f 4209 4210 4193
f 4193 4210 4194
f 4210 4211 4194
f 4194 4211 4195
f 4211 4212 4195
f 4195 4212 4196
f 4212 4213 4196
f 4196 4213 4197
f 4213 4214 4197
f 4197 4214 4198
f 4214 4215 4198
f 4198 4215 4199
f 4215 4216 4199
f 4200 4217 4201
f 4217 4218 4201
f 4201 4218 4202
f 4218 4219 4202
f 4202 4219 4203
f 4219 4220 4203
f 4203 4220 4204
f 4220 4221 4204
f 4204 4221 4205
f 4221 4222 4205
f 4205 4222 4206
f 4222 4223 4206
f 4206 4223 4207
f 4223 4224 4207
f 4207 4224 4208
f 4224 4225 4208
f 4208 4225 4209
f 4225 4226 4209
f 4209 4226 4210
f 4226 4227 4210
f 4210 4227 4211
f 4227 4228 4211
f 4211 4228 4212
f 4228 4229 4212
f 4212 4229 4213
f 4229 4230 4213
f 4213 4230 4214
f 4230 4231 4214
f 4214 4231 4215
f 4231 4232 4215
f 4215 4232 4216
f 4232 4233 4216
f 4217 4234 4218
f 4234 4235 4218
f 4218 4235 4219
f 4235 4236 4219
f 4219 4236 4220
f 4236 4237 4220
f 4220 4237 4221
f 4237 4238 4221
f 4221 4238 4222
f 4238 4239 4222
f 4222 4239 4223
f 4239 4240 4223
f 4223 4240 4224
f 4240 4241 4224
f 4224 4241 4225
f 4241 4242 4225
f 4225 4242 4226
f 4242 4243 4226
f 4226 4243 4227
f 4243 4244 4227
f 4227 4244 4228
f 4244 4245 4228
f 4228 4245 4229
f 4245 4246 4229
f 4229 4246 4230
f 4246 4247 4230
f 4230 4247 4231
f 4247 4248 4231
f 4231 4248 4232
f 4248 4249 4232
f 4232 4249 4233
f 4249 4250 4233
f 4234 4251 4235
f 4251 4252 4235
f 4235 4252 4236
f 4252 4253 4236
f 4236 4253 4237
f 4253 4254 4237
f 4237 4254 4238
f 4254 4255 4238
f 4238 4255 4239
f 4255 4256 4239
f 4239 4256 4240
f 4256 4257 4240
f 4240 4257 4241
f 4257 4258 4241
f 4241 4258 4242
f 4258 4259 4242
f 4242 4259 4243
f 4259 4260 4243
f 4243 4260 4244
f 4260 4261 4244
f 4244 4261 4245
f 4261 4262 4245
f 4245 4262 4246
f 4262 4263 4246
f 4246 4263 4247
f 4263 4264 4247
f 4247 4264 4248
f 4264 4265 4248
f 4248 4265 4249
f 4265 4266 4249
f 4249 4266 4250
f 4266 4267 4250
f 4251 4268 4252
f 4268 4269 4252
f 4252 4269 4253
f 4269 4270 4253
f 4253 4270 4254
f 4270 4271 4254
f 4254 4271 4255
f 4271 4272 4255
f 4255 4272 4256
f 4272 4273 4256
f 4256 4273 4257
f 4273 4274 4257
f 4257 4274 4258
f 4274 4275 4258
f 4258 4275 4259
f 4275 4276 4259
f 4259 4276 4260
f 4276 4277 4260
f 4260 4277 4261
f 4277 4278 4261
f 4261 4278 4262
f 4278 4279 4262
f 4262 4279 4263
f 4279 4280 4263
f 4263 4280 4264
f 4280 4281 4264
f 4264 4281 4265
f 4281 4282 4265
f 4265 4282 4266
f 4282 4283 4266
f 4266 4283 4267
f 4283 4284 4267
f 4268 4285 4269
f 4285 4286 4269
f 4269 4286 4270
f 4286 4287 4270
f 4270 4287 4271
f 4287 4288 4271
f 4271 4288 4272
f 4288 4289 4272
f 4272 4289 4273
f 4289 4290 4273
f 4273 4290 4274
f 4290 4291 4274
f 4274 4291 4275
f 4291 4292 4275
f 4275 4292 4276
f 4292 4293 4276
f 4276 4293 4277
f 4293 4294 4277
f 4277 4294 4278
f 4294 4295 4278
f 4278 4295 4279
f 4295 4296 4279
f 4279 4296 4280
f 4296 4297 4280
f 4280 4297 4281
f 4297 4298 4281
f 4281 4298 4282
f 4298 4299 4282
f 4282 4299 4283
f 4299 4300 4283
f 4283 4300 4284
f 4300 4301 4284
f 4285 4302 4286
f 4302 4303 4286
f 4286 4303 4287
f 4303 4304 4287
f 4287 4304 4288
f 4304 4305 4288
f 4288 4305 4289
f 4305 4306 4289
f 4289 4306 4290
f 4306 4307 4290
f 4290 4307 4291
f 4307 4308 4291
f 4291 4308 4292
f 4308 4309 4292
f 4292 4309 4293
f 4309 4310 4293
f 4293 4310 4294
f 4310 4311 4294
f 4294 4311 4295
f 4311 4312 4295
f 4295 4312 4296
f 4312 4313 4296
f 4296 4313 4297
f 4313 4314 4297
f 4297 4314 4298
f 4314 4315 4298
f 4298 4315 4299
f 4315 4316 4299
f 4299 4316 4300
f 4316 4317 4300
f 4300 4317 4301
f 4317 4318 4301
f 4302 4319 4303
f 4319 4320 4303
f 4303 4320 4304
f 4320 4321 4304
f 4304 4321 4305
f 4321 4322 4305
f 4305 4322 4306
f 4322 4323 4306
f 4306 4323 4307
f 4323 4324 4307
f 4307 4324 4308
f 4324 4325 4308
f 4308 4325 4309
f 4325 4326 4309
f 4309 4326 4310
f 4326 4327 4310
f 4310 4327 4311
f 4327 4328 4311
f 4311 4328 4312
f 4328 4329 4312
f 4312 4329 4313
f 4329 4330 4313
f 4313 4330 4314
f 4330 4331 4314
f 4314 4331 4315
f 4331 4332 4315
f 4315 4332 4316
f 4332 4333 4316
f 4316 4333 4317
f 4333 4334 4317
f 4317 4334 4318
f 4334 4335 4318
f 4319 4336 4320
f 4336 4337 4320
f 4320 4337 4321
f 4337 4338 4321
f 4321 4338 4322
f 4338 4339 4322
f 4322 4339 4323
f 4339 4340 4323
f 4323 4340 4324
f 4340 4341 4324
f 4324 4341 4325
f 4341 4342 4325
f 4325 4342 4326
f 4342 4343 4326
f 4326 4343 4327
f 4343 4344 4327
f 4327 4344 4328
f 4344 4345 4328
f 4328 4345 4329
f 4345 4346 4329
f 4329 4346 4330
f 4346 4347 4330
f 4330 4347 4331
f 4347 4348 4331
f 4331 4348 4332
f 4348 4349 4332
f 4332 4349 4333
f 4349 4350 4333
f 4333 4350 4334
f 4350 4351 4334
f 4334 4351 4335
f 4351 4352 4335
f 4336 4353 4337
f 4353 4354 4337
f 4337 4354 4338
f 4354 4355 4338
f 4338 4355 4339
f 4355 4356 4339
f 4339 4356 4340
f 4356 4357 4340
f 4340 4357 4341
f 4357 4358 4341
f 4341 4358 4342
f 4358 4359 4342
f 4342 4359 4343
f 4359 4360 4343
f 4343 4360 4344
f 4360 4361 4344
f 4344 4361 4345
f 4361 4362 4345
f 4345 4362 4346
f 4362 4363 4346
f 4346 4363 4347
f 4363 4364 4347
f 4347 4364 4348
f 4364 4365 4348
f 4348 4365 4349
f 4365 4366 4349
f 4349 4366 4350
f 4366 4367 4350
f 4350 4367 4351
f 4367 4368 4351
f 4351 4368 4352
f 4368 4369 4352
f 4353 4370 4354
f 4370 4371 4354
f 4354 4371 4355
f 4371 4372 4355
f 4355 4372 4356
f 4372 4373 4356
f 4356 4373 4357
f 4373 4374 4357
f 4357 4374 4358
f 4374 4375 4358
f 4358 4375 4359
f 4375 4376 4359
f 4359 4376 4360
f 4376 4377 4360
f 4360 4377 4361
f 4377 4378 4361
f 4361 4378 4362
f 4378 4379 4362
f 4362 4379 4363
f 4379 4380 4363
f 4363 4380 4364
f 4380 4381 4364
f 4364 4381 4365
f 4381 4382 4365
f 4365 4382 4366
f 4382 4383 4366
f 4366 4383 4367
f 4383 4384 4367
f 4367 4384 4368
f 4384 4385 4368
f 4368 4385 4369
f 4385 4386 4369
f 4370 4387 4371
f 4387 4388 4371
f 4371 4388 4372
f 4388 4389 4372
f 4372 4389 4373
f 4389 4390 4373
f 4373 4390 4374
f 4390 4391 4374
f 4374 4391 4375
f 4391 4392 4375
f 4375 4392 4376
f 4392 4393 4376
f 4376 4393 4377
f 4393 4394 4377
f 4377 4394 4378
f 4394 4395 4378
f 4378 4395 4379
f 4395 4396 4379
f 4379 4396 4380
f 4396 4397 4380
f 4380 4397 4381
f 4397 4398 4381
f 4381 4398 4382
f 4398 4399 4382
f 4382 4399 4383
f 4399 4400 4383
f 4383 4400 4384
f 4400 4401 4384
f 4384 4401 4385
f 4401 4402 4385
f 4385 4402 4386
f 4402 4403 4386
f 4387 4404 4388
f 4404 4405 4388
f 4388 4405 4389
f 4405 4406 4389
f 4389 4406 4390
f 4406 4407 4390
f 4390 4407 4391
f 4407 4408 4391
f 4391 4408 4392
f 4408 4409 4392
f 4392 4409 4393
f 4409 4410 4393
f 4393 4410 4394
f 4410 4411 4394
f 4394 4411 4395
f 4411 4412 4395
f 4395 4412 4396
f 4412 4413 4396
f 4396 4413 4397
f 4413 4414 4397
f 4397 4414 4398
f 4414 4415 4398
f 4398 4415 4399
f 4415 4416 4399
f 4399 4416 4400
f 4416 4417 4400
f 4400 4417 4401
f 4417 4418 4401
f 4401 4418 4402
f 4418 4419 4402
f 4402 4419 4403
f 4419 4420 4403
f 4404 4421 4405
f 4421 4422 4405
f 4405 4422 4406
f 4422 4423 4406
f 4406 4423 4407
f 4423 4424 4407
f 4407 4424 4408
f 4424 4425 4408
f 4408 4425 4409
f 4425 4426 4409
f 4409 4426 4410
f 4426 4427 4410
f 4410 4427 4411
f 4427 4428 4411
f 4411 4428 4412
f 4428 4429 4412
f 4412 4429 4413
f 4429 4430 4413
f 4413 4430 4414
f 4430 4431 4414
f 4414 4431 4415
f 4431 4432 4415
f 4415 4432 4416
f 4432 4433 4416
f 4416 4433 4417
f 4433 4434 4417
f 4417 4434 4418
f 4434 4435 4418
f 4418 4435 4419
f 4435 4436 4419
f 4419 4436 4420
f 4436 4437 4420
f 4421 4438 4422
f 4438 4439 4422
f 4422 4439 4423
f 4439 4440 4423
f 4423 4440 4424
f 4440 4441 4424
f 4424 4441 4425
f 4441 4442 4425
f 4425 4442 4426
f 4442 4443 4426
f 4426 4443 4427
f 4443 4444 4427
f 4427 4444 4428
f 4444 4445 4428
f 4428 4445 4429
f 4445 4446 4429
f 4429 4446 4430
f 4446 4447 4430
f 4430 4447 4431
f 4447 4448 4431
f 4431 4448 4432
f 4448 4449 4432
f 4432 4449 4433
f 4449 4450 4433
f 4433 4450 4434
f 4450 4451 4434
f 4434 4451 4435
f 4451 4452 4435
f 4435 4452 4436
f 4452 4453 4436
f 4436 4453 4437
f 4453 4454 4437
f 4438 4455 4439
f 4455 4456 4439
f 4439 4456 4440
f 4456 4457 4440
f 4440 4457 4441
f 4457 4458 4441
f 4441 4458 4442
f 4458 4459 4442
f 4442 4459 4443
f 4459 4460 4443
f 4443 4460 4444
f 4460 4461 4444
f 4444 4461 4445
f 4461 4462 4445
f 4445 4462 4446
f 4462 4463 4446
f 4446 4463 4447
f 4463 4464 4447
f 4447 4464 4448
f 4464 4465 4448
f 4448 4465 4449
f 4465 4466 4449
f 4449 4466 4450
f 4466 4467 4450
f 4450 4467 4451
f 4467 4468 4451
f 4451 4468 4452
f 4468 4469 4452
f 4452 4469 4453
f 4469 4470 4453
f 4453 4470 4454
f 4470 4471 4454
f 4455 4472 4456
f 4472 4473 4456
f 4456 4473 4457
f 4473 4474 4457
f 4457 4474 4458
f 4474 4475 4458
f 4458 4475 4459
f 4475 4476 4459
f 4459 4476 4460
f 4476 4477 4460
f 4460 4477 4461
f 4477 4478 4461
f 4461 4478 4462
f 4478 4479 4462
f 4462 4479 4463
f 4479 4480 4463
f 4463 4480 4464
f 4480 4481 4464
f 4464 4481 4465
f 4481 4482 4465
f 4465 4482 4466
f 4482 4483 4466
f 4466 4483 4467
f 4483 4484 4467
f 4467 4484 4468
f 4484 4485 4468
f 4468 4485 4469
f 4485 4486 4469
f 4469 4486 4470
f 4486 4487 4470
f 4470 4487 4471
f 4487 4488 4471
f 4472 4489 4473
f 4489 4490 4473
f 4473 4490 4474
f 4490 4491 4474
f 4474 4491 4475
f 4491 4492 4475
f 4475 4492 4476
f 4492 4493 4476
f 4476 4493 4477
f 4493 4494 4477
f 4477 4494 4478
f 4494 4495 4478
f 4478 4495 4479
f 4495 4496 4479
f 4479 4496 4480
f 4496 4497 4480
f 4480 4497 4481
f 4497 4498 4481
f 4481 4498 4482
f 4498 4499 4482
f 4482 4499 4483
f 4499 4500 4483
f 4483 4500 4484
f 4500 4501 4484
f 4484 4501 4485
f 4501 4502 4485
f 4485 4502 4486
f 4502 4503 4486
f 4486 4503 4487
f 4503 4504 4487
f 4487 4504 4488
f 4504 4505 4488
f 4489 4506 4490
f 4506 4507 4490
f 4490 4507 4491
f 4507 4508 4491
f 4491 4508 4492
f 4508 4509 4492
f 4492 4509 4493
f 4509 4510 4493
f 4493 4510 4494
f 4510 4511 4494
f 4494 4511 4495
f 4511 4512 4495
f 4495 4512 4496
f 4512 4513 4496
f 4496 4513 4497
f 4513 4514 4497
f 4497 4514 4498
f 4514 4515 4498
f 4498 4515 4499
f 4515 4516 4499
f 4499 4516 4500
f 4516 4517 4500
f 4500 4517 4501
f 4517 4518 4501
f 4501 4518 4502
f 4518 4519 4502
f 4502 4519 4503
f 4519 4520 4503
f 4503 4520 4504
f 4520 4521 4504
f 4504 4521 4505
f 4521 4522 4505
f 4506 4523 4507
f 4523 4524 4507
f 4507 4524 4508
f 4524 4525 4508
f 4508 4525 4509
f 4525 4526 4509
f 4509 4526 4510
f 4526 4527 4510
f 4510 4527 4511
f 4527 4528 4511
f 4511 4528 4512
f 4528 4529 4512
f 4512 4529 4513
f 4529 4530 4513
f 4513 4530 4514
f 4530 4531 4514
f 4514 4531 4515
f 4531 4532 4515
f 4515 4532 4516
f 4532 4533 4516
f 4516 4533 4517
f 4533 4534 4517
f 4517 4534 4518
f 4534 4535 4518
f 4518 4535 4519
f 4535 4536 4519
f 4519 4536 4520
f 4536 4537 4520
f 4520 4537 4521
f 4537 4538 4521
f 4521 4538 4522
f 4538 4539 4522
f 4523 4540 4524
f 4540 4541 4524
f 4524 4541 4525
f 4541 4542 4525
f 4525 4542 4526
f 4542 4543 4526
f 4526 4543 4527
f 4543 4544 4527
f 4527 4544 4528
f 4544 4545 4528
f 4528 4545 4529
f 4545 4546 4529
f 4529 4546 4530
f 4546 4547 4530
f 4530 4547 4531
f 4547 4548 4531
f 4531 4548 4532
f 4548 4549 4532
f 4532 4549 4533
f 4549 4550 4533
f 4533 4550 4534
f 4550 4551 4534
f 4534 4551 4535
f 4551 4552 4535
f 4535 4552 4536
f 4552 4553 4536
f 4536 4553 4537
f 4553 4554 4537
f 4537 4554 4538
f 4554 4555 4538
f 4538 4555 4539
f 4555 4556 4539
f 4540 4557 4541
f 4557 4558 4541
f 4541 4558 4542
f 4558 4559 4542
f 4542 4559 4543
f 4559 4560 4543
f 4543 4560 4544
f 4560 4561 4544
f 4544 4561 4545
f 4561 4562 4545
f 4545 4562 4546
f 4562 4563 4546
f 4546 4563 4547
f 4563 4564 4547
f 4547 4564 4548
f 4564 4565 4548
f 4548 4565 4549
f 4565 4566 4549
f 4549 4566 4550
f 4566 4567 4550
f 4550 4567 4551
f 4567 4568 4551
f 4551 4568 4552
f 4568 4569 4552
f 4552 4569 4553
f 4569 4570 4553
f 4553 4570 4554
f 4570 4571 4554
f 4554 4571 4555
f 4571 4572 4555
f 4555 4572 4556
f 4572 4573 4556
f 4557 4574 4558
f 4574 4575 4558
f 4558 4575 4559
f 4575 4576 4559
f 4559 4576 4560
f 4576 4577 4560
f 4560 4577 4561
f 4577 4578 4561
f 4561 4578 4562
f 4578 4579 4562
f 4562 4579 4563
f 4579 4580 4563
f 4563 4580 4564
f 4580 4581 4564
f 4564 4581 4565
f 4581 4582 4565
f 4565 4582 4566
f 4582 4583 4566
f 4566 4583 4567
f 4583 4584 4567
f 4567 4584 4568
f 4584 4585 4568
f 4568 4585 4569
f 4585 4586 4569
f 4569 4586 4570
f 4586 4587 4570
f 4570 4587 4571
f 4587 4588 4571
f 4571 4588 4572
f 4588 4589 4572
f 4572 4589 4573
f 4589 4590 4573
f 4574 4591 4575
f 4591 4592 4575
f 4575 4592 4576
f 4592 4593 4576
f 4576 4593 4577
f 4593 4594 4577
f 4577 4594 4578
f 4594 4595 4578
f 4578 4595 4579
f 4595 4596 4579
f 4579 4596 4580
f 4596 4597 4580
f 4580 4597 4581
f 4597 4598 4581
f 4581 4598 4582
f 4598 4599 4582
f 4582 4599 4583
f 4599 4600 4583
f 4583 4600 4584
f 4600 4601 4584
f 4584 4601 4585
f 4601 4602 4585
f 4585 4602 4586
f 4602 4603 4586
f 4586 4603 4587
f 4603 4604 4587
f 4587 4604 4588
f 4604 4605 4588
f 4588 4605 4589
f 4605 4606 4589
f 4589 4606 4590
f 4606 4607 4590
f 4591 4608 4592
f 4608 4609 4592
f 4592 4609 4593
f 4609 4610 4593
f 4593 4610 4594
f 4610 4611 4594
f 4594 4611 4595
f 4611 4612 4595
f 4595 4612 4596
f 4612 4613 4596
f 4596 4613 4597
f 4613 4614 4597
f 4597 4614 4598
f 4614 4615 4598
f 4598 4615 4599
f 4615 4616 4599
f 4599 4616 4600
f 4616 4617 4600
f 4600 4617 4601
f 4617 4618 4601
f 4601 4618 4602
f 4618 4619 4602
f 4602 4619 4603
f 4619 4620 4603
f 4603 4620 4604
f 4620 4621 4604
f 4604 4621 4605
f 4621 4622 4605
f 4605 4622 4606
f 4622 4623 4606
f 4606 4623 4607
f 4623 4624 4607
f 4608 4625 4609
f 4625 4626 4609
f 4609 4626 4610
f 4626 4627 4610
f 4610 4627 4611
f 4627 4628 4611
f 4611 4628 4612
f 4628 4629 4612
f 4612 4629 4613
f 4629 4630 4613
f 4613 4630 4614
f 4630 4631 4614
f 4614 4631 4615
f 4631 4632 4615
f 4615 4632 4616
f 4632 4633 4616
f 4616 4633 4617
f 4633 4634 4617
f 4617 4634 4618
f 4634 4635 4618
f 4618 4635 4619
f 4635 4636 4619
f 4619 4636 4620
f 4636 4637 4620
f 4620 4637 4621
f 4637 4638 4621
f 4621 4638 4622
f 4638 4639 4622
f 4622 4639 4623
f 4639 4640 4623
f 4623 4640 4624
f 4640 4641 4624
f 4625 4642 4626
f 4642 4643 4626
f 4626 4643 4627
f 4643 4644 4627
f 4627 4644 4628
f 4644 4645 4628
f 4628 4645 4629
f 4645 4646 4629
f 4629 4646 4630
f 4646 4647 4630
f 4630 4647 4631
f 4647 4648 4631
f 4631 4648 4632
f 4648 4649 4632
f 4632 4649 4633
f 4649 4650 4633
f 4633 4650 4634
f 4650 4651 4634
f 4634 4651 4635
f 4651 4652 4635
f 4635 4652 4636
f 4652 4653 4636
f 4636 4653 4637
f 4653 4654 4637
f 4637 4654 4638
f 4654 4655 4638
f 4638 4655 4639
f 4655 4656 4639
f 4639 4656 4640
f 4656 4657 4640
f 4640 4657 4641
f 4657 4658 4641
f 4642 4659 4643
f 4659 4660 4643
f 4643 4660 4644
f 4660 4661 4644
f 4644 4661 4645
f 4661 4662 4645
f 4645 4662 4646
f 4662 4663 4646
f 4646 4663 4647
f 4663 4664 4647
f 4647 4664 4648
f 4664 4665 4648
f 4648 4665 4649
f 4665 4666 4649
f 4649 4666 4650
f 4666 4667 4650
f 4650 4667 4651
f 4667 4668 4651
f 4651 4668 4652
f 4668 4669 4652
f 4652 4669 4653
f 4669 4670 4653
f 4653 4670 4654
f 4670 4671 4654
f 4654 4671 4655
f 4671 4672 4655
f 4655 4672 4656
f 4672 4673 4656
f 4656 4673 4657
f 4673 4674 4657
f 4657 4674 4658
f 4674 4675 4658
f 4659 4676 4660
f 4676 4677 4660
f 4660 4677 4661
f 4677 4678 4661
f 4661 4678 4662
f 4678 4679 4662
f 4662 4679 4663
f 4679 4680 4663
f 4663 4680 4664
f 4680 4681 4664
f 4664 4681 4665
f 4681 4682 4665
f 4665 4682 4666
f 4682 4683 4666
f 4666 4683 4667
f 4683 4684 4667
f 4667 4684 4668
f 4684 4685 4668
f 4668 4685 4669
f 4685 4686 4669
f 4669 4686 4670
f 4686 4687 4670
f 4670 4687 4671
f 4687 4688 4671
f 4671 4688 4672
f 4688 4689 4672
f 4672 4689 4673
f 4689 4690 4673
f 4673 4690 4674
f 4690 4691 4674
f 4674 4691 4675
f 4691 4692 4675
f 4676 4693 4677
f 4693 4694 4677
f 4677 4694 4678
f 4694 4695 4678
f 4678 4695 4679
f 4695 4696 4679
f 4679 4696 4680
f 4696 4697 4680
f 4680 4697 4681
f 4697 4698 4681
f 4681 4698 4682
f 4698 4699 4682
f 4682 4699 4683
f 4699 4700 4683
f 4683 4700 4684
f 4700 4701 4684
f 4684 4701 4685
f 4701 4702 4685
f 4685 4702 4686
f 4702 4703 4686
f 4686 4703 4687
f 4703 4704 4687
f 4687 4704 4688
f 4704 4705 4688
f 4688 4705 4689
f 4705 4706 4689
f 4689 4706 4690
f 4706 4707 4690
f 4690 4707 4691
f 4707 4708 4691
f 4691 4708 4692
f 4708 4709 4692
f 4693 4710 4694
f 4710 4711 4694
f 4694 4711 4695
f 4711 4712 4695
f 4695 4712 4696
f 4712 4713 4696
f 4696 4713 4697
f 4713 4714 4697
f 4697 4714 4698
f 4714 4715 4698
f 4698 4715 4699
f 4715 4716 4699
f 4699 4716 4700
f 4716 4717 4700
f 4700 4717 4701
f 4717 4718 4701
f 4701 4718 4702
f 4718 4719 4702
f 4702 4719 4703
f 4719 4720 4703
f 4703 4720 4704
f 4720 4721 4704
f 4704 4721 4705
f 4721 4722 4705
f 4705 4722 4706
f 4722 4723 4706
f 4706 4723 4707
f 4723 4724 4707
f 4707 4724 4708
f 4724 4725 4708
f 4708 4725 4709
f 4725 4726 4709
f 4710 4727 4711
f 4727 4728 4711
f 4711 4728 4712
f 4728 4729 4712
f 4712 4729 4713
f 4729 4730 4713
f 4713 4730 4714
f 4730 4731 4714
f 4714 4731 4715
f 4731 4732 4715
f 4715 4732 4716
f 4732 4733 4716
f 4716 4733 4717
f 4733 4734 4717
f 4717 4734 4718
f 4734 4735 4718
f 4718 4735 4719
f 4735 4736 4719
f 4719 4736 4720
f 4736 4737 4720
f 4720 4737 4721
f 4737 4738 4721
f 4721 4738 4722
f 4738 4739 4722
f 4722 4739 4723
f 4739 4740 4723
f 4723 4740 4724
f 4740 4741 4724
f 4724 4741 4725
f 4741 4742 4725
f 4725 4742 4726
f 4742 4743 4726
f 4727 4744 4728
f 4744 4745 4728
f 4728 4745 4729
f 4745 4746 4729
f 4729 4746 4730
f 4746 4747 4730
f 4730 4747 4731
f 4747 4748 4731
f 4731 4748 4732
f 4748 4749 4732
f 4732 4749 4733
f 4749 4750 4733
f 4733 4750 4734
f 4750 4751 4734
f 4734 4751 4735
f 4751 4752 4735
f 4735 4752 4736
f 4752 4753 4736
f 4736 4753 4737
f 4753 4754 4737
f 4737 4754 4738
f 4754 4755 4738
f 4738 4755 4739
f 4755 4756 4739
f 4739 4756 4740
f 4756 4757 4740
f 4740 4757 4741
f 4757 4758 4741
f 4741 4758 4742
f 4758 4759 4742
f 4742 4759 4743
f 4759 4760 4743
f 4744 4761 4745
f 4761 4762 4745
f 4745 4762 4746
f 4762 4763 4746
f 4746 4763 4747
f 4763 4764 4747
f 4747 4764 4748
f 4764 4765 4748
f 4748 4765 4749
f 4765 4766 4749
f 4749 4766 4750
f 4766 4767 4750
f 4750 4767 4751
f 4767 4768 4751
f 4751 4768 4752
f 4768 4769 4752
f 4752 4769 4753
f 4769 4770 4753
f 4753 4770 4754
f 4770 4771 4754
f 4754 4771 4755
f 4771 4772 4755
f 4755 4772 4756
f 4772 4773 4756
f 4756 4773 4757
f 4773 4774 4757
f 4757 4774 4758
f 4774 4775 4758
f 4758 4775 4759
f 4775 4776 4759
f 4759 4776 4760
f 4776 4777 4760
f 4761 4778 4762
f 4778 4779 4762
f 4762 4779 4763
f 4779 4780 4763
f 4763 4780 4764
f 4780 4781 4764
f 4764 4781 4765
f 4781 4782 4765
f 4765 4782 4766
f 4782 4783 4766
f 4766 4783 4767
f 4783 4784 4767
f 4767 4784 4768
f 4784 4785 4768
f 4768 4785 4769
f 4785 4786 4769
f 4769 4786 4770
f 4786 4787 4770
f 4770 4787 4771
f 4787 4788 4771
f 4771 4788 4772
f 4788 4789 4772
f 4772 4789 4773
f 4789 4790 4773
f 4773 4790 4774
f 4790 4791 4774
f 4774 4791 4775
f 4791 4792 4775
f 4775 4792 4776
f 4792 4793 4776
f 4776 4793 4777
f 4793 4794 4777
f 4778 4795 4779
f 4795 4796 4779
f 4779 4796 4780
f 4796 4797 4780
f 4780 4797 4781
f 4797 4798 4781
f 4781 4798 4782
f 4798 4799 4782
f 4782 4799 4783
f 4799 4800 4783
f 4783 4800 4784
f 4800 4801 4784
f 4784 4801 4785
f 4801 4802 4785
f 4785 4802 4786
f 4802 4803 4786
f 4786 4803 4787
f 4803 4804 4787
f 4787 4804 4788
f 4804 4805 4788
f 4788 4805 4789
f 4805 4806 4789
f 4789 4806 4790
f 4806 4807 4790
f 4790 4807 4791
f 4807 4808 4791
f 4791 4808 4792
f 4808 4809 4792
f 4792 4809 4793
f 4809 4810 4793
f 4793 4810 4794
f 4810 4811 4794
f 4795 4812 4796
f 4812 4813 4796
f 4796 4813 4797
f 4813 4814 4797
f 4797 4814 4798
f 4814 4815 4798
f 4798 4815 4799
f 4815 4816 4799
f 4799 4816 4800
f 4816 4817 4800
f 4800 4817 4801
f 4817 4818 4801
f 4801 4818 4802
f 4818 4819 4802
f 4802 4819 4803
f 4819 4820 4803
f 4803 4820 4804
f 4820 4821 4804
f 4804 4821 4805
f 4821 4822 4805
f 4805 4822 4806
f 4822 4823 4806
f 4806 4823 4807
f 4823 4824 4807
f 4807 4824 4808
f 4824 4825 4808
f 4808 4825 4809
f 4825 4826 4809
f 4809 4826 4810
f 4826 4827 4810
f 4810 4827 4811
f 4827 4828 4811
f 4812 4829 4813
f 4829 4830 4813
f 4813 4830 4814
f 4830 4831 4814
f 4814 4831 4815
f 4831 4832 4815
f 4815 4832 4816
f 4832 4833 4816
f 4816 4833 4817
f 4833 4834 4817
f 4817 4834 4818
f 4834 4835 4818
f 4818 4835 4819
f 4835 4836 4819
f 4819 4836 4820
f 4836 4837 4820
f 4820 4837 4821
f 4837 4838 4821
f 4821 4838 4822
f 4838 4839 4822
f 4822 4839 4823
f 4839 4840 4823
f 4823 4840 4824
f 4840 4841 4824
f 4824 4841 4825
f 4841 4842 4825
f 4825 4842 4826
f 4842 4843 4826
f 4826 4843 4827
f 4843 4844 4827
f 4827 4844 4828
f 4844 4845 4828
f 4829 4846 4830
f 4846 4847 4830
f 4830 4847 4831
f 4847 4848 4831
f 4831 4848 4832
f 4848 4849 4832
f 4832 4849 4833
f 4849 4850 4833
f 4833 4850 4834
f 4850 4851 4834
f 4834 4851 4835
f 4851 4852 4835
f 4835 4852 4836
f 4852 4853 4836
f 4836 4853 4837
f 4853 4854 4837
f 4837 4854 4838
f 4854 4855 4838
f 4838 4855 4839
f 4855 4856 4839
f 4839 4856 4840
f 4856 4857 4840
f 4840 4857 4841
f 4857 4858 4841
f 4841 4858 4842
f 4858 4859 4842
f 4842 4859 4843
f 4859 4860 4843
f 4843 4860 4844
f 4860 4861 4844
f 4844 4861 4845
f 4861 4862 4845
f 4846 4863 4847
f 4863 4864 4847
f 4847 4864 4848
f 4864 4865 4848
f 4848 4865 4849
f 4865 4866 4849
f 4849 4866 4850
f 4866 4867 4850
f 4850 4867 4851
f 4867 4868 4851
f 4851 4868 4852
f 4868 4869 4852
f 4852 4869 4853
f 4869 4870 4853
f 4853 4870 4854
f 4870 4871 4854
f 4854 4871 4855
f 4871 4872 4855
f 4855 4872 4856
f 4872 4873 4856
f 4856 4873 4857
f 4873 4874 4857
f 4857 4874 4858
f 4874 4875 4858
f 4858 4875 4859
f 4875 4876 4859
f 4859 4876 4860
f 4876 4877 4860
f 4860 4877 4861
f 4877 4878 4861
f 4861 4878 4862
f 4878 4879 4862
f 4863 4880 4864
f 4880 4881 4864
f 4864 4881 4865
f 4881 4882 4865
f 4865 4882 4866
f 4882 4883 4866
f 4866 4883 4867
f 4883 4884 4867
f 4867 4884 4868
f 4884 4885 4868
f 4868 4885 4869
f 4885 4886 4869
f 4869 4886 4870
f 4886 4887 4870
f 4870 4887 4871
f 4887 4888 4871
f 4871 4888 4872
f 4888 4889 4872
f 4872 4889 4873
f 4889 4890 4873
f 4873 4890 4874
f 4890 4891 4874
f 4874 4891 4875
f 4891 4892 4875
f 4875 4892 4876
f 4892 4893 4876
f 4876 4893 4877
f 4893 4894 4877
f 4877 4894 4878
f 4894 4895 4878
f 4878 4895 4879
f 4895 4896 4879
f 4880 4897 4881
f 4897 4898 4881
f 4881 4898 4882
f 4898 4899 4882
f 4882 4899 4883
f 4899 4900 4883
f 4883 4900 4884
f 4900 4901 4884
f 4884 4901 4885
f 4901 4902 4885
f 4885 4902 4886
f 4902 4903 4886
f 4886 4903 4887
f 4903 4904 4887
f 4887 4904 4888
f 4904 4905 4888
f 4888 4905 4889
f 4905 4906 4889
f 4889 4906 4890
f 4906 4907 4890
f 4890 4907 4891
f 4907 4908 4891
f 4891 4908 4892
f 4908 4909 4892
f 4892 4909 4893
f 4909 4910 4893
f 4893 4910 4894
f 4910 4911 4894
f 4894 4911 4895
f 4911 4912 4895
f 4895 4912 4896
f 4912 4913 4896
f 4897 4914 4898
f 4914 4915 4898
f 4898 4915 4899
f 4915 4916 4899
f 4899 4916 4900
f 4916 4917 4900
f 4900 4917 4901
f 4917 4918 4901
f 4901 4918 4902
f 4918 4919 4902
f 4902 4919 4903
f 4919 4920 4903
f 4903 4920 4904
f 4920 4921 4904
f 4904 4921 4905
f 4921 4922 4905
f 4905 4922 4906
f 4922 4923 4906
f 4906 4923 4907
f 4923 4924 4907
f 4907 4924 4908
f 4924 4925 4908
f 4908 4925 4909
f 4925 4926 4909
f 4909 4926 4910
f 4926 4927 4910
f 4910 4927 4911
f 4927 4928 4911
f 4911 4928 4912
f 4928 4929 4912
f 4912 4929 4913
f 4929 4930 4913
f 4914 4931 4915
f 4931 4932 4915
f 4915 4932 4916
f 4932 4933 4916
f 4916 4933 4917
f 4933 4934 4917
f 4917 4934 4918
f 4934 4935 4918
f 4918 4935 4919
f 4935 4936 4919
f 4919 4936 4920
f 4936 4937 4920
f 4920 4937 4921
f 4937 4938 4921
f 4921 4938 4922
f 4938 4939 4922
f 4922 4939 4923
f 4939 4940 4923
f 4923 4940 4924
f 4940 4941 4924
f 4924 4941 4925
f 4941 4942 4925
f 4925 4942 4926
f 4942 4943 4926
f 4926 4943 4927
f 4943 4944 4927
f 4927 4944 4928
f 4944 4945 4928
f 4928 4945 4929
f 4945 4946 4929
f 4929 4946 4930
f 4946 4947 4930
f 4931 4948 4932
f 4948 4949 4932
f 4932 4949 4933
f 4949 4950 4933
f 4933 4950 4934
f 4950 4951 4934
f 4934 4951 4935
f 4951 4952 4935
f 4935 4952 4936
f 4952 4953 4936
f 4936 4953 4937
f 4953 4954 4937
f 4937 4954 4938
f 4954 4955 4938
f 4938 4955 4939
f 4955 4956 4939
f 4939 4956 4940
f 4956 4957 4940
f 4940 4957 4941
f 4957 4958 4941
f 4941 4958 4942
f 4958 4959 4942
f 4942 4959 4943
f 4959 4960 4943
f 4943 4960 4944
f 4960 4961 4944
f 4944 4961 4945
f 4961 4962 4945
f 4945 4962 4946
f 4962 4963 4946
f 4946 4963 4947
f 4963 4964 4947
f 4948 4965 4949
f 4965 4966 4949
f 4949 4966 4950
f 4966 4967 4950
f 4950 4967 4951
f 4967 4968 4951
f 4951 4968 4952
f 4968 4969 4952
f 4952 4969 4953
f 4969 4970 4953
f 4953 4970 4954
f 4970 4971 4954
f 4954 4971 4955
f 4971 4972 4955
f 4955 4972 4956
f 4972 4973 4956
f 4956 4973 4957
f 4973 4974 4957
f 4957 4974 4958
f 4974 4975 4958
f 4958 4975 4959
f 4975 4976 4959
f 4959 4976 4960
f 4976 4977 4960
f 4960 4977 4961
f 4977 4978 4961
f 4961 4978 4962
f 4978 4979 4962
f 4962 4979 4963
f 4979 4980 4963
f 4963 4980 4964
f 4980 4981 4964
f 4965 4982 4966
f 4982 4983 4966
f 4966 4983 4967
f 4983 4984 4967
f 4967 4984 4968
f 4984 4985 4968
f 4968 4985 4969
f 4985 4986 4969
f 4969 4986 4970
f 4986 4987 4970
f 4970 4987 4971
f 4987 4988 4971
f 4971 4988 4972
f 4988 4989 4972
f 4972 4989 4973
f 4989 4990 4973
f 4973 4990 4974
f 4990 4991 4974
f 4974 4991 4975
f 4991 4992 4975
f 4975 4992 4976
f 4992 4993 4976
f 4976 4993 4977
f 4993 4994 4977
f 4977 4994 4978
f 4994 4995 4978
f 4978 4995 4979
f 4995 4996 4979
f 4979 4996 4980
f 4996 4997 4980
f 4980 4997 4981
f 4997 4998 4981
f 4982 4999 4983
f 4999 5000 4983
f 4983 5000 4984
f 5000 5001 4984
f 4984 5001 4985
f 5001 5002 4985
f 4985 5002 4986
f 5002 5003 4986
f 4986 5003 4987
f 5003 5004 4987
f 4987 5004 4988
f 5004 5005 4988
f 4988 5005 4989
f 5005 5006 4989
f 4989 5006 4990
f 5006 5007 4990
f 4990 5007 4991
f 5007 5008 4991
f 4991 5008 4992
f 5008 5009 4992
f 4992 5009 4993
f 5009 5010 4993
f 4993 5010 4994
f 5010 5011 4994
f 4994 5011 4995
f 5011 5012 4995
f 4995 5012 4996
f 5012 5013 4996
f 4996 5013 4997
f 5013 5014 4997
f 4997 5014 4998
f 5014 5015 4998
f 4999 5016 5000
f 5016 5017 5000
f 5000 5017 5001
f 5017 5018 5001
f 5001 5018 5002
f 5018 5019 5002
f 5002 5019 5003
f 5019 5020 5003
f 5003 5020 5004
f 5020 5021 5004
f 5004 5021 5005
f 5021 5022 5005
f 5005 5022 5006
f 5022 5023 5006
f 5006 5023 5007
f 5023 5024 5007
f 5007 5024 5008
f 5024 5025 5008
f 5008 5025 5009
f 5025 5026 5009
f 5009 5026 5010
f 5026 5027 5010
f 5010 5027 5011
f 5027 5028 5011
f 5011 5028 5012
f 5028 5029 5012
f 5012 5029 5013
f 5029 5030 5013
f 5013 5030 5014
f 5030 5031 5014
f 5014 5031 5015
f 5031 5032 5015
f 5016 5033 5017
f 5033 5034 5017
f 5017 5034 5018
f 5034 5035 5018
f 5018 5035 5019
f 5035 5036 5019
f 5019 5036 5020
f 5036 5037 5020
f 5020 5037 5021
f 5037 5038 5021
f 5021 5038 5022
f 5038 5039 5022
f 5022 5039 5023
f 5039 5040 5023
f 5023 5040 5024
f 5040 5041 5024
f 5024 5041 5025
f 5041 5042 5025
f 5025 5042 5026
f 5042 5043 5026
f 5026 5043 5027
f 5043 5044 5027
f 5027 5044 5028
f 5044 5045 5028
f 5028 5045 5029
f 5045 5046 5029
f 5029 5046 5030
f 5046 5047 5030
f 5030 5047 5031
f 5047 5048 5031
f 5031 5048 5032
f 5048 5049 5032
f 5033 5050 5034
f 5050 5051 5034
f 5034 5051 5035
f 5051 5052 5035
f 5035 5052 5036
f 5052 5053 5036
f 5036 5053 5037
f 5053 5054 5037
f 5037 5054 5038
f 5054 5055 5038
f 5038 5055 5039
f 5055 5056 5039
f 5039 5056 5040
f 5056 5057 5040
f 5040 5057 5041
f 5057 5058 5041
f 5041 5058 5042
f 5058 5059 5042
f 5042 5059 5043
f 5059 5060 5043
f 5043 5060 5044
f 5060 5061 5044
f 5044 5061 5045
f 5061 5062 5045
f 5045 5062 5046
f 5062 5063 5046
f 5046 5063 5047
f 5063 5064 5047
f 5047 5064 5048
f 5064 5065 5048
f 5048 5065 5049
f 5065 5066 5049
f 5050 5067 5051
f 5067 5068 5051
f 5051 5068 5052
f 5068 5069 5052
f 5052 5069 5053
f 5069 5070 5053
f 5053 5070 5054
f 5070 5071 5054
f 5054 5071 5055
f 5071 5072 5055
f 5055 5072 5056
f 5072 5073 5056
f 5056 5073 5057
f 5073 5074 5057
f 5057 5074 5058
f 5074 5075 5058
f 5058 5075 5059
f 5075 5076 5059
f 5059 5076 5060
f 5076 5077 5060
f 5060 5077 5061
f 5077 5078 5061
f 5061 5078 5062
f 5078 5079 5062
f 5062 5079 5063
f 5079 5080 5063
f 5063 5080 5064
f 5080 5081 5064
f 5064 5081 5065
f 5081 5082 5065
f 5065 5082 5066
f 5082 5083 5066
f 5067 5084 5068
f 5084 5085 5068
f 5068 5085 5069
f 5085 5086 5069
f 5069 5086 5070
f 5086 5087 5070
f 5070 5087 5071
f 5087 5088 5071
f 5071 5088 5072
f 5088 5089 5072
f 5072 5089 5073
f 5089 5090 5073
f 5073 5090 5074
f 5090 5091 5074
f 5074 5091 5075
f 5091 5092 5075
f 5075 5092 5076
f 5092 5093 5076
f 5076 5093 5077
f 5093 5094 5077
f 5077 5094 5078
f 5094 5095 5078
f 5078 5095 5079
f 5095 5096 5079
f 5079 5096 5080
f 5096 5097 5080
f 5080 5097 5081
f 5097 5098 5081
f 5081 5098 5082
f 5098 5099 5082
f 5082 5099 5083
f 5099 5100 5083
f 5084 5101 5085
f 5101 5102 5085
f 5085 5102 5086
f 5102 5103 5086
f 5086 5103 5087
f 5103 5104 5087
f 5087 5104 5088
f 5104 5105 5088
f 5088 5105 5089
f 5105 5106 5089
f 5089 5106 5090
f 5106 5107 5090
f 5090 5107 5091
f 5107 5108 5091
f 5091 5108 5092
f 5108 5109 5092
f 5092 5109 5093
f 5109 5110 5093
f 5093 5110 5094
f 5110 5111 5094
f 5094 5111 5095
f 5111 5112 5095
f 5095 5112 5096
f 5112 5113 5096
f 5096 5113 5097
f 5113 5114 5097
f 5097 5114 5098
f 5114 5115 5098
f 5098 5115 5099
f 5115 5116 5099
f 5099 5116 5100
f 5116 5117 5100
f 5101 5118 5102
f 5118 5119 5102
f 5102 5119 5103
f 5119 5120 5103
f 5103 5120 5104
f 5120 5121 5104
f 5104 5121 5105
f 5121 5122 5105
f 5105 5122 5106
f 5122 5123 5106
f 5106 5123 5107
f 5123 5124 5107
f 5107 5124 5108
f 5124 5125 5108
f 5108 5125 5109
f 5125 5126 5109
f 5109 5126 5110
f 5126 5127 5110
f 5110 5127 5111
f 5127 5128 5111
f 5111 5128 5112
f 5128 5129 5112
f 5112 5129 5113
f 5129 5130 5113
f 5113 5130 5114
f 5130 5131 5114
f 5114 5131 5115
f 5131 5132 5115
f 5115 5132 5116
f 5132 5133 5116
f 5116 5133 5117
f 5133 5134 5117
f 5118 5135 5119
f 5135 5136 5119
f 5119 5136 5120
f 5136 5137 5120
f 5120 5137 5121
f 5137 5138 5121
f 5121 5138 5122
f 5138 5139 5122
f 5122 5139 5123
f 5139 5140 5123
f 5123 5140 5124
f 5140 5141 5124
f 5124 5141 5125
f 5141 5142 5125
f 5125 5142 5126
f 5142 5143 5126
f 5126 5143 5127
f 5143 5144 5127
f 5127 5144 5128
f 5144 5145 5128
f 5128 5145 5129
f 5145 5146 5129
f 5129 5146 5130
f 5146 5147 5130
f 5130 5147 5131
f 5147 5148 5131
f 5131 5148 5132
f 5148 5149 5132
f 5132 5149 5133
f 5149 5150 5133
f 5133 5150 5134
f 5150 5151 5134
f 5135 5152 5136
f 5152 5153 5136
f 5136 5153 5137
f 5153 5154 5137
f 5137 5154 5138
f 5154 5155 5138
f 5138 5155 5139
f 5155 5156 5139
f 5139 5156 5140
f 5156 5157 5140
f 5140 5157 5141
f 5157 5158 5141
f 5141 5158 5142
f 5158 5159 5142
f 5142 5159 5143
f 5159 5160 5143
f 5143 5160 5144
f 5160 5161 5144
f 5144 5161 5145
f 5161 5162 5145
f 5145 5162 5146
f 5162 5163 5146
f 5146 5163 5147
f 5163 5164 5147
f 5147 5164 5148
f 5164 5165 5148
f 5148 5165 5149
f 5165 5166 5149
f 5149 5166 5150
f 5166 5167 5150
f 5150 5167 5151
f 5167 5168 5151
f 5152 5169 5153
f 5169 5170 5153
f 5153 5170 5154
f 5170 5171 5154
f 5154 5171 5155
f 5171 5172 5155
f 5155 5172 5156
f 5172 5173 5156
f 5156 5173 5157
f 5173 5174 5157
f 5157 5174 5158
f 5174 5175 5158
f 5158 5175 5159
f 5175 5176 5159
f 5159 5176 5160
f 5176 5177 5160
f 5160 5177 5161
f 5177 5178 5161
f 5161 5178 5162
f 5178 5179 5162
f 5162 5179 5163
f 5179 5180 5163
f 5163 5180 5164
f 5180 5181 5164
f 5164 5181 5165
f 5181 5182 5165
f 5165 5182 5166
f 5182 5183 5166
f 5166 5183 5167
f 5183 5184 5167
f 5167 5184 5168
f 5184 5185 5168
f 5169 5186 5170
f 5186 5187 5170
f 5170 5187 5171
f 5187 5188 5171
f 5171 5188 5172
f 5188 5189 5172
f 5172 5189 5173
f 5189 5190 5173
f 5173 5190 5174
f 5190 5191 5174
f 5174 5191 5175
f 5191 5192 5175
f 5175 5192 5176
f 5192 5193 5176
f 5176 5193 5177
f 5193 5194 5177
f 5177 5194 5178
f 5194 5195 5178
f 5178 5195 5179
f 5195 5196 5179
f 5179 5196 5180
f 5196 5197 5180
f 5180 5197 5181
f 5197 5198 5181
f 5181 5198 5182
f 5198 5199 5182
f 5182 5199 5183
f 5199 5200 5183
f 5183 5200 5184
f 5200 5201 5184
f 5184 5201 5185
f 5201 5202 5185
f 5186 5203 5187
f 5203 5204 5187
f 5187 5204 5188
f 5204 5205 5188
f 5188 5205 5189
f 5205 5206 5189
f 5189 5206 5190
f 5206 5207 5190
f 5190 5207 5191
f 5207 5208 5191
f 5191 5208 5192
f 5208 5209 5192
f 5192 5209 5193
f 5209 5210 5193
f 5193 5210 5194
f 5210 5211 5194
f 5194 5211 5195
f 5211 5212 5195
f 5195 5212 5196
f 5212 5213 5196
f 5196 5213 5197
f 5213 5214 5197
f 5197 5214 5198
f 5214 5215 5198
f 5198 5215 5199
f 5215 5216 5199
f 5199 5216 5200
f 5216 5217 5200
f 5200 5217 5201
f 5217 5218 5201
f 5201 5218 5202
f 5218 5219 5202
f 5203 5220 5204
f 5220 5221 5204
f 5204 5221 5205
f 5221 5222 5205
f 5205 5222 5206
f 5222 5223 5206
f 5206 5223 5207
f 5223 5224 5207
f 5207 5224 5208
f 5224 5225 5208
f 5208 5225 5209
f 5225 5226 5209
f 5209 5226 5210
f 5226 5227 5210
f 5210 5227 5211
f 5227 5228 5211
f 5211 5228 5212
f 5228 5229 5212
f 5212 5229 5213
f 5229 5230 5213
f 5213 5230 5214
f 5230 5231 5214
f 5214 5231 5215
f 5231 5232 5215
f 5215 5232 5216
f 5232 5233 5216
f 5216 5233 5217
f 5233 5234 5217
f 5217 5234 5218
f 5234 5235 5218
f 5218 5235 5219
f 5235 5236 5219
f 5220 5237 5221
f 5237 5238 5221
f 5221 5238 5222
f 5238 5239 5222
f 5222 5239 5223
f 5239 5240 5223
f 5223 5240 5224
f 5240 5241 5224
f 5224 5241 5225
f 5241 5242 5225
f 5225 5242 5226
f 5242 5243 5226
f 5226 5243 5227
f 5243 5244 5227
f 5227 5244 5228
f 5244 5245 5228
f 5228 5245 5229
f 5245 5246 5229
f 5229 5246 5230
f 5246 5247 5230
f 5230 5247 5231
f 5247 5248 5231
f 5231 5248 5232
f 5248 5249 5232
f 5232 5249 5233
f 5249 5250 5233
f 5233 5250 5234
f 5250 5251 5234
f 5234 5251 5235
f 5251 5252 5235
f 5235 5252 5236
f 5252 5253 5236
f 5237 5254 5238
f 5254 5255 5238
f 5238 5255 5239
f 5255 5256 5239
f 5239 5256 5240
f 5256 5257 5240
f 5240 5257 5241
f 5257 5258 5241
f 5241 5258 5242
f 5258 5259 5242
f 5242 5259 5243
f 5259 5260 5243
f 5243 5260 5244
f 5260 5261 5244
f 5244 5261 5245
f 5261 5262 5245
f 5245 5262 5246
f 5262 5263 5246
f 5246 5263 5247
f 5263 5264 5247
f 5247 5264 5248
f 5264 5265 5248
f 5248 5265 5249
f 5265 5266 5249
f 5249 5266 5250
f 5266 5267 5250
f 5250 5267 5251
f 5267 5268 5251
f 5251 5268 5252
f 5268 5269 5252
f 5252 5269 5253
f 5269 5270 5253
f 5254 5271 5255
f 5271 5272 5255
f 5255 5272 5256
f 5272 5273 5256
f 5256 5273 5257
f 5273 5274 5257
f 5257 5274 5258
f 5274 5275 5258
f 5258 5275 5259
f 5275 5276 5259
f 5259 5276 5260
f 5276 5277 5260
f 5260 5277 5261
f 5277 5278 5261
f 5261 5278 5262
f 5278 5279 5262
f 5262 5279 5263
f 5279 5280 5263
f 5263 5280 5264
f 5280 5281 5264
f 5264 5281 5265
f 5281 5282 5265
f 5265 5282 5266
f 5282 5283 5266
f 5266 5283 5267
f 5283 5284 5267
f 5267 5284 5268
f 5284 5285 5268
f 5268 5285 5269
f 5285 5286 5269
f 5269 5286 5270
f 5286 5287 5270
f 5271 5288 5272
f 5288 5289 5272
f 5272 5289 5273
f 5289 5290 5273
f 5273 5290 5274
f 5290 5291 5274
f 5274 5291 5275
f 5291 5292 5275
f 5275 5292 5276
f 5292 5293 5276
f 5276 5293 5277
f 5293 5294 5277
f 5277 5294 5278
f 5294 5295 5278
f 5278 5295 5279
f 5295 5296 5279
f 5279 5296 5280
f 5296 5297 5280
f 5280 5297 5281
f 5297 5298 5281
f 5281 5298 5282
f 5298 5299 5282
f 5282 5299 5283
f 5299 5300 5283
f 5283 5300 5284
f 5300 5301 5284
f 5284 5301 5285
f 5301 5302 5285
f 5285 5302 5286
f 5302 5303 5286
f 5286 5303 5287
f 5303 5304 5287
f 5288 5305 5289
f 5305 5306 5289
f 5289 5306 5290
f 5306 5307 5290
f 5290 5307 5291
f 5307 5308 5291
f 5291 5308 5292
f 5308 5309 5292
f 5292 5309 5293
f 5309 5310 5293
f 5293 5310 5294
f 5310 5311 5294
f 5294 5311 5295
f 5311 5312 5295
f 5295 5312 5296
f 5312 5313 5296
f 5296 5313 5297
f 5313 5314 5297
f 5297 5314 5298
f 5314 5315 5298
f 5298 5315 5299
f 5315 5316 5299
f 5299 5316 5300
f 5316 5317 5300
f 5300 5317 5301
f 5317 5318 5301
f 5301 5318 5302
f 5318 5319 5302
f 5302 5319 5303
f 5319 5320 5303
f 5303 5320 5304
f 5320 5321 5304
f 5305 5322 5306
f 5322 5323 5306
f 5306 5323 5307
f 5323 5324 5307
f 5307 5324 5308
f 5324 5325 5308
f 5308 5325 5309
f 5325 5326 5309
f 5309 5326 5310
f 5326 5327 5310
f 5310 5327 5311
f 5327 5328 5311
f 5311 5328 5312
f 5328 5329 5312
f 5312 5329 5313
f 5329 5330 5313
f 5313 5330 5314
f 5330 5331 5314
f 5314 5331 5315
f 5331 5332 5315
f 5315 5332 5316
f 5332 5333 5316
f 5316 5333 5317
f 5333 5334 5317
f 5317 5334 5318
f 5334 5335 5318
f 5318 5335 5319
f 5335 5336 5319
f 5319 5336 5320
f 5336 5337 5320
f 5320 5337 5321
f 5337 5338 5321
f 5322 5339 5323
f 5339 5340 5323
f 5323 5340 5324
f 5340 5341 5324
f 5324 5341 5325
f 5341 5342 5325
f 5325 5342 5326
f 5342 5343 5326
f 5326 5343 5327
f 5343 5344 5327
f 5327 5344 5328
f 5344 5345 5328
f 5328 5345 5329
f 5345 5346 5329
f 5329 5346 5330
f 5346 5347 5330
f 5330 5347 5331
f 5347 5348 5331
f 5331 5348 5332
f 5348 5349 5332
f 5332 5349 5333
f 5349 5350 5333
f 5333 5350 5334
f 5350 5351 5334
f 5334 5351 5335
f 5351 5352 5335
f 5335 5352 5336
f 5352 5353 5336
f 5336 5353 5337
f 5353 5354 5337
f 5337 5354 5338
f 5354 5355 5338
f 5339 5356 5340
f 5356 5357 5340
f 5340 5357 5341
f 5357 5358 5341
f 5341 5358 5342
f 5358 5359 5342
f 5342 5359 5343
f 5359 5360 5343
f 5343 5360 5344
f 5360 5361 5344
f 5344 5361 5345
f 5361 5362 5345
f 5345 5362 5346
f 5362 5363 5346
f 5346 5363 5347
f 5363 5364 5347
f 5347 5364 5348
f 5364 5365 5348
f 5348 5365 5349
f 5365 5366 5349
f 5349 5366 5350
f 5366 5367 5350
f 5350 5367 5351
f 5367 5368 5351
f 5351 5368 5352
f 5368 5369 5352
f 5352 5369 5353
f 5369 5370 5353
f 5353 5370 5354
f 5370 5371 5354
f 5354 5371 5355
f 5371 5372 5355
f 5356 5373 5357
f 5373 5374 5357
f 5357 5374 5358
f 5374 5375 5358
f 5358 5375 5359
f 5375 5376 5359
f 5359 5376 5360
f 5376 5377 5360
f 5360 5377 5361
f 5377 5378 5361
f 5361 5378 5362
f 5378 5379 5362
f 5362 5379 5363
f 5379 5380 5363
f 5363 5380 5364
f 5380 5381 5364
f 5364 5381 5365
f 5381 5382 5365
f 5365 5382 5366
f 5382 5383 5366
f 5366 5383 5367
f 5383 5384 5367
f 5367 5384 5368
f 5384 5385 5368
f 5368 5385 5369
f 5385 5386 5369
f 5369 5386 5370
f 5386 5387 5370
f 5370 5387 5371
f 5387 5388 5371
f 5371 5388 5372
f 5388 5389 5372
f 5373 5390 5374
f 5390 5391 5374
f 5374 5391 5375
f 5391 5392 5375
f 5375 5392 5376
f 5392 5393 5376
f 5376 5393 5377
f 5393 5394 5377
f 5377 5394 5378
f 5394 5395 5378
f 5378 5395 5379
f 5395 5396 5379
f 5379 5396 5380
f 5396 5397 5380
f 5380 5397 5381
f 5397 5398 5381
f 5381 5398 5382
f 5398 5399 5382
f 5382 5399 5383
f 5399 5400 5383
f 5383 5400 5384
f 5400 5401 5384
f 5384 5401 5385
f 5401 5402 5385
f 5385 5402 5386
f 5402 5403 5386
f 5386 5403 5387
f 5403 5404 5387
f 5387 5404 5388
f 5404 5405 5388
f 5388 5405 5389
f 5405 5406 5389
f 5390 5407 5391
f 5407 5408 5391
f 5391 5408 5392
f 5408 5409 5392
f 5392 5409 5393
f 5409 5410 5393
f 5393 5410 5394
f 5410 5411 5394
f 5394 5411 5395
f 5411 5412 5395
f 5395 5412 5396
f 5412 5413 5396
f 5396 5413 5397
f 5413 5414 5397
f 5397 5414 5398
f 5414 5415 5398
f 5398 5415 5399
f 5415 5416 5399
f 5399 5416 5400
f 5416 5417 5400
f 5400 5417 5401
f 5417 5418 5401
f 5401 5418 5402
f 5418 5419 5402
f 5402 5419 5403
f 5419 5420 5403
f 5403 5420 5404
f 5420 5421 5404
f 5404 5421 5405
f 5421 5422 5405
f 5405 5422 5406
f 5422 5423 5406
f 5407 5424 5408
f 5424 5425 5408
f 5408 5425 5409
f 5425 5426 5409
f 5409 5426 5410
f 5426 5427 5410
f 5410 5427 5411
f 5427 5428 5411
f 5411 5428 5412
f 5428 5429 5412
f 5412 5429 5413
f 5429 5430 5413
f 5413 5430 5414
f 5430 5431 5414
f 5414 5431 5415
f 5431 5432 5415
f 5415 5432 5416
f 5432 5433 5416
f 5416 5433 5417
f 5433 5434 5417
f 5417 5434 5418
f 5434 5435 5418
f 5418 5435 5419
f 5435 5436 5419
f 5419 5436 5420
f 5436 5437 5420
f 5420 5437 5421
f 5437 5438 5421
f 5421 5438 5422
f 5438 5439 5422
f 5422 5439 5423
f 5439 5440 5423
f 5424 5441 5425
f 5441 5442 5425
f 5425 5442 5426
f 5442 5443 5426
f 5426 5443 5427
f 5443 5444 5427
f 5427 5444 5428
f 5444 5445 5428
f 5428 5445 5429
f 5445 5446 5429
f 5429 5446 5430
f 5446 5447 5430
f 5430 5447 5431
f 5447 5448 5431
f 5431 5448 5432
f 5448 5449 5432
f 5432 5449 5433
f 5449 5450 5433
f 5433 5450 5434
f 5450 5451 5434
f 5434 5451 5435
f 5451 5452 5435
f 5435 5452 5436
f 5452 5453 5436
f 5436 5453 5437
f 5453 5454 5437
f 5437 5454 5438
f 5454 5455 5438
f 5438 5455 5439
f 5455 5456 5439
f 5439 5456 5440
f 5456 5457 5440
f 5441 5458 5442
f 5458 5459 5442
f 5442 5459 5443
f 5459 5460 5443
f 5443 5460 5444
f 5460 5461 5444
f 5444 5461 5445
f 5461 5462 5445
f 5445 5462 5446
f 5462 5463 5446
f 5446 5463 5447
f 5463 5464 5447
f 5447 5464 5448
f 5464 5465 5448
f 5448 5465 5449
f 5465 5466 5449
f 5449 5466 5450
f 5466 5467 5450
f 5450 5467 5451
f 5467 5468 5451
f 5451 5468 5452
f 5468 5469 5452
f 5452 5469 5453
f 5469 5470 5453
f 5453 5470 5454
f 5470 5471 5454
f 5454 5471 5455
f 5471 5472 5455
f 5455 5472 5456
f 5472 5473 5456
f 5456 5473 5457
f 5473 5474 5457
f 5458 5475 5459
f 5475 5476 5459
f 5459 5476 5460
f 5476 5477 5460
f 5460 5477 5461
f 5477 5478 5461
f 5461 5478 5462
f 5478 5479 5462
f 5462 5479 5463
f 5479 5480 5463
f 5463 5480 5464
f 5480 5481 5464
f 5464 5481 5465
f 5481 5482 5465
f 5465 5482 5466
f 5482 5483 5466
f 5466 5483 5467
f 5483 5484 5467
f 5467 5484 5468
f 5484 5485 5468
f 5468 5485 5469
f 5485 5486 5469
f 5469 5486 5470
f 5486 5487 5470
f 5470 5487 5471
f 5487 5488 5471
f 5471 5488 5472
f 5488 5489 5472
f 5472 5489 5473
f 5489 5490 5473
f 5473 5490 5474
f 5490 5491 5474
f 5475 5492 5476
f 5492 5493 5476
f 5476 5493 5477
f 5493 5494 5477
f 5477 5494 5478
f 5494 5495 5478
f 5478 5495 5479
f 5495 5496 5479
f 5479 5496 5480
f 5496 5497 5480
f 5480 5497 5481
f 5497 5498 5481
f 5481 5498 5482
f 5498 5499 5482
f 5482 5499 5483
f 5499 5500 5483
f 5483 5500 5484
f 5500 5501 5484
f 5484 5501 5485
f 5501 5502 5485
f 5485 5502 5486
f 5502 5503 5486
f 5486 5503 5487
f 5503 5504 5487
f 5487 5504 5488
f 5504 5505 5488
f 5488 5505 5489
f 5505 5506 5489
f 5489 5506 5490
f 5506 5507 5490
f 5490 5507 5491
f 5507 5508 5491
f 5492 5509 5493
f 5509 5510 5493
f 5493 5510 5494
f 5510 5511 5494
f 5494 5511 5495
f 5511 5512 5495
f 5495 5512 5496
f 5512 5513 5496
f 5496 5513 5497
f 5513 5514 5497
f 5497 5514 5498
f 5514 5515 5498
f 5498 5515 5499
f 5515 5516 5499
f 5499 5516 5500
f 5516 5517 5500
f 5500 5517 5501
f 5517 5518 5501
f 5501 5518 5502
f 5518 5519 5502
f 5502 5519 5503
f 5519 5520 5503
f 5503 5520 5504
f 5520 5521 5504
f 5504 5521 5505
f 5521 5522 5505
f 5505 5522 5506
f 5522 5523 5506
f 5506 5523 5507
f 5523 5524 5507
f 5507 5524 5508
f 5524 5525 5508
f 5509 5526 5510
f 5526 5527 5510
f 5510 5527 5511
f 5527 5528 5511
f 5511 5528 5512
f 5528 5529 5512
f 5512 5529 5513
f 5529 5530 5513
f 5513 5530 5514
f 5530 5531 5514
f 5514 5531 5515
f 5531 5532 5515
f 5515 5532 5516
f 5532 5533 5516
f 5516 5533 5517
f 5533 5534 5517
f 5517 5534 5518
f 5534 5535 5518
f 5518 5535 5519
f 5535 5536 5519
f 5519 5536 5520
f 5536 5537 5520
f 5520 5537 5521
f 5537 5538 5521
f 5521 5538 5522
f 5538 5539 5522
f 5522 5539 5523
f 5539 5540 5523
f 5523 5540 5524
f 5540 5541 5524
f 5524 5541 5525
f 5541 5542 5525
f 5526 5543 5527
f 5543 5544 5527
f 5527 5544 5528
f 5544 5545 5528
f 5528 5545 5529
f 5545 5546 5529
f 5529 5546 5530
f 5546 5547 5530
f 5530 5547 5531
f 5547 5548 5531
f 5531 5548 5532
f 5548 5549 5532
f 5532 5549 5533
f 5549 5550 5533
f 5533 5550 5534
f 5550 5551 5534
f 5534 5551 5535
f 5551 5552 5535
f 5535 5552 5536
f 5552 5553 5536
f 5536 5553 5537
f 5553 5554 5537
f 5537 5554 5538
f 5554 5555 5538
f 5538 5555 5539
f 5555 5556 5539
f 5539 5556 5540
f 5556 5557 5540
f 5540 5557 5541
f 5557 5558 5541
f 5541 5558 5542
f 5558 5559 5542
f 5543 5560 5544
f 5560 5561 5544
f 5544 5561 5545
f 5561 5562 5545
f 5545 5562 5546
f 5562 5563 5546
f 5546 5563 5547
f 5563 5564 5547
f 5547 5564 5548
f 5564 5565 5548
f 5548 5565 5549
f 5565 5566 5549
f 5549 5566 5550
f 5566 5567 5550
f 5550 5567 5551
f 5567 5568 5551
f 5551 5568 5552
f 5568 5569 5552
f 5552 5569 5553
f 5569 5570 5553
f 5553 5570 5554
f 5570 5571 5554
f 5554 5571 5555
f 5571 5572 5555
f 5555 5572 5556
f 5572 5573 5556
f 5556 5573 5557
f 5573 5574 5557
f 5557 5574 5558
f 5574 5575 5558
f 5558 5575 5559
f 5575 5576 5559
f 5560 5577 5561
f 5577 5578 5561
f 5561 5578 5562
f 5578 5579 5562
f 5562 5579 5563
f 5579 5580 5563
f 5563 5580 5564
f 5580 5581 5564
f 5564 5581 5565
f 5581 5582 5565
f 5565 5582 5566
f 5582 5583 5566
f 5566 5583 5567
f 5583 5584 5567
f 5567 5584 5568
f 5584 5585 5568
f 5568 5585 5569
f 5585 5586 5569
f 5569 5586 5570
f 5586 5587 5570
f 5570 5587 5571
f 5587 5588 5571
f 5571 5588 5572
f 5588 5589 5572
f 5572 5589 5573
f 5589 5590 5573
f 5573 5590 5574
f 5590 5591 5574
f 5574 5591 5575
f 5591 5592 5575
f 5575 5592 5576
f 5592 5593 5576
f 5577 5594 5578
f 5594 5595 5578
f 5578 5595 5579
f 5595 5596 5579
f 5579 5596 5580
f 5596 5597 5580
f 5580 5597 5581
f 5597 5598 5581
f 5581 5598 5582
f 5598 5599 5582
f 5582 5599 5583
f 5599 5600 5583
f 5583 5600 5584
f 5600 5601 5584
f 5584 5601 5585
f 5601 5602 5585
f 5585 5602 5586
f 5602 5603 5586
f 5586 5603 5587
f 5603 5604 5587
f 5587 5604 5588
f 5604 5605 5588
f 5588 5605 5589
f 5605 5606 5589
f 5589 5606 5590
f 5606 5607 5590
f 5590 5607 5591
f 5607 5608 5591
f 5591 5608 5592
f 5608 5609 5592
f 5592 5609 5593
f 5609 5610 5593
f 5594 5611 5595
f 5611 5612 5595
f 5595 5612 5596
f 5612 5613 5596
f 5596 5613 5597
f 5613 5614 5597
f 5597 5614 5598
f 5614 5615 5598
f 5598 5615 5599
f 5615 5616 5599
f 5599 5616 5600
f 5616 5617 5600
f 5600 5617 5601
f 5617 5618 5601
f 5601 5618 5602
f 5618 5619 5602
f 5602 5619 5603
f 5619 5620 5603
f 5603 5620 5604
f 5620 5621 5604
f 5604 5621 5605
f 5621 5622 5605
f 5605 5622 5606
f 5622 5623 5606
f 5606 5623 5607
f 5623 5624 5607
f 5607 5624 5608
f 5624 5625 5608
f 5608 5625 5609
f 5625 5626 5609
f 5609 5626 5610
f 5626 5627 5610
f 5611 5628 5612
f 5628 5629 5612
f 5612 5629 5613
f 5629 5630 5613
f 5613 5630 5614
f 5630 5631 5614
f 5614 5631 5615
f 5631 5632 5615
f 5615 5632 5616
f 5632 5633 5616
f 5616 5633 5617
f 5633 5634 5617
f 5617 5634 5618
f 5634 5635 5618
f 5618 5635 5619
f 5635 5636 5619
f 5619 5636 5620
f 5636 5637 5620
f 5620 5637 5621
f 5637 5638 5621
f 5621 5638 5622
f 5638 5639 5622
f 5622 5639 5623
f 5639 5640 5623
f 5623 5640 5624
f 5640 5641 5624
f 5624 5641 5625
f 5641 5642 5625
f 5625 5642 5626
f 5642 5643 5626
f 5626 5643 5627
f 5643 5644 5627
f 5628 5645 5629
f 5645 5646 5629
f 5629 5646 5630
f 5646 5647 5630
f 5630 5647 5631
f 5647 5648 5631
f 5631 5648 5632
f 5648 5649 5632
f 5632 5649 5633
f 5649 5650 5633
f 5633 5650 5634
f 5650 5651 5634
f 5634 5651 5635
f 5651 5652 5635
f 5635 5652 5636
f 5652 5653 5636
f 5636 5653 5637
f 5653 5654 5637
f 5637 5654 5638
f 5654 5655 5638
f 5638 5655 5639
f 5655 5656 5639
f 5639 5656 5640
f 5656 5657 5640
f 5640 5657 5641
f 5657 5658 5641
f 5641 5658 5642
f 5658 5659 5642
f 5642 5659 5643
f 5659 5660 5643
f 5643 5660 5644
f 5660 5661 5644
f 5645 5662 5646
f 5662 5663 5646
f 5646 5663 5647
f 5663 5664 5647
f 5647 5664 5648
f 5664 5665 5648
f 5648 5665 5649
f 5665 5666 5649
f 5649 5666 5650
f 5666 5667 5650
f 5650 5667 5651
f 5667 5668 5651
f 5651 5668 5652
f 5668 5669 5652
f 5652 5669 5653
f 5669 5670 5653
f 5653 5670 5654
f 5670 5671 5654
f 5654 5671 5655
f 5671 5672 5655
f 5655 5672 5656
f 5672 5673 5656
f 5656 5673 5657
f 5673 5674 5657
f 5657 5674 5658
f 5674 5675 5658
f 5658 5675 5659
f 5675 5676 5659
f 5659 5676 5660
f 5676 5677 5660
f 5660 5677 5661
f 5677 5678 5661
f 5662 5679 5663
f 5679 5680 5663
f 5663 5680 5664
f 5680 5681 5664
f 5664 5681 5665
f 5681 5682 5665
f 5665 5682 5666
f 5682 5683 5666
f 5666 5683 5667
f 5683 5684 5667
f 5667 5684 5668
f 5684 5685 5668
f 5668 5685 5669
f 5685 5686 5669
f 5669 5686 5670
f 5686 5687 5670
f 5670 5687 5671
f 5687 5688 5671
f 5671 5688 5672
f 5688 5689 5672
f 5672 5689 5673
f 5689 5690 5673
f 5673 5690 5674
f 5690 5691 5674
f 5674 5691 5675
f 5691 5692 5675
f 5675 5692 5676
f 5692 5693 5676
f 5676 5693 5677
f 5693 5694 5677
f 5677 5694 5678
f 5694 5695 5678
f 5679 5696 5680
f 5696 5697 5680
f 5680 5697 5681
f 5697 5698 5681
f 5681 5698 5682
f 5698 5699 5682
f 5682 5699 5683
f 5699 5700 5683
f 5683 5700 5684
f 5700 5701 5684
f 5684 5701 5685
f 5701 5702 5685
f 5685 5702 5686
f 5702 5703 5686
f 5686 5703 5687
f 5703 5704 5687
f 5687 5704 5688
f 5704 5705 5688
f 5688 5705 5689
f 5705 5706 5689
f 5689 5706 5690
f 5706 5707 5690
f 5690 5707 5691
f 5707 5708 5691
f 5691 5708 5692
f 5708 5709 5692
f 5692 5709 5693
f 5709 5710 5693
f 5693 5710 5694
f 5710 5711 5694
f 5694 5711 5695
f 5711 5712 5695
f 5696 5713 5697
f 5713 5714 5697
f 5697 5714 5698
f 5714 5715 5698
f 5698 5715 5699
f 5715 5716 5699
f 5699 5716 5700
f 5716 5717 5700
f 5700 5717 5701
f 5717 5718 5701
f 5701 5718 5702
f 5718 5719 5702
f 5702 5719 5703
f 5719 5720 5703
f 5703 5720 5704
f 5720 5721 5704
f 5704 5721 5705
f 5721 5722 5705
f 5705 5722 5706
f 5722 5723 5706
f 5706 5723 5707
f 5723 5724 5707
f 5707 5724 5708
f 5724 5725 5708
f 5708 5725 5709
f 5725 5726 5709
f 5709 5726 5710
f 5726 5727 5710
f 5710 5727 5711
f 5727 5728 5711
f 5711 5728 5712
f 5728 5729 5712
f 5713 5730 5714
f 5730 5731 5714
f 5714 5731 5715
f 5731 5732 5715
f 5715 5732 5716
f 5732 5733 5716
f 5716 5733 5717
f 5733 5734 5717
f 5717 5734 5718
f 5734 5735 5718
f 5718 5735 5719
f 5735 5736 5719
f 5719 5736 5720
f 5736 5737 5720
f 5720 5737 5721
f 5737 5738 5721
f 5721 5738 5722
f 5738 5739 5722
f 5722 5739 5723
f 5739 5740 5723
f 5723 5740 5724
f 5740 5741 5724
f 5724 5741 5725
f 5741 5742 5725
f 5725 5742 5726
f 5742 5743 5726
f 5726 5743 5727
f 5743 5744 5727
f 5727 5744 5728
f 5744 5745 5728
f 5728 5745 5729
f 5745 5746 5729
f 5730 5747 5731
f 5747 5748 5731
f 5731 5748 5732
f 5748 5749 5732
f 5732 5749 5733
f 5749 5750 5733
f 5733 5750 5734
f 5750 5751 5734
f 5734 5751 5735
f 5751 5752 5735
f 5735 5752 5736
f 5752 5753 5736
f 5736 5753 5737
f 5753 5754 5737
f 5737 5754 5738
f 5754 5755 5738
f 5738 5755 5739
f 5755 5756 5739
f 5739 5756 5740
f 5756 5757 5740
f 5740 5757 5741
f 5757 5758 5741
f 5741 5758 5742
f 5758 5759 5742
f 5742 5759 5743
f 5759 5760 5743
f 5743 5760 5744
f 5760 5761 5744
f 5744 5761 5745
f 5761 5762 5745
f 5745 5762 5746
f 5762 5763 5746
f 5747 5764 5748
f 5764 5765 5748
f 5748 5765 5749
f 5765 5766 5749
f 5749 5766 5750
f 5766 5767 5750
f 5750 5767 5751
f 5767 5768 5751
f 5751 5768 5752
f 5768 5769 5752
f 5752 5769 5753
f 5769 5770 5753
f 5753 5770 5754
f 5770 5771 5754
f 5754 5771 5755
f 5771 5772 5755
f 5755 5772 5756
f 5772 5773 5756
f 5756 5773 5757
f 5773 5774 5757
f 5757 5774 5758
f 5774 5775 5758
f 5758 5775 5759
f 5775 5776 5759
f 5759 5776 5760
f 5776 5777 5760
f 5760 5777 5761
f 5777 5778 5761
f 5761 5778 5762
f 5778 5779 5762
f 5762 5779 5763
f 5779 5780 5763
f 5764 5781 5765
f 5781 5782 5765
f 5765 5782 5766
f 5782 5783 5766
f 5766 5783 5767
f 5783 5784 5767
f 5767 5784 5768
f 5784 5785 5768
f 5768 5785 5769
f 5785 5786 5769
f 5769 5786 5770
f 5786 5787 5770
f 5770 5787 5771
f 5787 5788 5771
f 5771 5788 5772
f 5788 5789 5772
f 5772 5789 5773
f 5789 5790 5773
f 5773 5790 5774
f 5790 5791 5774
f 5774 5791 5775
f 5791 5792 5775
f 5775 5792 5776
f 5792 5793 5776
f 5776 5793 5777
f 5793 5794 5777
f 5777 5794 5778
f 5794 5795 5778
f 5778 5795 5779
f 5795 5796 5779
f 5779 5796 5780
f 5796 5797 5780
f 5781 5798 5782
f 5798 5799 5782
f 5782 5799 5783
f 5799 5800 5783
f 5783 5800 5784
f 5800 5801 5784
f 5784 5801 5785
f 5801 5802 5785
f 5785 5802 5786
f 5802 5803 5786
f 5786 5803 5787
f 5803 5804 5787
f 5787 5804 5788
f 5804 5805 5788
f 5788 5805 5789
f 5805 5806 5789
f 5789 5806 5790
f 5806 5807 5790
f 5790 5807 5791
f 5807 5808 5791
f 5791 5808 5792
f 5808 5809 5792
f 5792 5809 5793
f 5809 5810 5793
f 5793 5810 5794
f 5810 5811 5794
f 5794 5811 5795
f 5811 5812 5795
f 5795 5812 5796
f 5812 5813 5796
f 5796 5813 5797
f 5813 5814 5797
f 5798 5815 5799
f 5815 5816 5799
f 5799 5816 5800
f 5816 5817 5800
f 5800 5817 5801
f 5817 5818 5801
f 5801 5818 5802
f 5818 5819 5802
f 5802 5819 5803
f 5819 5820 5803
f 5803 5820 5804
f 5820 5821 5804
f 5804 5821 5805
f 5821 5822 5805
f 5805 5822 5806
f 5822 5823 5806
f 5806 5823 5807
f 5823 5824 5807
f 5807 5824 5808
f 5824 5825 5808
f 5808 5825 5809
f 5825 5826 5809
f 5809 5826 5810
f 5826 5827 5810
f 5810 5827 5811
f 5827 5828 5811
f 5811 5828 5812
f 5828 5829 5812
f 5812 5829 5813
f 5829 5830 5813
f 5813 5830 5814
f 5830 5831 5814
f 5815 5832 5816
f 5832 5833 5816
f 5816 5833 5817
f 5833 5834 5817
f 5817 5834 5818
f 5834 5835 5818
f 5818 5835 5819
f 5835 5836 5819
f 5819 5836 5820
f 5836 5837 5820
f 5820 5837 5821
f 5837 5838 5821
f 5821 5838 5822
f 5838 5839 5822
f 5822 5839 5823
f 5839 5840 5823
f 5823 5840 5824
f 5840 5841 5824
f 5824 5841 5825
f 5841 5842 5825
f 5825 5842 5826
f 5842 5843 5826
f 5826 5843 5827
f 5843 5844 5827
f 5827 5844 5828
f 5844 5845 5828
f 5828 5845 5829
f 5845 5846 5829
f 5829 5846 5830
f 5846 5847 5830
f 5830 5847 5831
f 5847 5848 5831
f 5832 5849 5833
f 5849 5850 5833
f 5833 5850 5834
f 5850 5851 5834
f 5834 5851 5835
f 5851 5852 5835
f 5835 5852 5836
f 5852 5853 5836
f 5836 5853 5837
f 5853 5854 5837
f 5837 5854 5838
f 5854 5855 5838
f 5838 5855 5839
f 5855 5856 5839
f 5839 5856 5840
f 5856 5857 5840
f 5840 5857 5841
f 5857 5858 5841
f 5841 5858 5842
f 5858 5859 5842
f 5842 5859 5843
f 5859 5860 5843
f 5843 5860 5844
f 5860 5861 5844
f 5844 5861 5845
f 5861 5862 5845
f 5845 5862 5846
f 5862 5863 5846
f 5846 5863 5847
f 5863 5864 5847
f 5847 5864 5848
f 5864 5865 5848
f 5849 5866 5850
f 5866 5867 5850
f 5850 5867 5851
f 5867 5868 5851
f 5851 5868 5852
f 5868 5869 5852
f 5852 5869 5853
f 5869 5870 5853
f 5853 5870 5854
f 5870 5871 5854
f 5854 5871 5855
f 5871 5872 5855
f 5855 5872 5856
f 5872 5873 5856
f 5856 5873 5857
f 5873 5874 5857
f 5857 5874 5858
f 5874 5875 5858
f 5858 5875 5859
f 5875 5876 5859
f 5859 5876 5860
f 5876 5877 5860
f 5860 5877 5861
f 5877 5878 5861
f 5861 5878 5862
f 5878 5879 5862
f 5862 5879 5863
f 5879 5880 5863
f 5863 5880 5864
f 5880 5881 5864
f 5864 5881 5865
f 5881 5882 5865
f 5866 5883 5867
f 5883 5884 5867
f 5867 5884 5868
f 5884 5885 5868
f 5868 5885 5869
f 5885 5886 5869
f 5869 5886 5870
f 5886 5887 5870
f 5870 5887 5871
f 5887 5888 5871
f 5871 5888 5872
f 5888 5889 5872
f 5872 5889 5873
f 5889 5890 5873
f 5873 5890 5874
f 5890 5891 5874
f 5874 5891 5875
f 5891 5892 5875
f 5875 5892 5876
f 5892 5893 5876
f 5876 5893 5877
f 5893 5894 5877
f 5877 5894 5878
f 5894 5895 5878
f 5878 5895 5879
f 5895 5896 5879
f 5879 5896 5880
f 5896 5897 5880
f 5880 5897 5881
f 5897 5898 5881
f 5881 5898 5882
f 5898 5899 5882
f 5883 5900 5884
f 5900 5901 5884
f 5884 5901 5885
f 5901 5902 5885
f 5885 5902 5886
f 5902 5903 5886
f 5886 5903 5887
f 5903 5904 5887
f 5887 5904 5888
f 5904 5905 5888
f 5888 5905 5889
f 5905 5906 5889
f 5889 5906 5890
f 5906 5907 5890
f 5890 5907 5891
f 5907 5908 5891
f 5891 5908 5892
f 5908 5909 5892
f 5892 5909 5893
f 5909 5910 5893
f 5893 5910 5894
f 5910 5911 5894
f 5894 5911 5895
f 5911 5912 5895
f 5895 5912 5896
f 5912 5913 5896
f 5896 5913 5897
f 5913 5914 5897
f 5897 5914 5898
f 5914 5915 5898
f 5898 5915 5899
f 5915 5916 5899
f 5900 5917 5901
f 5917 5918 5901
f 5901 5918 5902
f 5918 5919 5902
f 5902 5919 5903
f 5919 5920 5903
f 5903 5920 5904
f 5920 5921 5904
f 5904 5921 5905
f 5921 5922 5905
f 5905 5922 5906
f 5922 5923 5906
f 5906 5923 5907
f 5923 5924 5907
f 5907 5924 5908
f 5924 5925 5908
f 5908 5925 5909
f 5925 5926 5909
f 5909 5926 5910
f 5926 5927 5910
f 5910 5927 5911
f 5927 5928 5911
f 5911 5928 5912
f 5928 5929 5912
f 5912 5929 5913
f 5929 5930 5913
f 5913 5930 5914
f 5930 5931 5914
f 5914 5931 5915
f 5931 5932 5915
f 5915 5932 5916
f 5932 5933 5916
f 5917 5934 5918
f 5934 5935 5918
f 5918 5935 5919
f 5935 5936 5919
f 5919 5936 5920
f 5936 5937 5920
f 5920 5937 5921
f 5937 5938 5921
f 5921 5938 5922
f 5938 5939 5922
f 5922 5939 5923
f 5939 5940 5923
f 5923 5940 5924
f 5940 5941 5924
f 5924 5941 5925
f 5941 5942 5925
f 5925 5942 5926
f 5942 5943 5926
f 5926 5943 5927
f 5943 5944 5927
f 5927 5944 5928
f 5944 5945 5928
f 5928 5945 5929
f 5945 5946 5929
f 5929 5946 5930
f 5946 5947 5930
f 5930 5947 5931
f 5947 5948 5931
f 5931 5948 5932
f 5948 5949 5932
f 5932 5949 5933
f 5949 5950 5933
f 5934 5951 5935
f 5951 5952 5935
f 5935 5952 5936
f 5952 5953 5936
f 5936 5953 5937
f 5953 5954 5937
f 5937 5954 5938
f 5954 5955 5938
f 5938 5955 5939
f 5955 5956 5939
f 5939 5956 5940
f 5956 5957 5940
f 5940 5957 5941
f 5957 5958 5941
f 5941 5958 5942
f 5958 5959 5942
f 5942 5959 5943
f 5959 5960 5943
f 5943 5960 5944
f 5960 5961 5944
f 5944 5961 5945
f 5961 5962 5945
f 5945 5962 5946
f 5962 5963 5946
f 5946 5963 5947
f 5963 5964 5947
f 5947 5964 5948
f 5964 5965 5948
f 5948 5965 5949
f 5965 5966 5949
f 5949 5966 5950
f 5966 5967 5950
f 5951 5968 5952
f 5968 5969 5952
f 5952 5969 5953
f 5969 5970 5953
f 5953 5970 5954
f 5970 5971 5954
f 5954 5971 5955
f 5971 5972 5955
f 5955 5972 5956
f 5972 5973 5956
f 5956 5973 5957
f 5973 5974 5957
f 5957 5974 5958
f 5974 5975 5958
f 5958 5975 5959
f 5975 5976 5959
f 5959 5976 5960
f 5976 5977 5960
f 5960 5977 5961
f 5977 5978 5961
f 5961 5978 5962
f 5978 5979 5962
f 5962 5979 5963
f 5979 5980 5963
f 5963 5980 5964
f 5980 5981 5964
f 5964 5981 5965
f 5981 5982 5965
f 5965 5982 5966
f 5982 5983 5966
f 5966 5983 5967
f 5983 5984 5967
f 5968 5985 5969
f 5985 5986 5969
f 5969 5986 5970
f 5986 5987 5970
f 5970 5987 5971
f 5987 5988 5971
f 5971 5988 5972
f 5988 5989 5972
f 5972 5989 5973
f 5989 5990 5973
f 5973 5990 5974
f 5990 5991 5974
f 5974 5991 5975
f 5991 5992 5975
f 5975 5992 5976
f 5992 5993 5976
f 5976 5993 5977
f 5993 5994 5977
f 5977 5994 5978
f 5994 5995 5978
f 5978 5995 5979
f 5995 5996 5979
f 5979 5996 5980
f 5996 5997 5980
f 5980 5997 5981
f 5997 5998 5981
f 5981 5998 5982
f 5998 5999 5982
f 5982 5999 5983
f 5999 6000 5983
f 5983 6000 5984
f 6000 6001 5984
f 5985 6002 5986
f 6002 6003 5986
f 5986 6003 5987
f 6003 6004 5987
f 5987 6004 5988
f 6004 6005 5988
f 5988 6005 5989
f 6005 6006 5989
f 5989 6006 5990
f 6006 6007 5990
f 5990 6007 5991
f 6007 6008 5991
f 5991 6008 5992
f 6008 6009 5992
f 5992 6009 5993
f 6009 6010 5993
f 5993 6010 5994
f 6010 6011 5994
f 5994 6011 5995
f 6011 6012 5995
f 5995 6012 5996
f 6012 6013 5996
f 5996 6013 5997
f 6013 6014 5997
f 5997 6014 5998
f 6014 6015 5998
f 5998 6015 5999
f 6015 6016 5999
f 5999 6016 6000
f 6016 6017 6000
f 6000 6017 6001
f 6017 6018 6001
f 6002 6019 6003
f 6019 6020 6003
f 6003 6020 6004
f 6020 6021 6004
f 6004 6021 6005
f 6021 6022 6005
f 6005 6022 6006
f 6022 6023 6006
f 6006 6023 6007
f 6023 6024 6007
f 6007 6024 6008
f 6024 6025 6008
f 6008 6025 6009
f 6025 6026 6009
f 6009 6026 6010
f 6026 6027 6010
f 6010 6027 6011
f 6027 6028 6011
f 6011 6028 6012
f 6028 6029 6012
f 6012 6029 6013
f 6029 6030 6013
f 6013 6030 6014
f 6030 6031 6014
f 6014 6031 6015
f 6031 6032 6015
f 6015 6032 6016
f 6032 6033 6016
f 6016 6033 6017
f 6033 6034 6017
f 6017 6034 6018
f 6034 6035 6018
f 6019 6036 6020
f 6036 6037 6020
f 6020 6037 6021
f 6037 6038 6021
f 6021 6038 6022
f 6038 6039 6022
f 6022 6039 6023
f 6039 6040 6023
f 6023 6040 6024
f 6040 6041 6024
f 6024 6041 6025
f 6041 6042 6025
f 6025 6042 6026
f 6042 6043 6026
f 6026 6043 6027
f 6043 6044 6027
f 6027 6044 6028
f 6044 6045 6028
f 6028 6045 6029
f 6045 6046 6029
f 6029 6046 6030
f 6046 6047 6030
f 6030 6047 6031
f 6047 6048 6031
f 6031 6048 6032
f 6048 6049 6032
f 6032 6049 6033
f 6049 6050 6033
f 6033 6050 6034
f 6050 6051 6034
f 6034 6051 6035
f 6051 6052 6035
f 6036 6053 6037
f 6053 6054 6037
f 6037 6054 6038
f 6054 6055 6038
f 6038 6055 6039
f 6055 6056 6039
f 6039 6056 6040
f 6056 6057 6040
f 6040 6057 6041
f 6057 6058 6041
f 6041 6058 6042
f 6058 6059 6042
f 6042 6059 6043
f 6059 6060 6043
f 6043 6060 6044
f 6060 6061 6044
f 6044 6061 6045
f 6061 6062 6045
f 6045 6062 6046
f 6062 6063 6046
f 6046 6063 6047
f 6063 6064 6047
f 6047 6064 6048
f 6064 6065 6048
f 6048 6065 6049
f 6065 6066 6049
f 6049 6066 6050
f 6066 6067 6050
f 6050 6067 6051
f 6067 6068 6051
f 6051 6068 6052
f 6068 6069 6052
f 6053 6070 6054
f 6070 6071 6054
f 6054 6071 6055
f 6071 6072 6055
f 6055 6072 6056
f 6072 6073 6056
f 6056 6073 6057
f 6073 6074 6057
f 6057 6074 6058
f 6074 6075 6058
f 6058 6075 6059
f 6075 6076 6059
f 6059 6076 6060
f 6076 6077 6060
f 6060 6077 6061
f 6077 6078 6061
f 6061 6078 6062
f 6078 6079 6062
f 6062 6079 6063
f 6079 6080 6063
f 6063 6080 6064
f 6080 6081 6064
f 6064 6081 6065
f 6081 6082 6065
f 6065 6082 6066
f 6082 6083 6066
f 6066 6083 6067
f 6083 6084 6067
f 6067 6084 6068
f 6084 6085 6068
f 6068 6085 6069
f 6085 6086 6069
f 6070 6087 6071
f 6087 6088 6071
f 6071 6088 6072
f 6088 6089 6072
f 6072 6089 6073
f 6089 6090 6073
f 6073 6090 6074
f 6090 6091 6074
f 6074 6091 6075
f 6091 6092 6075
f 6075 6092 6076
f 6092 6093 6076
f 6076 6093 6077
f 6093 6094 6077
f 6077 6094 6078
f 6094 6095 6078
f 6078 6095 6079
f 6095 6096 6079
f 6079 6096 6080
f 6096 6097 6080
f 6080 6097 6081
f 6097 6098 6081
f 6081 6098 6082
f 6098 6099 6082
f 6082 6099 6083
f 6099 6100 6083
f 6083 6100 6084
f 6100 6101 6084
f 6084 6101 6085
f 6101 6102 6085
f 6085 6102 6086
f 6102 6103 6086
f 6087 6104 6088
f 6104 6105 6088
f 6088 6105 6089
f 6105 6106 6089
f 6089 6106 6090
f 6106 6107 6090
f 6090 6107 6091
f 6107 6108 6091
f 6091 6108 6092
f 6108 6109 6092
f 6092 6109 6093
f 6109 6110 6093
f 6093 6110 6094
f 6110 6111 6094
f 6094 6111 6095
f 6111 6112 6095
f 6095 6112 6096
f 6112 6113 6096
f 6096 6113 6097
f 6113 6114 6097
f 6097 6114 6098
f 6114 6115 6098
f 6098 6115 6099
f 6115 6116 6099
f 6099 6116 6100
f 6116 6117 6100
f 6100 6117 6101
f 6117 6118 6101
f 6101 6118 6102
f 6118 6119 6102
f 6102 6119 6103
f 6119 6120 6103
f 6104 6121 6105
f 6121 6122 6105
f 6105 6122 6106
f 6122 6123 6106
f 6106 6123 6107
f 6123 6124 6107
f 6107 6124 6108
f 6124 6125 6108
f 6108 6125 6109
f 6125 6126 6109
f 6109 6126 6110
f 6126 6127 6110
f 6110 6127 6111
f 6127 6128 6111
f 6111 6128 6112
f 6128 6129 6112
f 6112 6129 6113
f 6129 6130 6113
f 6113 6130 6114
f 6130 6131 6114
f 6114 6131 6115
f 6131 6132 6115
f 6115 6132 6116
f 6132 6133 6116
f 6116 6133 6117
f 6133 6134 6117
f 6117 6134 6118
f 6134 6135 6118
f 6118 6135 6119
f 6135 6136 6119
f 6119 6136 6120
f 6136 6137 6120
f 6121 6138 6122
f 6138 6139 6122
f 6122 6139 6123
f 6139 6140 6123
f 6123 6140 6124
f 6140 6141 6124
f 6124 6141 6125
f 6141 6142 6125
f 6125 6142 6126
f 6142 6143 6126
f 6126 6143 6127
f 6143 6144 6127
f 6127 6144 6128
f 6144 6145 6128
f 6128 6145 6129
f 6145 6146 6129
f 6129 6146 6130
f 6146 6147 6130
f 6130 6147 6131
f 6147 6148 6131
f 6131 6148 6132
f 6148 6149 6132
f 6132 6149 6133
f 6149 6150 6133
f 6133 6150 6134
f 6150 6151 6134
f 6134 6151 6135
f 6151 6152 6135
f 6135 6152 6136
f 6152 6153 6136
f 6136 6153 6137
f 6153 6154 6137
f 6138 6155 6139
f 6155 6156 6139
f 6139 6156 6140
f 6156 6157 6140
f 6140 6157 6141
f 6157 6158 6141
f 6141 6158 6142
f 6158 6159 6142
f 6142 6159 6143
f 6159 6160 6143
f 6143 6160 6144
f 6160 6161 6144
f 6144 6161 6145
f 6161 6162 6145
f 6145 6162 6146
f 6162 6163 6146
f 6146 6163 6147
f 6163 6164 6147
f 6147 6164 6148
f 6164 6165 6148
f 6148 6165 6149
f 6165 6166 6149
f 6149 6166 6150
f 6166 6167 6150
f 6150 6167 6151
f 6167 6168 6151
f 6151 6168 6152
f 6168 6169 6152
f 6152 6169 6153
f 6169 6170 6153
f 6153 6170 6154
f 6170 6171 6154
f 6155 6172 6156
f 6172 6173 6156
f 6156 6173 6157
f 6173 6174 6157
f 6157 6174 6158
f 6174 6175 6158
f 6158 6175 6159
f 6175 6176 6159
f 6159 6176 6160
f 6176 6177 6160
f 6160 6177 6161
f 6177 6178 6161
f 6161 6178 6162
f 6178 6179 6162
f 6162 6179 6163
f 6179 6180 6163
f 6163 6180 6164
f 6180 6181 6164
f 6164 6181 6165
f 6181 6182 6165
f 6165 6182 6166
f 6182 6183 6166
f 6166 6183 6167
f 6183 6184 6167
f 6167 6184 6168
f 6184 6185 6168
f 6168 6185 6169
f 6185 6186 6169
f 6169 6186 6170
f 6186 6187 6170
f 6170 6187 6171
f 6187 6188 6171
f 6172 6189 6173
f 6189 6190 6173
f 6173 6190 6174
f 6190 6191 6174
f 6174 6191 6175
f 6191 6192 6175
f 6175 6192 6176
f 6192 6193 6176
f 6176 6193 6177
f 6193 6194 6177
f 6177 6194 6178
f 6194 6195 6178
f 6178 6195 6179
f 6195 6196 6179
f 6179 6196 6180
f 6196 6197 6180
f 6180 6197 6181
f 6197 6198 6181
f 6181 6198 6182
f 6198 6199 6182
f 6182 6199 6183
f 6199 6200 6183
f 6183 6200 6184
f 6200 6201 6184
f 6184 6201 6185
f 6201 6202 6185
f 6185 6202 6186
f 6202 6203 6186
f 6186 6203 6187
f 6203 6204 6187
f 6187 6204 6188
f 6204 6205 6188
f 6189 6206 6190
f 6206 6207 6190
f 6190 6207 6191
f 6207 6208 6191
f 6191 6208 6192
f 6208 6209 6192
f 6192 6209 6193
f 6209 6210 6193
f 6193 6210 6194
f 6210 6211 6194
f 6194 6211 6195
f 6211 6212 6195
f 6195 6212 6196
f 6212 6213 6196
f 6196 6213 6197
f 6213 6214 6197
f 6197 6214 6198
f 6214 6215 6198
f 6198 6215 6199
f 6215 6216 6199
f 6199 6216 6200
f 6216 6217 6200
f 6200 6217 6201
f 6217 6218 6201
f 6201 6218 6202
f 6218 6219 6202
f 6202 6219 6203
f 6219 6220 6203
f 6203 6220 6204
f 6220 6221 6204
f 6204 6221 6205
f 6221 6222 6205
f 6206 6223 6207
f 6223 6224 6207
f 6207 6224 6208
f 6224 6225 6208
f 6208 6225 6209
f 6225 6226 6209
f 6209 6226 6210
f 6226 6227 6210
f 6210 6227 6211
f 6227 6228 6211
f 6211 6228 6212
f 6228 6229 6212
f 6212 6229 6213
f 6229 6230 6213
f 6213 6230 6214
f 6230 6231 6214
f 6214 6231 6215
f 6231 6232 6215
f 6215 6232 6216
f 6232 6233 6216
f 6216 6233 6217
f 6233 6234 6217
f 6217 6234 6218
f 6234 6235 6218
f 6218 6235 6219
f 6235 6236 6219
f 6219 6236 6220
f 6236 6237 6220
f 6220 6237 6221
f 6237 6238 6221
f 6221 6238 6222
f 6238 6239 6222
f 6223 6240 6224
f 6240 6241 6224
f 6224 6241 6225
f 6241 6242 6225
f 6225 6242 6226
f 6242 6243 6226
f 6226 6243 6227
f 6243 6244 6227
f 6227 6244 6228
f 6244 6245 6228
f 6228 6245 6229
f 6245 6246 6229
f 6229 6246 6230
f 6246 6247 6230
f 6230 6247 6231
f 6247 6248 6231
f 6231 6248 6232
f 6248 6249 6232
f 6232 6249 6233
f 6249 6250 6233
f 6233 6250 6234
f 6250 6251 6234
f 6234 6251 6235
f 6251 6252 6235
f 6235 6252 6236
f 6252 6253 6236
f 6236 6253 6237
f 6253 6254 6237
f 6237 6254 6238
f 6254 6255 6238
f 6238 6255 6239
f 6255 6256 6239
f 6240 6257 6241
f 6257 6258 6241
f 6241 6258 6242
f 6258 6259 6242
f 6242 6259 6243
f 6259 6260 6243
f 6243 6260 6244
f 6260 6261 6244
f 6244 6261 6245
f 6261 6262 6245
f 6245 6262 6246
f 6262 6263 6246
f 6246 6263 6247
f 6263 6264 6247
f 6247 6264 6248
f 6264 6265 6248
f 6248 6265 6249
f 6265 6266 6249
f 6249 6266 6250
f 6266 6267 6250
f 6250 6267 6251
f 6267 6268 6251
f 6251 6268 6252
f 6268 6269 6252
f 6252 6269 6253
f 6269 6270 6253
f 6253 6270 6254
f 6270 6271 6254
f 6254 6271 6255
f 6271 6272 6255
f 6255 6272 6256
f 6272 6273 6256
f 6257 6274 6258
f 6274 6275 6258
f 6258 6275 6259
f 6275 6276 6259
f 6259 6276 6260
f 6276 6277 6260
f 6260 6277 6261
f 6277 6278 6261
f 6261 6278 6262
f 6278 6279 6262
f 6262 6279 6263
f 6279 6280 6263
f 6263 6280 6264
f 6280 6281 6264
f 6264 6281 6265
f 6281 6282 6265
f 6265 6282 6266
f 6282 6283 6266
f 6266 6283 6267
f 6283 6284 6267
f 6267 6284 6268
f 6284 6285 6268
f 6268 6285 6269
f 6285 6286 6269
f 6269 6286 6270
f 6286 6287 6270
f 6270 6287 6271
f 6287 6288 6271
f 6271 6288 6272
f 6288 6289 6272
f 6272 6289 6273
f 6289 6290 6273
f 6274 6291 6275
f 6291 6292 6275
f 6275 6292 6276
f 6292 6293 6276
f 6276 6293 6277
f 6293 6294 6277
f 6277 6294 6278
f 6294 6295 6278
f 6278 6295 6279
f 6295 6296 6279
f 6279 6296 6280
f 6296 6297 6280
f 6280 6297 6281
f 6297 6298 6281
f 6281 6298 6282
f 6298 6299 6282
f 6282 6299 6283
f 6299 6300 6283
f 6283 6300 6284
f 6300 6301 6284
f 6284 6301 6285
f 6301 6302 6285
f 6285 6302 6286
f 6302 6303 6286
f 6286 6303 6287
f 6303 6304 6287
f 6287 6304 6288
f 6304 6305 6288
f 6288 6305 6289
f 6305 6306 6289
f 6289 6306 6290
f 6306 6307 6290
f 6291 6308 6292
f 6308 6309 6292
f 6292 6309 6293
f 6309 6310 6293
f 6293 6310 6294
f 6310 6311 6294
f 6294 6311 6295
f 6311 6312 6295
f 6295 6312 6296
f 6312 6313 6296
f 6296 6313 6297
f 6313 6314 6297
f 6297 6314 6298
f 6314 6315 6298
f 6298 6315 6299
f 6315 6316 6299
f 6299 6316 6300
f 6316 6317 6300
f 6300 6317 6301
f 6317 6318 6301
f 6301 6318 6302
f 6318 6319 6302
f 6302 6319 6303
f 6319 6320 6303
f 6303 6320 6304
f 6320 6321 6304
f 6304 6321 6305
f 6321 6322 6305
f 6305 6322 6306
f 6322 6323 6306
f 6306 6323 6307
f 6323 6324 6307
f 6308 6325 6309
f 6325 6326 6309
f 6309 6326 6310
f 6326 6327 6310
f 6310 6327 6311
f 6327 6328 6311
f 6311 6328 6312
f 6328 6329 6312
f 6312 6329 6313
f 6329 6330 6313
f 6313 6330 6314
f 6330 6331 6314
f 6314 6331 6315
f 6331 6332 6315
f 6315 6332 6316
f 6332 6333 6316
f 6316 6333 6317
f 6333 6334 6317
f 6317 6334 6318
f 6334 6335 6318
f 6318 6335 6319
f 6335 6336 6319
f 6319 6336 6320
f 6336 6337 6320
f 6320 6337 6321
f 6337 6338 6321
f 6321 6338 6322
f 6338 6339 6322
f 6322 6339 6323
f 6339 6340 6323
f 6323 6340 6324
f 6340 6341 6324
f 6325 6342 6326
f 6342 6343 6326
f 6326 6343 6327
f 6343 6344 6327
f 6327 6344 6328
f 6344 6345 6328
f 6328 6345 6329
f 6345 6346 6329
f 6329 6346 6330
f 6346 6347 6330
f 6330 6347 6331
f 6347 6348 6331
f 6331 6348 6332
f 6348 6349 6332
f 6332 6349 6333
f 6349 6350 6333
f 6333 6350 6334
f 6350 6351 6334
f 6334 6351 6335
f 6351 6352 6335
f 6335 6352 6336
f 6352 6353 6336
f 6336 6353 6337
f 6353 6354 6337
f 6337 6354 6338
f 6354 6355 6338
f 6338 6355 6339
f 6355 6356 6339
f 6339 6356 6340
f 6356 6357 6340
f 6340 6357 6341
f 6357 6358 6341
f 6342 6359 6343
f 6359 6360 6343
f 6343 6360 6344
f 6360 6361 6344
f 6344 6361 6345
f 6361 6362 6345
f 6345 6362 6346
f 6362 6363 6346
f 6346 6363 6347
f 6363 6364 6347
f 6347 6364 6348
f 6364 6365 6348
f 6348 6365 6349
f 6365 6366 6349
f 6349 6366 6350
f 6366 6367 6350
f 6350 6367 6351
f 6367 6368 6351
f 6351 6368 6352
f 6368 6369 6352
f 6352 6369 6353
f 6369 6370 6353
f 6353 6370 6354
f 6370 6371 6354
f 6354 6371 6355
f 6371 6372 6355
f 6355 6372 6356
f 6372 6373 6356
f 6356 6373 6357
f 6373 6374 6357
f 6357 6374 6358
f 6374 6375 6358
f 6359 6376 6360
f 6376 6377 6360
f 6360 6377 6361
f 6377 6378 6361
f 6361 6378 6362
f 6378 6379 6362
f 6362 6379 6363
f 6379 6380 6363
f 6363 6380 6364
f 6380 6381 6364
f 6364 6381 6365
f 6381 6382 6365
f 6365 6382 6366
f 6382 6383 6366
f 6366 6383 6367
f 6383 6384 6367
f 6367 6384 6368
f 6384 6385 6368
f 6368 6385 6369
f 6385 6386 6369
f 6369 6386 6370
f 6386 6387 6370
f 6370 6387 6371
f 6387 6388 6371
f 6371 6388 6372
f 6388 6389 6372
f 6372 6389 6373
f 6389 6390 6373
f 6373 6390 6374
f 6390 6391 6374
f 6374 6391 6375
f 6391 6392 6375
f 6376 6393 6377
f 6393 6394 6377
f 6377 6394 6378
f 6394 6395 6378
f 6378 6395 6379
f 6395 6396 6379
f 6379 6396 6380
f 6396 6397 6380
f 6380 6397 6381
f 6397 6398 6381
f 6381 6398 6382
f 6398 6399 6382
f 6382 6399 6383
f 6399 6400 6383
f 6383 6400 6384
f 6400 6401 6384
f 6384 6401 6385
f 6401 6402 6385
f 6385 6402 6386
f 6402 6403 6386
f 6386 6403 6387
f 6403 6404 6387
f 6387 6404 6388
f 6404 6405 6388
f 6388 6405 6389
f 6405 6406 6389
f 6389 6406 6390
f 6406 6407 6390
f 6390 6407 6391
f 6407 6408 6391
f 6391 6408 6392
f 6408 6409 6392
f 6393 6410 6394
f 6410 6411 6394
f 6394 6411 6395
f 6411 6412 6395
f 6395 6412 6396
f 6412 6413 6396
f 6396 6413 6397
f 6413 6414 6397
f 6397 6414 6398
f 6414 6415 6398
f 6398 6415 6399
f 6415 6416 6399
f 6399 6416 6400
f 6416 6417 6400
f 6400 6417 6401
f 6417 6418 6401
f 6401 6418 6402
f 6418 6419 6402
f 6402 6419 6403
f 6419 6420 6403
f 6403 6420 6404
f 6420 6421 6404
f 6404 6421 6405
f 6421 6422 6405
f 6405 6422 6406
f 6422 6423 6406
f 6406 6423 6407
f 6423 6424 6407
f 6407 6424 6408
f 6424 6425 6408
f 6408 6425 6409
f 6425 6426 6409
f 6410 6427 6411
f 6427 6428 6411
f 6411 6428 6412
f 6428 6429 6412
f 6412 6429 6413
f 6429 6430 6413
f 6413 6430 6414
f 6430 6431 6414
f 6414 6431 6415
f 6431 6432 6415
f 6415 6432 6416
f 6432 6433 6416
f 6416 6433 6417
f 6433 6434 6417
f 6417 6434 6418
f 6434 6435 6418
f 6418 6435 6419
f 6435 6436 6419
f 6419 6436 6420
f 6436 6437 6420
f 6420 6437 6421
f 6437 6438 6421
f 6421 6438 6422
f 6438 6439 6422
f 6422 6439 6423
f 6439 6440 6423
f 6423 6440 6424
f 6440 6441 6424
f 6424 6441 6425
f 6441 6442 6425
f 6425 6442 6426
f 6442 6443 6426
f 6427 6444 6428
f 6444 6445 6428
f 6428 6445 6429
f 6445 6446 6429
f 6429 6446 6430
f 6446 6447 6430
f 6430 6447 6431
f 6447 6448 6431
f 6431 6448 6432
f 6448 6449 6432
f 6432 6449 6433
f 6449 6450 6433
f 6433 6450 6434
f 6450 6451 6434
f 6434 6451 6435
f 6451 6452 6435
f 6435 6452 6436
f 6452 6453 6436
f 6436 6453 6437
f 6453 6454 6437
f 6437 6454 6438
f 6454 6455 6438
f 6438 6455 6439
f 6455 6456 6439
f 6439 6456 6440
f 6456 6457 6440
f 6440 6457 6441
f 6457 6458 6441
f 6441 6458 6442
f 6458 6459 6442
f 6442 6459 6443
f 6459 6460 6443
f 6444 6461 6445
f 6461 6462 6445
f 6445 6462 6446
f 6462 6463 6446
f 6446 6463 6447
f 6463 6464 6447
f 6447 6464 6448
f 6464 6465 6448
f 6448 6465 6449
f 6465 6466 6449
f 6449 6466 6450
f 6466 6467 6450
f 6450 6467 6451
f 6467 6468 6451
f 6451 6468 6452
f 6468 6469 6452
f 6452 6469 6453
f 6469 6470 6453
f 6453 6470 6454
f 6470 6471 6454
f 6454 6471 6455
f 6471 6472 6455
f 6455 6472 6456
f 6472 6473 6456
f 6456 6473 6457
f 6473 6474 6457
f 6457 6474 6458
f 6474 6475 6458
f 6458 6475 6459
f 6475 6476 6459
f 6459 6476 6460
f 6476 6477 6460
f 6461 6478 6462
f 6478 6479 6462
f 6462 6479 6463
f 6479 6480 6463
f 6463 6480 6464
f 6480 6481 6464
f 6464 6481 6465
f 6481 6482 6465
f 6465 6482 6466
f 6482 6483 6466
f 6466 6483 6467
f 6483 6484 6467
f 6467 6484 6468
f 6484 6485 6468
f 6468 6485 6469
f 6485 6486 6469
f 6469 6486 6470
f 6486 6487 6470
f 6470 6487 6471
f 6487 6488 6471
f 6471 6488 6472
f 6488 6489 6472
f 6472 6489 6473
f 6489 6490 6473
f 6473 6490 6474
f 6490 6491 6474
f 6474 6491 6475
f 6491 6492 6475
f 6475 6492 6476
f 6492 6493 6476
f 6476 6493 6477
f 6493 6494 6477
f 6478 6495 6479
f 6495 6496 6479
f 6479 6496 6480
f 6496 6497 6480
f 6480 6497 6481
f 6497 6498 6481
f 6481 6498 6482
f 6498 6499 6482
f 6482 6499 6483
f 6499 6500 6483
f 6483 6500 6484
f 6500 6501 6484
f 6484 6501 6485
f 6501 6502 6485
f 6485 6502 6486
f 6502 6503 6486
f 6486 6503 6487
f 6503 6504 6487
f 6487 6504 6488
f 6504 6505 6488
f 6488 6505 6489
f 6505 6506 6489
f 6489 6506 6490
f 6506 6507 6490
f 6490 6507 6491
f 6507 6508 6491
f 6491 6508 6492
f 6508 6509 6492
f 6492 6509 6493
f 6509 6510 6493
f 6493 6510 6494
f 6510 6511 6494
f 6495 6512 6496
f 6512 6513 6496
f 6496 6513 6497
f 6513 6514 6497
f 6497 6514 6498
f 6514 6515 6498
f 6498 6515 6499
f 6515 6516 6499
f 6499 6516 6500
f 6516 6517 6500
f 6500 6517 6501
f 6517 6518 6501
f 6501 6518 6502
f 6518 6519 6502
f 6502 6519 6503
f 6519 6520 6503
f 6503 6520 6504
f 6520 6521 6504
f 6504 6521 6505
f 6521 6522 6505
f 6505 6522 6506
f 6522 6523 6506
f 6506 6523 6507
f 6523 6524 6507
f 6507 6524 6508
f 6524 6525 6508
f 6508 6525 6509
f 6525 6526 6509
f 6509 6526 6510
f 6526 6527 6510
f 6510 6527 6511
f 6527 6528 6511
f 6512 6529 6513
f 6529 6530 6513
f 6513 6530 6514
f 6530 6531 6514
f 6514 6531 6515
f 6531 6532 6515
f 6515 6532 6516
f 6532 6533 6516
f 6516 6533 6517
f 6533 6534 6517
f 6517 6534 6518
f 6534 6535 6518
f 6518 6535 6519
f 6535 6536 6519
f 6519 6536 6520
f 6536 6537 6520
f 6520 6537 6521
f 6537 6538 6521
f 6521 6538 6522
f 6538 6539 6522
f 6522 6539 6523
f 6539 6540 6523
f 6523 6540 6524
f 6540 6541 6524
f 6524 6541 6525
f 6541 6542 6525
f 6525 6542 6526
f 6542 6543 6526
f 6526 6543 6527
f 6543 6544 6527
f 6527 6544 6528
f 6544 6545 6528
f 6529 6546 6530
f 6546 6547 6530
f 6530 6547 6531
f 6547 6548 6531
f 6531 6548 6532
f 6548 6549 6532
f 6532 6549 6533
f 6549 6550 6533
f 6533 6550 6534
f 6550 6551 6534
f 6534 6551 6535
f 6551 6552 6535
f 6535 6552 6536
f 6552 6553 6536
f 6536 6553 6537
f 6553 6554 6537
f 6537 6554 6538
f 6554 6555 6538
f 6538 6555 6539
f 6555 6556 6539
f 6539 6556 6540
f 6556 6557 6540
f 6540 6557 6541
f 6557 6558 6541
f 6541 6558 6542
f 6558 6559 6542
f 6542 6559 6543
f 6559 6560 6543
f 6543 6560 6544
f 6560 6561 6544
f 6544 6561 6545
f 6561 6562 6545
f 6546 6563 6547
f 6563 6564 6547
f 6547 6564 6548
f 6564 6565 6548
f 6548 6565 6549
f 6565 6566 6549
f 6549 6566 6550
f 6566 6567 6550
f 6550 6567 6551
f 6567 6568 6551
f 6551 6568 6552
f 6568 6569 6552
f 6552 6569 6553
f 6569 6570 6553
f 6553 6570 6554
f 6570 6571 6554
f 6554 6571 6555
f 6571 6572 6555
f 6555 6572 6556
f 6572 6573 6556
f 6556 6573 6557
f 6573 6574 6557
f 6557 6574 6558
f 6574 6575 6558
f 6558 6575 6559
f 6575 6576 6559
f 6559 6576 6560
f 6576 6577 6560
f 6560 6577 6561
f 6577 6578 6561
f 6561 6578 6562
f 6578 6579 6562
f 6563 6580 6564
f 6580 6581 6564
f 6564 6581 6565
f 6581 6582 6565
f 6565 6582 6566
f 6582 6583 6566
f 6566 6583 6567
f 6583 6584 6567
f 6567 6584 6568
f 6584 6585 6568
f 6568 6585 6569
f 6585 6586 6569
f 6569 6586 6570
f 6586 6587 6570
f 6570 6587 6571
f 6587 6588 6571
f 6571 6588 6572
f 6588 6589 6572
f 6572 6589 6573
f 6589 6590 6573
f 6573 6590 6574
f 6590 6591 6574
f 6574 6591 6575
f 6591 6592 6575
f 6575 6592 6576
f 6592 6593 6576
f 6576 6593 6577
f 6593 6594 6577
f 6577 6594 6578
f 6594 6595 6578
f 6578 6595 6579
f 6595 6596 6579
f 6580 6597 6581
f 6597 6598 6581
f 6581 6598 6582
f 6598 6599 6582
f 6582 6599 6583
f 6599 6600 6583
f 6583 6600 6584
f 6600 6601 6584
f 6584 6601 6585
f 6601 6602 6585
f 6585 6602 6586
f 6602 6603 6586
f 6586 6603 6587
f 6603 6604 6587
f 6587 6604 6588
f 6604 6605 6588
f 6588 6605 6589
f 6605 6606 6589
f 6589 6606 6590
f 6606 6607 6590
f 6590 6607 6591
f 6607 6608 6591
f 6591 6608 6592
f 6608 6609 6592
f 6592 6609 6593
f 6609 6610 6593
f 6593 6610 6594
f 6610 6611 6594
f 6594 6611 6595
f 6611 6612 6595
f 6595 6612 6596
f 6612 6613 6596
f 6597 6614 6598
f 6614 6615 6598
f 6598 6615 6599
f 6615 6616 6599
f 6599 6616 6600
f 6616 6617 6600
f 6600 6617 6601
f 6617 6618 6601
f 6601 6618 6602
f 6618 6619 6602
f 6602 6619 6603
f 6619 6620 6603
f 6603 6620 6604
f 6620 6621 6604
f 6604 6621 6605
f 6621 6622 6605
f 6605 6622 6606
f 6622 6623 6606
f 6606 6623 6607
f 6623 6624 6607
f 6607 6624 6608
f 6624 6625 6608
f 6608 6625 6609
f 6625 6626 6609
f 6609 6626 6610
f 6626 6627 6610
f 6610 6627 6611
f 6627 6628 6611
f 6611 6628 6612
f 6628 6629 6612
f 6612 6629 6613
f 6629 6630 6613
f 6614 6631 6615
f 6631 6632 6615
f 6615 6632 6616
f 6632 6633 6616
f 6616 6633 6617
f 6633 6634 6617
f 6617 6634 6618
f 6634 6635 6618
f 6618 6635 6619
f 6635 6636 6619
f 6619 6636 6620
f 6636 6637 6620
f 6620 6637 6621
f 6637 6638 6621
f 6621 6638 6622
f 6638 6639 6622
f 6622 6639 6623
f 6639 6640 6623
f 6623 6640 6624
f 6640 6641 6624
f 6624 6641 6625
f 6641 6642 6625
f 6625 6642 6626
f 6642 6643 6626
f 6626 6643 6627
f 6643 6644 6627
f 6627 6644 6628
f 6644 6645 6628
f 6628 6645 6629
f 6645 6646 6629
f 6629 6646 6630
f 6646 6647 6630
f 6631 6648 6632
f 6648 6649 6632
f 6632 6649 6633
f 6649 6650 6633
f 6633 6650 6634
f 6650 6651 6634
f 6634 6651 6635
f 6651 6652 6635
f 6635 6652 6636
f 6652 6653 6636
f 6636 6653 6637
f 6653 6654 6637
f 6637 6654 6638
f 6654 6655 6638
f 6638 6655 6639
f 6655 6656 6639
f 6639 6656 6640
f 6656 6657 6640
f 6640 6657 6641
f 6657 6658 6641
f 6641 6658 6642
f 6658 6659 6642
f 6642 6659 6643
f 6659 6660 6643
f 6643 6660 6644
f 6660 6661 6644
f 6644 6661 6645
f 6661 6662 6645
f 6645 6662 6646
f 6662 6663 6646
f 6646 6663 6647
f 6663 6664 6647
f 6648 6665 6649
f 6665 6666 6649
f 6649 6666 6650
f 6666 6667 6650
f 6650 6667 6651
f 6667 6668 6651
f 6651 6668 6652
f 6668 6669 6652
f 6652 6669 6653
f 6669 6670 6653
f 6653 6670 6654
f 6670 6671 6654
f 6654 6671 6655
f 6671 6672 6655
f 6655 6672 6656
f 6672 6673 6656
f 6656 6673 6657
f 6673 6674 6657
f 6657 6674 6658
f 6674 6675 6658
f 6658 6675 6659
f 6675 6676 6659
f 6659 6676 6660
f 6676 6677 6660
f 6660 6677 6661
f 6677 6678 6661
f 6661 6678 6662
f 6678 6679 6662
f 6662 6679 6663
f 6679 6680 6663
f 6663 6680 6664
f 6680 6681 6664
f 6665 6682 6666
f 6682 6683 6666
f 6666 6683 6667
f 6683 6684 6667
f 6667 6684 6668
f 6684 6685 6668
f 6668 6685 6669
f 6685 6686 6669
f 6669 6686 6670
f 6686 6687 6670
f 6670 6687 6671
f 6687 6688 6671
f 6671 6688 6672
f 6688 6689 6672
f 6672 6689 6673
f 6689 6690 6673
f 6673 6690 6674
f 6690 6691 6674
f 6674 6691 6675
f 6691 6692 6675
f 6675 6692 6676
f 6692 6693 6676
f 6676 6693 6677
f 6693 6694 6677
f 6677 6694 6678
f 6694 6695 6678
f 6678 6695 6679
f 6695 6696 6679
f 6679 6696 6680
f 6696 6697 6680
f 6680 6697 6681
f 6697 6698 6681
f 6682 6699 6683
f 6699 6700 6683
f 6683 6700 6684
f 6700 6701 6684
f 6684 6701 6685
f 6701 6702 6685
f 6685 6702 6686
f 6702 6703 6686
f 6686 6703 6687
f 6703 6704 6687
f 6687 6704 6688
f 6704 6705 6688
f 6688 6705 6689
f 6705 6706 6689
f 6689 6706 6690
f 6706 6707 6690
f 6690 6707 6691
f 6707 6708 6691
f 6691 6708 6692
f 6708 6709 6692
f 6692 6709 6693
f 6709 6710 6693
f 6693 6710 6694
f 6710 6711 6694
f 6694 6711 6695
f 6711 6712 6695
f 6695 6712 6696
f 6712 6713 6696
f 6696 6713 6697
f 6713 6714 6697
f 6697 6714 6698
f 6714 6715 6698
f 6699 6716 6700
f 6716 6717 6700
f 6700 6717 6701
f 6717 6718 6701
f 6701 6718 6702
f 6718 6719 6702
f 6702 6719 6703
f 6719 6720 6703
f 6703 6720 6704
f 6720 6721 6704
f 6704 6721 6705
f 6721 6722 6705
f 6705 6722 6706
f 6722 6723 6706
f 6706 6723 6707
f 6723 6724 6707
f 6707 6724 6708
f 6724 6725 6708
f 6708 6725 6709
f 6725 6726 6709
f 6709 6726 6710
f 6726 6727 6710
f 6710 6727 6711
f 6727 6728 6711
f 6711 6728 6712
f 6728 6729 6712
f 6712 6729 6713
f 6729 6730 6713
f 6713 6730 6714
f 6730 6731 6714
f 6714 6731 6715
f 6731 6732 6715
f 6716 6733 6717
f 6733 6734 6717
f 6717 6734 6718
f 6734 6735 6718
f 6718 6735 6719
f 6735 6736 6719
f 6719 6736 6720
f 6736 6737 6720
f 6720 6737 6721
f 6737 6738 6721
f 6721 6738 6722
f 6738 6739 6722
f 6722 6739 6723
f 6739 6740 6723
f 6723 6740 6724
f 6740 6741 6724
f 6724 6741 6725
f 6741 6742 6725
f 6725 6742 6726
f 6742 6743 6726
f 6726 6743 6727
f 6743 6744 6727
f 6727 6744 6728
f 6744 6745 6728
f 6728 6745 6729
f 6745 6746 6729
f 6729 6746 6730
f 6746 6747 6730
f 6730 6747 6731
f 6747 6748 6731
f 6731 6748 6732
f 6748 6749 6732
f 6733 6750 6734
f 6750 6751 6734
f 6734 6751 6735
f 6751 6752 6735
f 6735 6752 6736
f 6752 6753 6736
f 6736 6753 6737
f 6753 6754 6737
f 6737 6754 6738
f 6754 6755 6738
f 6738 6755 6739
f 6755 6756 6739
f 6739 6756 6740
f 6756 6757 6740
f 6740 6757 6741
f 6757 6758 6741
f 6741 6758 6742
f 6758 6759 6742
f 6742 6759 6743
f 6759 6760 6743
f 6743 6760 6744
f 6760 6761 6744
f 6744 6761 6745
f 6761 6762 6745
f 6745 6762 6746
f 6762 6763 6746
f 6746 6763 6747
f 6763 6764 6747
f 6747 6764 6748
f 6764 6765 6748
f 6748 6765 6749
f 6765 6766 6749
f 6750 6767 6751
f 6767 6768 6751
f 6751 6768 6752
f 6768 6769 6752
f 6752 6769 6753
f 6769 6770 6753
f 6753 6770 6754
f 6770 6771 6754
f 6754 6771 6755
f 6771 6772 6755
f 6755 6772 6756
f 6772 6773 6756
f 6756 6773 6757
f 6773 6774 6757
f 6757 6774 6758
f 6774 6775 6758
f 6758 6775 6759
f 6775 6776 6759
f 6759 6776 6760
f 6776 6777 6760
f 6760 6777 6761
f 6777 6778 6761
f 6761 6778 6762
f 6778 6779 6762
f 6762 6779 6763
f 6779 6780 6763
f 6763 6780 6764
f 6780 6781 6764
f 6764 6781 6765
f 6781 6782 6765
f 6765 6782 6766
f 6782 6783 6766
f 6767 6784 6768
f 6784 6785 6768
f 6768 6785 6769
f 6785 6786 6769
f 6769 6786 6770
f 6786 6787 6770
f 6770 6787 6771
f 6787 6788 6771
f 6771 6788 6772
f 6788 6789 6772
f 6772 6789 6773
f 6789 6790 6773
f 6773 6790 6774
f 6790 6791 6774
f 6774 6791 6775
f 6791 6792 6775
f 6775 6792 6776
f 6792 6793 6776
f 6776 6793 6777
f 6793 6794 6777
f 6777 6794 6778
f 6794 6795 6778
f 6778 6795 6779
f 6795 6796 6779
f 6779 6796 6780
f 6796 6797 6780
f 6780 6797 6781
f 6797 6798 6781
f 6781 6798 6782
f 6798 6799 6782
f 6782 6799 6783
f 6799 6800 6783
f 6784 6801 6785
f 6801 6802 6785
f 6785 6802 6786
f 6802 6803 6786
f 6786 6803 6787
f 6803 6804 6787
f 6787 6804 6788
f 6804 6805 6788
f 6788 6805 6789
f 6805 6806 6789
f 6789 6806 6790
f 6806 6807 6790
f 6790 6807 6791
f 6807 6808 6791
f 6791 6808 6792
f 6808 6809 6792
f 6792 6809 6793
f 6809 6810 6793
f 6793 6810 6794
f 6810 6811 6794
f 6794 6811 6795
f 6811 6812 6795
f 6795 6812 6796
f 6812 6813 6796
f 6796 6813 6797
f 6813 6814 6797
f 6797 6814 6798
f 6814 6815 6798
f 6798 6815 6799
f 6815 6816 6799
f 6799 6816 6800
f 6816 6817 6800
