ply
format ascii 1.0
element vertex 1225
property float x
property float y
property float z
property uchar red
property uchar green
property uchar blue
element face 2304
property list uchar int vertex_indices
end_header
0 1 0 0 255 180
0 1 0 5 255 180
0 1 0 11 255 180
0 1 0 16 255 180
0 1 0 21 255 180
0 1 0 27 255 180
0 1 0 32 255 180
0 1 0 37 255 180
0 1 0 43 255 180
0 1 0 48 255 180
0 1 0 53 255 180
0 1 0 58 255 180
0 1 0 64 255 180
0 1 0 69 255 180
0 1 0 74 255 180
0 1 0 80 255 180
0 1 0 85 255 180
0 1 0 90 255 180
0 1 0 96 255 180
0 1 0 101 255 180
0 1 0 106 255 180
0 1 0 112 255 180
0 1 0 117 255 180
0 1 0 122 255 180
0 1 0 128 255 180
0 1 0 133 255 180
0 1 0 138 255 180
0 1 0 143 255 180
0 1 0 149 255 180
0 1 0 154 255 180
0 1 0 159 255 180
0 1 0 165 255 180
0 1 0 170 255 180
0 1 0 175 255 180
0 1 0 181 255 180
0 1 0 186 255 180
0 1 0 191 255 180
0 1 0 197 255 180
0 1 0 202 255 180
0 1 0 207 255 180
0 1 0 213 255 180
0 1 0 218 255 180
0 1 0 223 255 180
0 1 0 228 255 180
0 1 0 234 255 180
0 1 0 239 255 180
0 1 0 244 255 180
0 1 0 250 255 180
0 1 0 255 255 180
-0.13052619222005157 0.9914448613738104 0 0 244 180
-0.12940952255126037 0.9914448613738104 0.01703708685546585 5 244 180
-0.12607862007251908 0.9914448613738104 0.03378266443126182 11 244 180
-0.1205904774487396 0.9914448613738104 0.049950211252314816 16 244 180
-0.11303899832181542 0.9914448613738104 0.06526309611002577 21 244 180
-0.10355339059327374 0.9914448613738104 0.07945931129894555 27 244 180
-0.09229595564125725 0.9914448613738104 0.09229595564125724 32 244 180
-0.07945931129894555 0.9914448613738104 0.10355339059327374 37 244 180
-0.0652630961100258 0.9914448613738104 0.11303899832181541 43 244 180
-0.04995021125231482 0.9914448613738104 0.1205904774487396 48 244 180
-0.03378266443126182 0.9914448613738104 0.12607862007251908 53 244 180
-0.01703708685546587 0.9914448613738104 0.12940952255126037 58 244 180
-7.992424175358916e-18 0.9914448613738104 0.13052619222005157 64 244 180
0.017037086855465827 0.9914448613738104 0.12940952255126037 69 244 180
0.033782664431261836 0.9914448613738104 0.12607862007251908 74 244 180
0.04995021125231481 0.9914448613738104 0.1205904774487396 80 244 180
0.06526309611002576 0.9914448613738104 0.11303899832181542 85 244 180
0.07945931129894555 0.9914448613738104 0.10355339059327374 90 244 180
0.09229595564125724 0.9914448613738104 0.09229595564125725 96 244 180
0.10355339059327373 0.9914448613738104 0.07945931129894558 101 244 180
0.11303899832181542 0.9914448613738104 0.06526309611002577 106 244 180
0.1205904774487396 0.9914448613738104 0.04995021125231483 112 244 180
0.12607862007251905 0.9914448613738104 0.033782664431261857 117 244 180
0.12940952255126037 0.9914448613738104 0.01703708685546585 122 244 180
0.13052619222005157 0.9914448613738104 1.5984848350717833e-17 128 244 180
0.12940952255126037 0.9914448613738104 -0.01703708685546588 133 244 180
0.1260786200725191 0.9914448613738104 -0.033782664431261766 138 244 180
0.12059047744873962 0.9914448613738104 -0.0499502112523148 143 244 180
0.11303899832181541 0.9914448613738104 -0.0652630961100258 149 244 180
0.10355339059327377 0.9914448613738104 -0.07945931129894551 154 244 180
0.09229595564125727 0.9914448613738104 -0.09229595564125724 159 244 180
0.07945931129894558 0.9914448613738104 -0.10355339059327372 165 244 180
0.06526309611002584 0.9914448613738104 -0.1130389983218154 170 244 180
0.049950211252314886 0.9914448613738104 -0.12059047744873957 175 244 180
0.03378266443126181 0.9914448613738104 -0.12607862007251908 181 244 180
0.017037086855465858 0.9914448613738104 -0.12940952255126037 186 244 180
2.3977272526076745e-17 0.9914448613738104 -0.13052619222005157 191 244 180
-0.017037086855465813 0.9914448613738104 -0.12940952255126037 197 244 180
-0.03378266443126176 0.9914448613738104 -0.1260786200725191 202 244 180
-0.049950211252314844 0.9914448613738104 -0.12059047744873959 207 244 180
-0.0652630961100258 0.9914448613738104 -0.11303899832181541 213 244 180
-0.07945931129894554 0.9914448613738104 -0.10355339059327374 218 244 180
-0.09229595564125723 0.9914448613738104 -0.09229595564125727 223 244 180
-0.10355339059327372 0.9914448613738104 -0.07945931129894558 228 244 180
-0.11303899832181538 0.9914448613738104 -0.06526309611002584 234 244 180
-0.12059047744873957 0.9914448613738104 -0.04995021125231489 239 244 180
-0.12607862007251908 0.9914448613738104 -0.033782664431261815 244 244 180
-0.12940952255126037 0.9914448613738104 -0.017037086855465865 250 244 180
-0.13052619222005157 0.9914448613738104 -3.1969696701435666e-17 255 244 180
-0.25881904510252074 0.9659258262890683 0 0 234 180
-0.25660481229257065 0.9659258262890683 0.03378266443126182 5 234 180
-0.24999999999999997 0.9659258262890683 0.06698729810778066 11 234 180
-0.23911761839433449 0.9659258262890683 0.09904576054128762 16 234 180
-0.2241438680420134 0.9659258262890683 0.12940952255126034 21 234 180
-0.2053349539630727 0.9659258262890683 0.15755905175128304 27 234 180
-0.18301270189221933 0.9659258262890683 0.1830127018922193 32 234 180
-0.15755905175128304 0.9659258262890683 0.2053349539630727 37 234 180
-0.1294095225512604 0.9659258262890683 0.22414386804201336 43 234 180
-0.09904576054128764 0.9659258262890683 0.23911761839433449 48 234 180
-0.06698729810778066 0.9659258262890683 0.24999999999999997 53 234 180
-0.033782664431261857 0.9659258262890683 0.25660481229257065 58 234 180
-1.5848095757158825e-17 0.9659258262890683 0.25881904510252074 64 234 180
0.033782664431261766 0.9659258262890683 0.2566048122925707 69 234 180
0.06698729810778069 0.9659258262890683 0.24999999999999997 74 234 180
0.09904576054128761 0.9659258262890683 0.23911761839433449 80 234 180
0.12940952255126031 0.9659258262890683 0.2241438680420134 85 234 180
0.15755905175128304 0.9659258262890683 0.2053349539630727 90 234 180
0.1830127018922193 0.9659258262890683 0.18301270189221933 96 234 180
0.20533495396307264 0.9659258262890683 0.1575590517512831 101 234 180
0.2241438680420134 0.9659258262890683 0.12940952255126034 106 234 180
0.23911761839433449 0.9659258262890683 0.09904576054128765 112 234 180
0.24999999999999994 0.9659258262890683 0.06698729810778074 117 234 180
0.25660481229257065 0.9659258262890683 0.03378266443126182 122 234 180
0.25881904510252074 0.9659258262890683 3.169619151431765e-17 128 234 180
0.25660481229257065 0.9659258262890683 -0.03378266443126187 133 234 180
0.25 0.9659258262890683 -0.06698729810778056 138 234 180
0.2391176183943345 0.9659258262890683 -0.0990457605412876 143 234 180
0.22414386804201336 0.9659258262890683 -0.1294095225512604 149 234 180
0.20533495396307275 0.9659258262890683 -0.15755905175128296 154 234 180
0.18301270189221935 0.9659258262890683 -0.1830127018922193 159 234 180
0.1575590517512831 0.9659258262890683 -0.2053349539630726 165 234 180
0.12940952255126048 0.9659258262890683 -0.22414386804201333 170 234 180
0.09904576054128776 0.9659258262890683 -0.23911761839433443 175 234 180
0.06698729810778063 0.9659258262890683 -0.24999999999999997 181 234 180
0.033782664431261836 0.9659258262890683 -0.25660481229257065 186 234 180
4.7544287271476465e-17 0.9659258262890683 -0.25881904510252074 191 234 180
-0.03378266443126174 0.9659258262890683 -0.2566048122925707 197 234 180
-0.06698729810778055 0.9659258262890683 -0.25 202 234 180
-0.09904576054128768 0.9659258262890683 -0.23911761839433446 207 234 180
-0.1294095225512604 0.9659258262890683 -0.22414386804201336 213 234 180
-0.157559051751283 0.9659258262890683 -0.2053349539630727 218 234 180
-0.18301270189221927 0.9659258262890683 -0.18301270189221935 223 234 180
-0.2053349539630726 0.9659258262890683 -0.1575590517512831 228 234 180
-0.22414386804201328 0.9659258262890683 -0.12940952255126048 234 234 180
-0.23911761839433443 0.9659258262890683 -0.09904576054128778 239 234 180
-0.24999999999999997 0.9659258262890683 -0.06698729810778065 244 234 180
-0.25660481229257065 0.9659258262890683 -0.03378266443126185 250 234 180
-0.25881904510252074 0.9659258262890683 -6.33923830286353e-17 255 234 180
-0.3826834323650898 0.9238795325112867 0 0 223 180
-0.37940952255126037 0.9238795325112867 0.049950211252314816 5 223 180
-0.3696438106143861 0.9238795325112867 0.09904576054128762 11 223 180
-0.3535533905932738 0.9238795325112867 0.14644660940672624 16 223 180
-0.3314135740355918 0.9238795325112867 0.19134171618254486 21 223 180
-0.30360317934095893 0.9238795325112867 0.23296291314453416 27 223 180
-0.2705980500730985 0.9238795325112867 0.27059805007309845 32 223 180
-0.23296291314453416 0.9238795325112867 0.30360317934095893 37 223 180
-0.19134171618254495 0.9238795325112867 0.3314135740355918 43 223 180
-0.14644660940672627 0.9238795325112867 0.3535533905932738 48 223 180
-0.09904576054128762 0.9238795325112867 0.3696438106143861 53 223 180
-0.049950211252314865 0.9238795325112867 0.37940952255126037 58 223 180
-2.3432602026631493e-17 0.9238795325112867 0.3826834323650898 64 223 180
0.04995021125231474 0.9238795325112867 0.3794095225512604 69 223 180
0.09904576054128766 0.9238795325112867 0.3696438106143861 74 223 180
0.1464466094067262 0.9238795325112867 0.3535533905932738 80 223 180
0.1913417161825448 0.9238795325112867 0.3314135740355918 85 223 180
0.23296291314453416 0.9238795325112867 0.30360317934095893 90 223 180
0.27059805007309845 0.9238795325112867 0.2705980500730985 96 223 180
0.30360317934095893 0.9238795325112867 0.23296291314453424 101 223 180
0.3314135740355918 0.9238795325112867 0.19134171618254486 106 223 180
0.3535533905932738 0.9238795325112867 0.1464466094067263 112 223 180
0.3696438106143861 0.9238795325112867 0.09904576054128772 117 223 180
0.37940952255126037 0.9238795325112867 0.049950211252314816 122 223 180
0.3826834323650898 0.9238795325112867 4.6865204053262986e-17 128 223 180
0.37940952255126037 0.9238795325112867 -0.049950211252314886 133 223 180
0.36964381061438617 0.9238795325112867 -0.09904576054128747 138 223 180
0.3535533905932738 0.9238795325112867 -0.1464466094067262 143 223 180
0.3314135740355918 0.9238795325112867 -0.19134171618254495 149 223 180
0.30360317934095904 0.9238795325112867 -0.23296291314453402 154 223 180
0.27059805007309856 0.9238795325112867 -0.27059805007309845 159 223 180
0.23296291314453424 0.9238795325112867 -0.3036031793409589 165 223 180
0.19134171618254506 0.9238795325112867 -0.33141357403559174 170 223 180
0.14644660940672646 0.9238795325112867 -0.3535533905932737 175 223 180
0.09904576054128758 0.9238795325112867 -0.3696438106143861 181 223 180
0.04995021125231484 0.9238795325112867 -0.37940952255126037 186 223 180
7.029780607989448e-17 0.9238795325112867 -0.3826834323650898 191 223 180
-0.0499502112523147 0.9238795325112867 -0.3794095225512604 197 223 180
-0.09904576054128744 0.9238795325112867 -0.36964381061438617 202 223 180
-0.14644660940672632 0.9238795325112867 -0.35355339059327373 207 223 180
-0.19134171618254495 0.9238795325112867 -0.3314135740355918 213 223 180
-0.2329629131445341 0.9238795325112867 -0.30360317934095893 218 223 180
-0.27059805007309845 0.9238795325112867 -0.27059805007309856 223 223 180
-0.3036031793409589 0.9238795325112867 -0.23296291314453424 228 223 180
-0.3314135740355917 0.9238795325112867 -0.19134171618254506 234 223 180
-0.3535533905932737 0.9238795325112867 -0.1464466094067265 239 223 180
-0.3696438106143861 0.9238795325112867 -0.0990457605412876 244 223 180
-0.37940952255126037 0.9238795325112867 -0.04995021125231486 250 223 180
-0.3826834323650898 0.9238795325112867 -9.373040810652597e-17 255 223 180
-0.49999999999999994 0.8660254037844387 0 0 213 180
-0.49572243068690514 0.8660254037844387 0.06526309611002577 5 213 180
-0.4829629131445341 0.8660254037844387 0.12940952255126034 11 213 180
-0.4619397662556433 0.8660254037844387 0.19134171618254486 16 213 180
-0.4330127018922193 0.8660254037844387 0.24999999999999994 21 213 180
-0.3966766701456175 0.8660254037844387 0.3043807145043603 27 213 180
-0.35355339059327373 0.8660254037844387 0.3535533905932737 32 213 180
-0.3043807145043603 0.8660254037844387 0.3966766701456175 37 213 180
-0.25 0.8660254037844387 0.43301270189221924 43 213 180
-0.1913417161825449 0.8660254037844387 0.4619397662556433 48 213 180
-0.12940952255126034 0.8660254037844387 0.4829629131445341 53 213 180
-0.06526309611002584 0.8660254037844387 0.49572243068690514 58 213 180
-3.0616169978683824e-17 0.8660254037844387 0.49999999999999994 64 213 180
0.06526309611002568 0.8660254037844387 0.4957224306869052 69 213 180
0.1294095225512604 0.8660254037844387 0.4829629131445341 74 213 180
0.19134171618254484 0.8660254037844387 0.4619397662556433 80 213 180
0.24999999999999986 0.8660254037844387 0.4330127018922193 85 213 180
0.3043807145043603 0.8660254037844387 0.3966766701456175 90 213 180
0.3535533905932737 0.8660254037844387 0.35355339059327373 96 213 180
0.39667667014561747 0.8660254037844387 0.3043807145043604 101 213 180
0.4330127018922193 0.8660254037844387 0.24999999999999994 106 213 180
0.4619397662556433 0.8660254037844387 0.19134171618254492 112 213 180
0.48296291314453405 0.8660254037844387 0.12940952255126048 117 213 180
0.49572243068690514 0.8660254037844387 0.06526309611002577 122 213 180
0.49999999999999994 0.8660254037844387 6.123233995736765e-17 128 213 180
0.49572243068690514 0.8660254037844387 -0.06526309611002587 133 213 180
0.48296291314453416 0.8660254037844387 -0.12940952255126015 138 213 180
0.46193976625564337 0.8660254037844387 -0.1913417161825448 143 213 180
0.43301270189221924 0.8660254037844387 -0.25 149 213 180
0.39667667014561764 0.8660254037844387 -0.3043807145043601 154 213 180
0.3535533905932738 0.8660254037844387 -0.3535533905932737 159 213 180
0.3043807145043604 0.8660254037844387 -0.3966766701456174 165 213 180
0.25000000000000017 0.8660254037844387 -0.4330127018922192 170 213 180
0.19134171618254514 0.8660254037844387 -0.4619397662556432 175 213 180
0.1294095225512603 0.8660254037844387 -0.4829629131445341 181 213 180
0.0652630961100258 0.8660254037844387 -0.49572243068690514 186 213 180
9.184850993605147e-17 0.8660254037844387 -0.49999999999999994 191 213 180
-0.06526309611002562 0.8660254037844387 -0.4957224306869052 197 213 180
-0.12940952255126012 0.8660254037844387 -0.48296291314453416 202 213 180
-0.19134171618254497 0.8660254037844387 -0.46193976625564326 207 213 180
-0.25 0.8660254037844387 -0.43301270189221924 213 213 180
-0.3043807145043602 0.8660254037844387 -0.3966766701456175 218 213 180
-0.3535533905932736 0.8660254037844387 -0.3535533905932738 223 213 180
-0.3966766701456174 0.8660254037844387 -0.3043807145043604 228 213 180
-0.43301270189221913 0.8660254037844387 -0.25000000000000017 234 213 180
-0.4619397662556432 0.8660254037844387 -0.19134171618254517 239 213 180
-0.4829629131445341 0.8660254037844387 -0.12940952255126031 244 213 180
-0.49572243068690514 0.8660254037844387 -0.06526309611002583 250 213 180
-0.49999999999999994 0.8660254037844387 -1.224646799147353e-16 255 213 180
-0.6087614290087207 0.7933533402912352 0 0 202 180
-0.6035533905932737 0.7933533402912352 0.07945931129894555 5 202 180
-0.5880183863281625 0.7933533402912352 0.15755905175128304 11 202 180
-0.5624222244434797 0.7933533402912352 0.23296291314453416 16 202 180
-0.5272028623656693 0.7933533402912352 0.3043807145043603 21 202 180
-0.48296291314453416 0.7933533402912352 0.37059047744873963 27 202 180
-0.43045933457687946 0.7933533402912352 0.4304593345768794 32 202 180
-0.37059047744873963 0.7933533402912352 0.48296291314453416 37 202 180
-0.3043807145043604 0.7933533402912352 0.5272028623656692 43 202 180
-0.23296291314453418 0.7933533402912352 0.5624222244434797 48 202 180
-0.15755905175128304 0.7933533402912352 0.5880183863281625 53 202 180
-0.07945931129894564 0.7933533402912352 0.6035533905932737 58 202 180
-3.727588677399492e-17 0.7933533402912352 0.6087614290087207 64 202 180
0.07945931129894543 0.7933533402912352 0.6035533905932738 69 202 180
0.15755905175128312 0.7933533402912352 0.5880183863281625 74 202 180
0.23296291314453413 0.7933533402912352 0.5624222244434797 80 202 180
0.3043807145043602 0.7933533402912352 0.5272028623656693 85 202 180
0.37059047744873963 0.7933533402912352 0.48296291314453416 90 202 180
0.4304593345768794 0.7933533402912352 0.43045933457687946 96 202 180
0.4829629131445341 0.7933533402912352 0.3705904774487398 101 202 180
0.5272028623656693 0.7933533402912352 0.3043807145043603 106 202 180
0.5624222244434797 0.7933533402912352 0.2329629131445342 112 202 180
0.5880183863281624 0.7933533402912352 0.1575590517512832 117 202 180
0.6035533905932737 0.7933533402912352 0.07945931129894555 122 202 180
0.6087614290087207 0.7933533402912352 7.455177354798984e-17 128 202 180
0.6035533905932737 0.7933533402912352 -0.07945931129894566 133 202 180
0.5880183863281626 0.7933533402912352 -0.15755905175128282 138 202 180
0.5624222244434798 0.7933533402912352 -0.2329629131445341 143 202 180
0.5272028623656692 0.7933533402912352 -0.3043807145043604 149 202 180
0.48296291314453427 0.7933533402912352 -0.37059047744873946 154 202 180
0.4304593345768795 0.7933533402912352 -0.4304593345768794 159 202 180
0.3705904774487398 0.7933533402912352 -0.48296291314453405 165 202 180
0.3043807145043606 0.7933533402912352 -0.527202862365669 170 202 180
0.2329629131445345 0.7933533402912352 -0.5624222244434796 175 202 180
0.15755905175128299 0.7933533402912352 -0.5880183863281625 181 202 180
0.07945931129894558 0.7933533402912352 -0.6035533905932737 186 202 180
1.1182766032198476e-16 0.7933533402912352 -0.6087614290087207 191 202 180
-0.07945931129894537 0.7933533402912352 -0.6035533905932738 197 202 180
-0.1575590517512828 0.7933533402912352 -0.5880183863281626 202 202 180
-0.2329629131445343 0.7933533402912352 -0.5624222244434797 207 202 180
-0.3043807145043604 0.7933533402912352 -0.5272028623656692 213 202 180
-0.3705904774487396 0.7933533402912352 -0.48296291314453416 218 202 180
-0.4304593345768793 0.7933533402912352 -0.4304593345768795 223 202 180
-0.48296291314453405 0.7933533402912352 -0.3705904774487398 228 202 180
-0.527202862365669 0.7933533402912352 -0.3043807145043606 234 202 180
-0.5624222244434796 0.7933533402912352 -0.23296291314453452 239 202 180
-0.5880183863281625 0.7933533402912352 -0.157559051751283 244 202 180
-0.6035533905932737 0.7933533402912352 -0.07945931129894562 250 202 180
-0.6087614290087207 0.7933533402912352 -1.4910354709597969e-16 255 202 180
-0.7071067811865475 0.7071067811865476 0 0 191 180
-0.7010573846499778 0.7071067811865476 0.09229595564125724 5 191 180
-0.6830127018922193 0.7071067811865476 0.1830127018922193 11 191 180
-0.6532814824381882 0.7071067811865476 0.27059805007309845 16 191 180
-0.6123724356957945 0.7071067811865476 0.3535533905932737 21 191 180
-0.5609855267969309 0.7071067811865476 0.4304593345768794 27 191 180
-0.5 0.7071067811865476 0.4999999999999999 32 191 180
-0.4304593345768794 0.7071067811865476 0.5609855267969309 37 191 180
-0.3535533905932738 0.7071067811865476 0.6123724356957945 43 191 180
-0.2705980500730985 0.7071067811865476 0.6532814824381882 48 191 180
-0.1830127018922193 0.7071067811865476 0.6830127018922193 53 191 180
-0.09229595564125734 0.7071067811865476 0.7010573846499778 58 191 180
-4.329780281177466e-17 0.7071067811865476 0.7071067811865475 64 191 180
0.0922959556412571 0.7071067811865476 0.7010573846499779 69 191 180
0.18301270189221938 0.7071067811865476 0.6830127018922193 74 191 180
0.27059805007309845 0.7071067811865476 0.6532814824381882 80 191 180
0.35355339059327356 0.7071067811865476 0.6123724356957945 85 191 180
0.4304593345768794 0.7071067811865476 0.5609855267969309 90 191 180
0.4999999999999999 0.7071067811865476 0.5 96 191 180
0.5609855267969309 0.7071067811865476 0.4304593345768795 101 191 180
0.6123724356957945 0.7071067811865476 0.3535533905932737 106 191 180
0.6532814824381882 0.7071067811865476 0.27059805007309856 112 191 180
0.6830127018922192 0.7071067811865476 0.1830127018922195 117 191 180
0.7010573846499778 0.7071067811865476 0.09229595564125724 122 191 180
0.7071067811865475 0.7071067811865476 8.659560562354932e-17 128 191 180
0.7010573846499778 0.7071067811865476 -0.09229595564125738 133 191 180
0.6830127018922194 0.7071067811865476 -0.18301270189221902 138 191 180
0.6532814824381883 0.7071067811865476 -0.2705980500730984 143 191 180
0.6123724356957945 0.7071067811865476 -0.3535533905932738 149 191 180
0.5609855267969311 0.7071067811865476 -0.4304593345768791 154 191 180
0.5000000000000001 0.7071067811865476 -0.4999999999999999 159 191 180
0.4304593345768795 0.7071067811865476 -0.5609855267969308 165 191 180
0.35355339059327406 0.7071067811865476 -0.6123724356957944 170 191 180
0.2705980500730989 0.7071067811865476 -0.6532814824381881 175 191 180
0.18301270189221922 0.7071067811865476 -0.6830127018922193 181 191 180
0.09229595564125728 0.7071067811865476 -0.7010573846499778 186 191 180
1.2989340843532398e-16 0.7071067811865476 -0.7071067811865475 191 191 180
-0.09229595564125703 0.7071067811865476 -0.7010573846499779 197 191 180
-0.18301270189221897 0.7071067811865476 -0.6830127018922194 202 191 180
-0.2705980500730986 0.7071067811865476 -0.6532814824381881 207 191 180
-0.3535533905932738 0.7071067811865476 -0.6123724356957945 213 191 180
-0.4304593345768793 0.7071067811865476 -0.5609855267969309 218 191 180
-0.49999999999999983 0.7071067811865476 -0.5000000000000001 223 191 180
-0.5609855267969308 0.7071067811865476 -0.4304593345768795 228 191 180
-0.6123724356957942 0.7071067811865476 -0.35355339059327406 234 191 180
-0.6532814824381881 0.7071067811865476 -0.2705980500730989 239 191 180
-0.6830127018922193 0.7071067811865476 -0.18301270189221924 244 191 180
-0.7010573846499778 0.7071067811865476 -0.09229595564125732 250 191 180
-0.7071067811865475 0.7071067811865476 -1.7319121124709863e-16 255 191 180
-0.7933533402912352 0.6087614290087207 0 0 181 180
-0.786566092485493 0.6087614290087207 0.10355339059327374 5 181 180
-0.7663204807600037 0.6087614290087207 0.2053349539630727 11 181 180
-0.7329629131445341 0.6087614290087207 0.30360317934095893 16 181 180
-0.6870641468694502 0.6087614290087207 0.3966766701456175 21 181 180
-0.6294095225512604 0.6087614290087207 0.48296291314453416 27 181 180
-0.560985526796931 0.6087614290087207 0.5609855267969309 32 181 180
-0.48296291314453416 0.6087614290087207 0.6294095225512604 37 181 180
-0.3966766701456177 0.6087614290087207 0.68706414686945 43 181 180
-0.303603179340959 0.6087614290087207 0.7329629131445341 48 181 180
-0.2053349539630727 0.6087614290087207 0.7663204807600037 53 181 180
-0.10355339059327386 0.6087614290087207 0.786566092485493 58 181 180
-4.85788814390261e-17 0.6087614290087207 0.7933533402912352 64 181 180
0.10355339059327359 0.6087614290087207 0.7865660924854931 69 181 180
0.20533495396307277 0.6087614290087207 0.7663204807600037 74 181 180
0.30360317934095893 0.6087614290087207 0.7329629131445341 80 181 180
0.3966766701456174 0.6087614290087207 0.6870641468694502 85 181 180
0.48296291314453416 0.6087614290087207 0.6294095225512604 90 181 180
0.5609855267969309 0.6087614290087207 0.560985526796931 96 181 180
0.6294095225512603 0.6087614290087207 0.4829629131445343 101 181 180
0.6870641468694502 0.6087614290087207 0.3966766701456175 106 181 180
0.7329629131445341 0.6087614290087207 0.30360317934095904 112 181 180
0.7663204807600036 0.6087614290087207 0.20533495396307289 117 181 180
0.786566092485493 0.6087614290087207 0.10355339059327374 122 181 180
0.7933533402912352 0.6087614290087207 9.71577628780522e-17 128 181 180
0.786566092485493 0.6087614290087207 -0.1035533905932739 133 181 180
0.7663204807600038 0.6087614290087207 -0.20533495396307236 138 181 180
0.7329629131445342 0.6087614290087207 -0.3036031793409589 143 181 180
0.68706414686945 0.6087614290087207 -0.3966766701456177 149 181 180
0.6294095225512606 0.6087614290087207 -0.4829629131445339 154 181 180
0.5609855267969311 0.6087614290087207 -0.5609855267969309 159 181 180
0.4829629131445343 0.6087614290087207 -0.6294095225512603 165 181 180
0.3966766701456179 0.6087614290087207 -0.6870641468694499 170 181 180
0.3036031793409594 0.6087614290087207 -0.732962913144534 175 181 180
0.20533495396307258 0.6087614290087207 -0.7663204807600037 181 181 180
0.10355339059327379 0.6087614290087207 -0.786566092485493 186 181 180
1.457366443170783e-16 0.6087614290087207 -0.7933533402912352 191 181 180
-0.10355339059327351 0.6087614290087207 -0.7865660924854931 197 181 180
-0.20533495396307233 0.6087614290087207 -0.7663204807600038 202 181 180
-0.30360317934095915 0.6087614290087207 -0.732962913144534 207 181 180
-0.3966766701456177 0.6087614290087207 -0.68706414686945 213 181 180
-0.48296291314453405 0.6087614290087207 -0.6294095225512604 218 181 180
-0.5609855267969308 0.6087614290087207 -0.5609855267969311 223 181 180
-0.6294095225512603 0.6087614290087207 -0.4829629131445343 228 181 180
-0.6870641468694498 0.6087614290087207 -0.3966766701456179 234 181 180
-0.732962913144534 0.6087614290087207 -0.30360317934095943 239 181 180
-0.7663204807600037 0.6087614290087207 -0.20533495396307264 244 181 180
-0.786566092485493 0.6087614290087207 -0.10355339059327384 250 181 180
-0.7933533402912352 0.6087614290087207 -1.943155257561044e-16 255 181 180
-0.8660254037844386 0.5000000000000001 0 0 170 180
-0.8586164364012608 0.5000000000000001 0.11303899832181541 5 170 180
-0.8365163037378078 0.5000000000000001 0.22414386804201336 11 170 180
-0.8001031451912655 0.5000000000000001 0.3314135740355918 16 170 180
-0.75 0.5000000000000001 0.43301270189221924 21 170 180
-0.68706414686945 0.5000000000000001 0.5272028623656692 27 170 180
-0.6123724356957946 0.5000000000000001 0.6123724356957945 32 170 180
-0.5272028623656692 0.5000000000000001 0.68706414686945 37 170 180
-0.4330127018922194 0.5000000000000001 0.7499999999999999 43 170 180
-0.33141357403559185 0.5000000000000001 0.8001031451912655 48 170 180
-0.22414386804201336 0.5000000000000001 0.8365163037378078 53 170 180
-0.11303899832181553 0.5000000000000001 0.8586164364012608 58 170 180
-5.302876193624534e-17 0.5000000000000001 0.8660254037844386 64 170 180
0.11303899832181524 0.5000000000000001 0.858616436401261 69 170 180
0.22414386804201344 0.5000000000000001 0.8365163037378078 74 170 180
0.33141357403559174 0.5000000000000001 0.8001031451912655 80 170 180
0.43301270189221913 0.5000000000000001 0.75 85 170 180
0.5272028623656692 0.5000000000000001 0.68706414686945 90 170 180
0.6123724356957945 0.5000000000000001 0.6123724356957946 96 170 180
0.6870641468694499 0.5000000000000001 0.5272028623656694 101 170 180
0.75 0.5000000000000001 0.43301270189221924 106 170 180
0.8001031451912655 0.5000000000000001 0.33141357403559185 112 170 180
0.8365163037378078 0.5000000000000001 0.22414386804201358 117 170 180
0.8586164364012608 0.5000000000000001 0.11303899832181541 122 170 180
0.8660254037844386 0.5000000000000001 1.0605752387249068e-16 128 170 180
0.8586164364012608 0.5000000000000001 -0.11303899832181558 133 170 180
0.8365163037378079 0.5000000000000001 -0.224143868042013 138 170 180
0.8001031451912656 0.5000000000000001 -0.3314135740355917 143 170 180
0.7499999999999999 0.5000000000000001 -0.4330127018922194 149 170 180
0.6870641468694503 0.5000000000000001 -0.5272028623656688 154 170 180
0.6123724356957946 0.5000000000000001 -0.6123724356957945 159 170 180
0.5272028623656694 0.5000000000000001 -0.6870641468694498 165 170 180
0.4330127018922197 0.5000000000000001 -0.7499999999999998 170 170 180
0.33141357403559224 0.5000000000000001 -0.8001031451912652 175 170 180
0.22414386804201325 0.5000000000000001 -0.8365163037378078 181 170 180
0.11303899832181546 0.5000000000000001 -0.8586164364012608 186 170 180
1.5908628580873602e-16 0.5000000000000001 -0.8660254037844386 191 170 180
-0.11303899832181515 0.5000000000000001 -0.858616436401261 197 170 180
-0.22414386804201297 0.5000000000000001 -0.8365163037378079 202 170 180
-0.33141357403559196 0.5000000000000001 -0.8001031451912654 207 170 180
-0.4330127018922194 0.5000000000000001 -0.7499999999999999 213 170 180
-0.527202862365669 0.5000000000000001 -0.68706414686945 218 170 180
-0.6123724356957944 0.5000000000000001 -0.6123724356957946 223 170 180
-0.6870641468694498 0.5000000000000001 -0.5272028623656694 228 170 180
-0.7499999999999997 0.5000000000000001 -0.4330127018922197 234 170 180
-0.8001031451912652 0.5000000000000001 -0.3314135740355923 239 170 180
-0.8365163037378078 0.5000000000000001 -0.2241438680420133 244 170 180
-0.8586164364012608 0.5000000000000001 -0.1130389983218155 250 170 180
-0.8660254037844386 0.5000000000000001 -2.1211504774498136e-16 255 170 180
-0.9238795325112867 0.38268343236508984 0 0 159 180
-0.9159756150367534 0.38268343236508984 0.1205904774487396 5 159 180
-0.8923991008325228 0.38268343236508984 0.23911761839433449 11 159 180
-0.8535533905932737 0.38268343236508984 0.3535533905932738 16 159 180
-0.8001031451912656 0.38268343236508984 0.4619397662556433 21 159 180
-0.7329629131445341 0.38268343236508984 0.5624222244434797 27 159 180
-0.6532814824381883 0.38268343236508984 0.6532814824381882 32 159 180
-0.5624222244434797 0.38268343236508984 0.7329629131445341 37 159 180
-0.4619397662556435 0.38268343236508984 0.8001031451912655 43 159 180
-0.35355339059327384 0.38268343236508984 0.8535533905932737 48 159 180
-0.23911761839433449 0.38268343236508984 0.8923991008325228 53 159 180
-0.12059047744873973 0.38268343236508984 0.9159756150367534 58 159 180
-5.657130561438501e-17 0.38268343236508984 0.9238795325112867 64 159 180
0.12059047744873942 0.38268343236508984 0.9159756150367535 69 159 180
0.2391176183943346 0.38268343236508984 0.8923991008325228 74 159 180
0.35355339059327373 0.38268343236508984 0.8535533905932737 80 159 180
0.46193976625564315 0.38268343236508984 0.8001031451912656 85 159 180
0.5624222244434797 0.38268343236508984 0.7329629131445341 90 159 180
0.6532814824381882 0.38268343236508984 0.6532814824381883 96 159 180
0.732962913144534 0.38268343236508984 0.5624222244434799 101 159 180
0.8001031451912656 0.38268343236508984 0.4619397662556433 106 159 180
0.8535533905932737 0.38268343236508984 0.35355339059327384 112 159 180
0.8923991008325227 0.38268343236508984 0.23911761839433476 117 159 180
0.9159756150367534 0.38268343236508984 0.1205904774487396 122 159 180
0.9238795325112867 0.38268343236508984 1.1314261122877003e-16 128 159 180
0.9159756150367534 0.38268343236508984 -0.12059047744873978 133 159 180
0.8923991008325229 0.38268343236508984 -0.23911761839433415 138 159 180
0.8535533905932738 0.38268343236508984 -0.3535533905932737 143 159 180
0.8001031451912655 0.38268343236508984 -0.4619397662556435 149 159 180
0.7329629131445343 0.38268343236508984 -0.5624222244434794 154 159 180
0.6532814824381884 0.38268343236508984 -0.6532814824381882 159 159 180
0.5624222244434799 0.38268343236508984 -0.7329629131445339 165 159 180
0.46193976625564376 0.38268343236508984 -0.8001031451912654 170 159 180
0.3535533905932743 0.38268343236508984 -0.8535533905932735 175 159 180
0.2391176183943344 0.38268343236508984 -0.8923991008325228 181 159 180
0.12059047744873964 0.38268343236508984 -0.9159756150367534 186 159 180
1.6971391684315505e-16 0.38268343236508984 -0.9238795325112867 191 159 180
-0.12059047744873931 0.38268343236508984 -0.9159756150367535 197 159 180
-0.2391176183943341 0.38268343236508984 -0.8923991008325229 202 159 180
-0.35355339059327395 0.38268343236508984 -0.8535533905932736 207 159 180
-0.4619397662556435 0.38268343236508984 -0.8001031451912655 213 159 180
-0.5624222244434796 0.38268343236508984 -0.7329629131445341 218 159 180
-0.6532814824381881 0.38268343236508984 -0.6532814824381884 223 159 180
-0.7329629131445339 0.38268343236508984 -0.5624222244434799 228 159 180
-0.8001031451912652 0.38268343236508984 -0.46193976625564376 234 159 180
-0.8535533905932735 0.38268343236508984 -0.35355339059327434 239 159 180
-0.8923991008325228 0.38268343236508984 -0.23911761839433446 244 159 180
-0.9159756150367534 0.38268343236508984 -0.1205904774487397 250 159 180
-0.9238795325112867 0.38268343236508984 -2.2628522245754005e-16 255 159 180
-0.9659258262890683 0.25881904510252074 0 0 149 180
-0.9576621969425486 0.25881904510252074 0.12607862007251908 5 149 180
-0.9330127018922194 0.25881904510252074 0.24999999999999997 11 149 180
-0.8923991008325228 0.25881904510252074 0.3696438106143861 16 149 180
-0.8365163037378079 0.25881904510252074 0.4829629131445341 21 149 180
-0.7663204807600037 0.25881904510252074 0.5880183863281625 27 149 180
-0.6830127018922194 0.25881904510252074 0.6830127018922193 32 149 180
-0.5880183863281625 0.25881904510252074 0.7663204807600037 37 149 180
-0.48296291314453427 0.25881904510252074 0.8365163037378078 43 149 180
-0.36964381061438617 0.25881904510252074 0.8923991008325228 48 149 180
-0.24999999999999997 0.25881904510252074 0.9330127018922194 53 149 180
-0.12607862007251922 0.25881904510252074 0.9576621969425486 58 149 180
-5.914589856893349e-17 0.25881904510252074 0.9659258262890683 64 149 180
0.12607862007251888 0.25881904510252074 0.9576621969425487 69 149 180
0.2500000000000001 0.25881904510252074 0.9330127018922194 74 149 180
0.36964381061438606 0.25881904510252074 0.8923991008325228 80 149 180
0.48296291314453393 0.25881904510252074 0.8365163037378079 85 149 180
0.5880183863281625 0.25881904510252074 0.7663204807600037 90 149 180
0.6830127018922193 0.25881904510252074 0.6830127018922194 96 149 180
0.7663204807600036 0.25881904510252074 0.5880183863281627 101 149 180
0.8365163037378079 0.25881904510252074 0.4829629131445341 106 149 180
0.8923991008325228 0.25881904510252074 0.3696438106143862 112 149 180
0.9330127018922193 0.25881904510252074 0.2500000000000003 117 149 180
0.9576621969425486 0.25881904510252074 0.12607862007251908 122 149 180
0.9659258262890683 0.25881904510252074 1.1829179713786698e-16 128 149 180
0.9576621969425486 0.25881904510252074 -0.12607862007251927 133 149 180
0.9330127018922195 0.25881904510252074 -0.2499999999999996 138 149 180
0.8923991008325229 0.25881904510252074 -0.369643810614386 143 149 180
0.8365163037378078 0.25881904510252074 -0.48296291314453427 149 149 180
0.7663204807600039 0.25881904510252074 -0.5880183863281622 154 149 180
0.6830127018922195 0.25881904510252074 -0.6830127018922193 159 149 180
0.5880183863281627 0.25881904510252074 -0.7663204807600035 165 149 180
0.4829629131445346 0.25881904510252074 -0.8365163037378077 170 149 180
0.36964381061438667 0.25881904510252074 -0.8923991008325226 175 149 180
0.2499999999999999 0.25881904510252074 -0.9330127018922194 181 149 180
0.12607862007251913 0.25881904510252074 -0.9576621969425486 186 149 180
1.7743769570680046e-16 0.25881904510252074 -0.9659258262890683 191 149 180
-0.12607862007251877 0.25881904510252074 -0.9576621969425487 197 149 180
-0.24999999999999956 0.25881904510252074 -0.9330127018922195 202 149 180
-0.36964381061438634 0.25881904510252074 -0.8923991008325227 207 149 180
-0.48296291314453427 0.25881904510252074 -0.8365163037378078 213 149 180
-0.5880183863281624 0.25881904510252074 -0.7663204807600037 218 149 180
-0.6830127018922192 0.25881904510252074 -0.6830127018922195 223 149 180
-0.7663204807600035 0.25881904510252074 -0.5880183863281627 228 149 180
-0.8365163037378076 0.25881904510252074 -0.4829629131445346 234 149 180
-0.8923991008325226 0.25881904510252074 -0.3696438106143867 239 149 180
-0.9330127018922194 0.25881904510252074 -0.24999999999999994 244 149 180
-0.9576621969425486 0.25881904510252074 -0.1260786200725192 250 149 180
-0.9659258262890683 0.25881904510252074 -2.3658359427573397e-16 255 149 180
-0.9914448613738104 0.1305261922200517 0 0 138 180
-0.9829629131445341 0.1305261922200517 0.12940952255126037 5 138 180
-0.9576621969425486 0.1305261922200517 0.25660481229257065 11 138 180
-0.9159756150367534 0.1305261922200517 0.37940952255126037 16 138 180
-0.858616436401261 0.1305261922200517 0.49572243068690514 21 138 180
-0.786566092485493 0.1305261922200517 0.6035533905932737 27 138 180
-0.7010573846499779 0.1305261922200517 0.7010573846499778 32 138 180
-0.6035533905932737 0.1305261922200517 0.786566092485493 37 138 180
-0.4957224306869053 0.1305261922200517 0.8586164364012608 43 138 180
-0.3794095225512604 0.1305261922200517 0.9159756150367534 48 138 180
-0.25660481229257065 0.1305261922200517 0.9576621969425486 53 138 180
-0.1294095225512605 0.1305261922200517 0.9829629131445341 58 138 180
-6.070848880062641e-17 0.1305261922200517 0.9914448613738104 64 138 180
0.12940952255126018 0.1305261922200517 0.9829629131445342 69 138 180
0.25660481229257076 0.1305261922200517 0.9576621969425486 74 138 180
0.3794095225512603 0.1305261922200517 0.9159756150367534 80 138 180
0.49572243068690497 0.1305261922200517 0.858616436401261 85 138 180
0.6035533905932737 0.1305261922200517 0.786566092485493 90 138 180
0.7010573846499778 0.1305261922200517 0.7010573846499779 96 138 180
0.7865660924854929 0.1305261922200517 0.603553390593274 101 138 180
0.858616436401261 0.1305261922200517 0.49572243068690514 106 138 180
0.9159756150367534 0.1305261922200517 0.3794095225512605 112 138 180
0.9576621969425485 0.1305261922200517 0.2566048122925709 117 138 180
0.9829629131445341 0.1305261922200517 0.12940952255126037 122 138 180
0.9914448613738104 0.1305261922200517 1.2141697760125282e-16 128 138 180
0.9829629131445341 0.1305261922200517 -0.12940952255126056 133 138 180
0.9576621969425487 0.1305261922200517 -0.25660481229257026 138 138 180
0.9159756150367535 0.1305261922200517 -0.37940952255126026 143 138 180
0.8586164364012608 0.1305261922200517 -0.4957224306869053 149 138 180
0.7865660924854933 0.1305261922200517 -0.6035533905932734 154 138 180
0.701057384649978 0.1305261922200517 -0.7010573846499778 159 138 180
0.603553390593274 0.1305261922200517 -0.7865660924854928 165 138 180
0.49572243068690564 0.1305261922200517 -0.8586164364012607 170 138 180
0.3794095225512609 0.1305261922200517 -0.9159756150367532 175 138 180
0.25660481229257054 0.1305261922200517 -0.9576621969425486 181 138 180
0.12940952255126043 0.1305261922200517 -0.9829629131445341 186 138 180
1.821254664018792e-16 0.1305261922200517 -0.9914448613738104 191 138 180
-0.12940952255126006 0.1305261922200517 -0.9829629131445342 197 138 180
-0.2566048122925702 0.1305261922200517 -0.9576621969425487 202 138 180
-0.3794095225512606 0.1305261922200517 -0.9159756150367533 207 138 180
-0.4957224306869053 0.1305261922200517 -0.8586164364012608 213 138 180
-0.6035533905932736 0.1305261922200517 -0.786566092485493 218 138 180
-0.7010573846499777 0.1305261922200517 -0.701057384649978 223 138 180
-0.7865660924854928 0.1305261922200517 -0.603553390593274 228 138 180
-0.8586164364012606 0.1305261922200517 -0.49572243068690564 234 138 180
-0.9159756150367532 0.1305261922200517 -0.379409522551261 239 138 180
-0.9576621969425486 0.1305261922200517 -0.2566048122925706 244 138 180
-0.9829629131445341 0.1305261922200517 -0.12940952255126048 250 138 180
-0.9914448613738104 0.1305261922200517 -2.4283395520250564e-16 255 138 180
-1 6.123233995736766e-17 0 0 128 180
-0.9914448613738104 6.123233995736766e-17 0.13052619222005157 5 128 180
-0.9659258262890683 6.123233995736766e-17 0.25881904510252074 11 128 180
-0.9238795325112867 6.123233995736766e-17 0.3826834323650898 16 128 180
-0.8660254037844387 6.123233995736766e-17 0.49999999999999994 21 128 180
-0.7933533402912352 6.123233995736766e-17 0.6087614290087207 27 128 180
-0.7071067811865476 6.123233995736766e-17 0.7071067811865475 32 128 180
-0.6087614290087207 6.123233995736766e-17 0.7933533402912352 37 128 180
-0.5000000000000001 6.123233995736766e-17 0.8660254037844386 43 128 180
-0.38268343236508984 6.123233995736766e-17 0.9238795325112867 48 128 180
-0.25881904510252074 6.123233995736766e-17 0.9659258262890683 53 128 180
-0.1305261922200517 6.123233995736766e-17 0.9914448613738104 58 128 180
-6.123233995736766e-17 6.123233995736766e-17 1 64 128 180
0.13052619222005138 6.123233995736766e-17 0.9914448613738105 69 128 180
0.25881904510252085 6.123233995736766e-17 0.9659258262890683 74 128 180
0.3826834323650897 6.123233995736766e-17 0.9238795325112867 80 128 180
0.4999999999999998 6.123233995736766e-17 0.8660254037844387 85 128 180
0.6087614290087207 6.123233995736766e-17 0.7933533402912352 90 128 180
0.7071067811865475 6.123233995736766e-17 0.7071067811865476 96 128 180
0.793353340291235 6.123233995736766e-17 0.6087614290087209 101 128 180
0.8660254037844387 6.123233995736766e-17 0.49999999999999994 106 128 180
0.9238795325112867 6.123233995736766e-17 0.3826834323650899 112 128 180
0.9659258262890682 6.123233995736766e-17 0.258819045102521 117 128 180
0.9914448613738104 6.123233995736766e-17 0.13052619222005157 122 128 180
1 6.123233995736766e-17 1.2246467991473532e-16 128 128 180
0.9914448613738104 6.123233995736766e-17 -0.13052619222005177 133 128 180
0.9659258262890684 6.123233995736766e-17 -0.25881904510252035 138 128 180
0.9238795325112868 6.123233995736766e-17 -0.38268343236508967 143 128 180
0.8660254037844386 6.123233995736766e-17 -0.5000000000000001 149 128 180
0.7933533402912354 6.123233995736766e-17 -0.6087614290087203 154 128 180
0.7071067811865477 6.123233995736766e-17 -0.7071067811865475 159 128 180
0.6087614290087209 6.123233995736766e-17 -0.7933533402912349 165 128 180
0.5000000000000004 6.123233995736766e-17 -0.8660254037844385 170 128 180
0.38268343236509034 6.123233995736766e-17 -0.9238795325112865 175 128 180
0.25881904510252063 6.123233995736766e-17 -0.9659258262890683 181 128 180
0.13052619222005163 6.123233995736766e-17 -0.9914448613738104 186 128 180
1.8369701987210297e-16 6.123233995736766e-17 -1 191 128 180
-0.13052619222005127 6.123233995736766e-17 -0.9914448613738105 197 128 180
-0.2588190451025203 6.123233995736766e-17 -0.9659258262890684 202 128 180
-0.38268343236509 6.123233995736766e-17 -0.9238795325112866 207 128 180
-0.5000000000000001 6.123233995736766e-17 -0.8660254037844386 213 128 180
-0.6087614290087205 6.123233995736766e-17 -0.7933533402912352 218 128 180
-0.7071067811865474 6.123233995736766e-17 -0.7071067811865477 223 128 180
-0.7933533402912349 6.123233995736766e-17 -0.6087614290087209 228 128 180
-0.8660254037844384 6.123233995736766e-17 -0.5000000000000004 234 128 180
-0.9238795325112865 6.123233995736766e-17 -0.3826834323650904 239 128 180
-0.9659258262890683 6.123233995736766e-17 -0.2588190451025207 244 128 180
-0.9914448613738104 6.123233995736766e-17 -0.13052619222005168 250 128 180
-1 6.123233995736766e-17 -2.4492935982947064e-16 255 128 180
-0.9914448613738105 -0.13052619222005138 0 0 117 180
-0.9829629131445342 -0.13052619222005138 0.12940952255126037 5 117 180
-0.9576621969425487 -0.13052619222005138 0.2566048122925707 11 117 180
-0.9159756150367535 -0.13052619222005138 0.3794095225512604 16 117 180
-0.8586164364012611 -0.13052619222005138 0.4957224306869052 21 117 180
-0.7865660924854931 -0.13052619222005138 0.6035533905932738 27 117 180
-0.701057384649978 -0.13052619222005138 0.7010573846499779 32 117 180
-0.6035533905932738 -0.13052619222005138 0.7865660924854931 37 117 180
-0.49572243068690536 -0.13052619222005138 0.858616436401261 43 117 180
-0.3794095225512605 -0.13052619222005138 0.9159756150367535 48 117 180
-0.2566048122925707 -0.13052619222005138 0.9576621969425487 53 117 180
-0.1294095225512605 -0.13052619222005138 0.9829629131445342 58 117 180
-6.070848880062641e-17 -0.13052619222005138 0.9914448613738105 64 117 180
0.12940952255126018 -0.13052619222005138 0.9829629131445343 69 117 180
0.2566048122925708 -0.13052619222005138 0.9576621969425487 74 117 180
0.37940952255126037 -0.13052619222005138 0.9159756150367535 80 117 180
0.495722430686905 -0.13052619222005138 0.8586164364012611 85 117 180
0.6035533905932738 -0.13052619222005138 0.7865660924854931 90 117 180
0.7010573846499779 -0.13052619222005138 0.701057384649978 96 117 180
0.786566092485493 -0.13052619222005138 0.6035533905932741 101 117 180
0.8586164364012611 -0.13052619222005138 0.4957224306869052 106 117 180
0.9159756150367535 -0.13052619222005138 0.37940952255126054 112 117 180
0.9576621969425486 -0.13052619222005138 0.256604812292571 117 117 180
0.9829629131445342 -0.13052619222005138 0.12940952255126037 122 117 180
0.9914448613738105 -0.13052619222005138 1.2141697760125282e-16 128 117 180
0.9829629131445342 -0.13052619222005138 -0.12940952255126056 133 117 180
0.9576621969425488 -0.13052619222005138 -0.2566048122925703 138 117 180
0.9159756150367536 -0.13052619222005138 -0.3794095225512603 143 117 180
0.858616436401261 -0.13052619222005138 -0.49572243068690536 149 117 180
0.7865660924854934 -0.13052619222005138 -0.6035533905932735 154 117 180
0.7010573846499781 -0.13052619222005138 -0.7010573846499779 159 117 180
0.6035533905932741 -0.13052619222005138 -0.7865660924854929 165 117 180
0.4957224306869057 -0.13052619222005138 -0.8586164364012608 170 117 180
0.379409522551261 -0.13052619222005138 -0.9159756150367533 175 117 180
0.2566048122925706 -0.13052619222005138 -0.9576621969425487 181 117 180
0.12940952255126043 -0.13052619222005138 -0.9829629131445342 186 117 180
1.8212546640187923e-16 -0.13052619222005138 -0.9914448613738105 191 117 180
-0.12940952255126006 -0.13052619222005138 -0.9829629131445343 197 117 180
-0.25660481229257026 -0.13052619222005138 -0.9576621969425488 202 117 180
-0.37940952255126065 -0.13052619222005138 -0.9159756150367534 207 117 180
-0.49572243068690536 -0.13052619222005138 -0.858616436401261 213 117 180
-0.6035533905932737 -0.13052619222005138 -0.7865660924854931 218 117 180
-0.7010573846499778 -0.13052619222005138 -0.7010573846499781 223 117 180
-0.7865660924854929 -0.13052619222005138 -0.6035533905932741 228 117 180
-0.8586164364012607 -0.13052619222005138 -0.4957224306869057 234 117 180
-0.9159756150367533 -0.13052619222005138 -0.37940952255126104 239 117 180
-0.9576621969425487 -0.13052619222005138 -0.25660481229257065 244 117 180
-0.9829629131445342 -0.13052619222005138 -0.12940952255126048 250 117 180
-0.9914448613738105 -0.13052619222005138 -2.4283395520250564e-16 255 117 180
-0.9659258262890683 -0.25881904510252085 0 0 106 180
-0.9576621969425486 -0.25881904510252085 0.12607862007251908 5 106 180
-0.9330127018922194 -0.25881904510252085 0.24999999999999997 11 106 180
-0.8923991008325228 -0.25881904510252085 0.3696438106143861 16 106 180
-0.8365163037378079 -0.25881904510252085 0.4829629131445341 21 106 180
-0.7663204807600037 -0.25881904510252085 0.5880183863281625 27 106 180
-0.6830127018922194 -0.25881904510252085 0.6830127018922193 32 106 180
-0.5880183863281625 -0.25881904510252085 0.7663204807600037 37 106 180
-0.48296291314453427 -0.25881904510252085 0.8365163037378078 43 106 180
-0.36964381061438617 -0.25881904510252085 0.8923991008325228 48 106 180
-0.24999999999999997 -0.25881904510252085 0.9330127018922194 53 106 180
-0.12607862007251922 -0.25881904510252085 0.9576621969425486 58 106 180
-5.914589856893349e-17 -0.25881904510252085 0.9659258262890683 64 106 180
0.12607862007251888 -0.25881904510252085 0.9576621969425487 69 106 180
0.2500000000000001 -0.25881904510252085 0.9330127018922194 74 106 180
0.36964381061438606 -0.25881904510252085 0.8923991008325228 80 106 180
0.48296291314453393 -0.25881904510252085 0.8365163037378079 85 106 180
0.5880183863281625 -0.25881904510252085 0.7663204807600037 90 106 180
0.6830127018922193 -0.25881904510252085 0.6830127018922194 96 106 180
0.7663204807600036 -0.25881904510252085 0.5880183863281627 101 106 180
0.8365163037378079 -0.25881904510252085 0.4829629131445341 106 106 180
0.8923991008325228 -0.25881904510252085 0.3696438106143862 112 106 180
0.9330127018922193 -0.25881904510252085 0.2500000000000003 117 106 180
0.9576621969425486 -0.25881904510252085 0.12607862007251908 122 106 180
0.9659258262890683 -0.25881904510252085 1.1829179713786698e-16 128 106 180
0.9576621969425486 -0.25881904510252085 -0.12607862007251927 133 106 180
0.9330127018922195 -0.25881904510252085 -0.2499999999999996 138 106 180
0.8923991008325229 -0.25881904510252085 -0.369643810614386 143 106 180
0.8365163037378078 -0.25881904510252085 -0.48296291314453427 149 106 180
0.7663204807600039 -0.25881904510252085 -0.5880183863281622 154 106 180
0.6830127018922195 -0.25881904510252085 -0.6830127018922193 159 106 180
0.5880183863281627 -0.25881904510252085 -0.7663204807600035 165 106 180
0.4829629131445346 -0.25881904510252085 -0.8365163037378077 170 106 180
0.36964381061438667 -0.25881904510252085 -0.8923991008325226 175 106 180
0.2499999999999999 -0.25881904510252085 -0.9330127018922194 181 106 180
0.12607862007251913 -0.25881904510252085 -0.9576621969425486 186 106 180
1.7743769570680046e-16 -0.25881904510252085 -0.9659258262890683 191 106 180
-0.12607862007251877 -0.25881904510252085 -0.9576621969425487 197 106 180
-0.24999999999999956 -0.25881904510252085 -0.9330127018922195 202 106 180
-0.36964381061438634 -0.25881904510252085 -0.8923991008325227 207 106 180
-0.48296291314453427 -0.25881904510252085 -0.8365163037378078 213 106 180
-0.5880183863281624 -0.25881904510252085 -0.7663204807600037 218 106 180
-0.6830127018922192 -0.25881904510252085 -0.6830127018922195 223 106 180
-0.7663204807600035 -0.25881904510252085 -0.5880183863281627 228 106 180
-0.8365163037378076 -0.25881904510252085 -0.4829629131445346 234 106 180
-0.8923991008325226 -0.25881904510252085 -0.3696438106143867 239 106 180
-0.9330127018922194 -0.25881904510252085 -0.24999999999999994 244 106 180
-0.9576621969425486 -0.25881904510252085 -0.1260786200725192 250 106 180
-0.9659258262890683 -0.25881904510252085 -2.3658359427573397e-16 255 106 180
-0.9238795325112867 -0.3826834323650897 0 0 96 180
-0.9159756150367534 -0.3826834323650897 0.1205904774487396 5 96 180
-0.8923991008325228 -0.3826834323650897 0.23911761839433449 11 96 180
-0.8535533905932737 -0.3826834323650897 0.3535533905932738 16 96 180
-0.8001031451912656 -0.3826834323650897 0.4619397662556433 21 96 180
-0.7329629131445341 -0.3826834323650897 0.5624222244434797 27 96 180
-0.6532814824381883 -0.3826834323650897 0.6532814824381882 32 96 180
-0.5624222244434797 -0.3826834323650897 0.7329629131445341 37 96 180
-0.4619397662556435 -0.3826834323650897 0.8001031451912655 43 96 180
-0.35355339059327384 -0.3826834323650897 0.8535533905932737 48 96 180
-0.23911761839433449 -0.3826834323650897 0.8923991008325228 53 96 180
-0.12059047744873973 -0.3826834323650897 0.9159756150367534 58 96 180
-5.657130561438501e-17 -0.3826834323650897 0.9238795325112867 64 96 180
0.12059047744873942 -0.3826834323650897 0.9159756150367535 69 96 180
0.2391176183943346 -0.3826834323650897 0.8923991008325228 74 96 180
0.35355339059327373 -0.3826834323650897 0.8535533905932737 80 96 180
0.46193976625564315 -0.3826834323650897 0.8001031451912656 85 96 180
0.5624222244434797 -0.3826834323650897 0.7329629131445341 90 96 180
0.6532814824381882 -0.3826834323650897 0.6532814824381883 96 96 180
0.732962913144534 -0.3826834323650897 0.5624222244434799 101 96 180
0.8001031451912656 -0.3826834323650897 0.4619397662556433 106 96 180
0.8535533905932737 -0.3826834323650897 0.35355339059327384 112 96 180
0.8923991008325227 -0.3826834323650897 0.23911761839433476 117 96 180
0.9159756150367534 -0.3826834323650897 0.1205904774487396 122 96 180
0.9238795325112867 -0.3826834323650897 1.1314261122877003e-16 128 96 180
0.9159756150367534 -0.3826834323650897 -0.12059047744873978 133 96 180
0.8923991008325229 -0.3826834323650897 -0.23911761839433415 138 96 180
0.8535533905932738 -0.3826834323650897 -0.3535533905932737 143 96 180
0.8001031451912655 -0.3826834323650897 -0.4619397662556435 149 96 180
0.7329629131445343 -0.3826834323650897 -0.5624222244434794 154 96 180
0.6532814824381884 -0.3826834323650897 -0.6532814824381882 159 96 180
0.5624222244434799 -0.3826834323650897 -0.7329629131445339 165 96 180
0.46193976625564376 -0.3826834323650897 -0.8001031451912654 170 96 180
0.3535533905932743 -0.3826834323650897 -0.8535533905932735 175 96 180
0.2391176183943344 -0.3826834323650897 -0.8923991008325228 181 96 180
0.12059047744873964 -0.3826834323650897 -0.9159756150367534 186 96 180
1.6971391684315505e-16 -0.3826834323650897 -0.9238795325112867 191 96 180
-0.12059047744873931 -0.3826834323650897 -0.9159756150367535 197 96 180
-0.2391176183943341 -0.3826834323650897 -0.8923991008325229 202 96 180
-0.35355339059327395 -0.3826834323650897 -0.8535533905932736 207 96 180
-0.4619397662556435 -0.3826834323650897 -0.8001031451912655 213 96 180
-0.5624222244434796 -0.3826834323650897 -0.7329629131445341 218 96 180
-0.6532814824381881 -0.3826834323650897 -0.6532814824381884 223 96 180
-0.7329629131445339 -0.3826834323650897 -0.5624222244434799 228 96 180
-0.8001031451912652 -0.3826834323650897 -0.46193976625564376 234 96 180
-0.8535533905932735 -0.3826834323650897 -0.35355339059327434 239 96 180
-0.8923991008325228 -0.3826834323650897 -0.23911761839433446 244 96 180
-0.9159756150367534 -0.3826834323650897 -0.1205904774487397 250 96 180
-0.9238795325112867 -0.3826834323650897 -2.2628522245754005e-16 255 96 180
-0.8660254037844387 -0.4999999999999998 0 0 85 180
-0.858616436401261 -0.4999999999999998 0.11303899832181542 5 85 180
-0.8365163037378079 -0.4999999999999998 0.2241438680420134 11 85 180
-0.8001031451912656 -0.4999999999999998 0.3314135740355918 16 85 180
-0.7500000000000001 -0.4999999999999998 0.4330127018922193 21 85 180
-0.6870641468694502 -0.4999999999999998 0.5272028623656693 27 85 180
-0.6123724356957946 -0.4999999999999998 0.6123724356957945 32 85 180
-0.5272028623656693 -0.4999999999999998 0.6870641468694502 37 85 180
-0.43301270189221946 -0.4999999999999998 0.75 43 85 180
-0.33141357403559185 -0.4999999999999998 0.8001031451912656 48 85 180
-0.2241438680420134 -0.4999999999999998 0.8365163037378079 53 85 180
-0.11303899832181555 -0.4999999999999998 0.858616436401261 58 85 180
-5.3028761936245346e-17 -0.4999999999999998 0.8660254037844387 64 85 180
0.11303899832181526 -0.4999999999999998 0.8586164364012611 69 85 180
0.22414386804201347 -0.4999999999999998 0.8365163037378079 74 85 180
0.3314135740355918 -0.4999999999999998 0.8001031451912656 80 85 180
0.4330127018922192 -0.4999999999999998 0.7500000000000001 85 85 180
0.5272028623656693 -0.4999999999999998 0.6870641468694502 90 85 180
0.6123724356957945 -0.4999999999999998 0.6123724356957946 96 85 180
0.68706414686945 -0.4999999999999998 0.5272028623656694 101 85 180
0.7500000000000001 -0.4999999999999998 0.4330127018922193 106 85 180
0.8001031451912656 -0.4999999999999998 0.3314135740355919 112 85 180
0.8365163037378079 -0.4999999999999998 0.2241438680420136 117 85 180
0.858616436401261 -0.4999999999999998 0.11303899832181542 122 85 180
0.8660254037844387 -0.4999999999999998 1.0605752387249069e-16 128 85 180
0.858616436401261 -0.4999999999999998 -0.11303899832181559 133 85 180
0.836516303737808 -0.4999999999999998 -0.22414386804201303 138 85 180
0.8001031451912657 -0.4999999999999998 -0.33141357403559174 143 85 180
0.75 -0.4999999999999998 -0.43301270189221946 149 85 180
0.6870641468694504 -0.4999999999999998 -0.5272028623656689 154 85 180
0.6123724356957947 -0.4999999999999998 -0.6123724356957945 159 85 180
0.5272028623656694 -0.4999999999999998 -0.6870641468694499 165 85 180
0.43301270189221974 -0.4999999999999998 -0.7499999999999999 170 85 180
0.3314135740355923 -0.4999999999999998 -0.8001031451912654 175 85 180
0.22414386804201328 -0.4999999999999998 -0.8365163037378079 181 85 180
0.11303899832181548 -0.4999999999999998 -0.858616436401261 186 85 180
1.5908628580873602e-16 -0.4999999999999998 -0.8660254037844387 191 85 180
-0.11303899832181516 -0.4999999999999998 -0.8586164364012611 197 85 180
-0.224143868042013 -0.4999999999999998 -0.836516303737808 202 85 180
-0.331413574035592 -0.4999999999999998 -0.8001031451912655 207 85 180
-0.43301270189221946 -0.4999999999999998 -0.75 213 85 180
-0.5272028623656692 -0.4999999999999998 -0.6870641468694502 218 85 180
-0.6123724356957945 -0.4999999999999998 -0.6123724356957947 223 85 180
-0.6870641468694499 -0.4999999999999998 -0.5272028623656694 228 85 180
-0.7499999999999998 -0.4999999999999998 -0.43301270189221974 234 85 180
-0.8001031451912654 -0.4999999999999998 -0.33141357403559235 239 85 180
-0.8365163037378079 -0.4999999999999998 -0.22414386804201333 244 85 180
-0.858616436401261 -0.4999999999999998 -0.11303899832181552 250 85 180
-0.8660254037844387 -0.4999999999999998 -2.1211504774498138e-16 255 85 180
-0.7933533402912352 -0.6087614290087207 0 0 74 180
-0.786566092485493 -0.6087614290087207 0.10355339059327374 5 74 180
-0.7663204807600037 -0.6087614290087207 0.2053349539630727 11 74 180
-0.7329629131445341 -0.6087614290087207 0.30360317934095893 16 74 180
-0.6870641468694502 -0.6087614290087207 0.3966766701456175 21 74 180
-0.6294095225512604 -0.6087614290087207 0.48296291314453416 27 74 180
-0.560985526796931 -0.6087614290087207 0.5609855267969309 32 74 180
-0.48296291314453416 -0.6087614290087207 0.6294095225512604 37 74 180
-0.3966766701456177 -0.6087614290087207 0.68706414686945 43 74 180
-0.303603179340959 -0.6087614290087207 0.7329629131445341 48 74 180
-0.2053349539630727 -0.6087614290087207 0.7663204807600037 53 74 180
-0.10355339059327386 -0.6087614290087207 0.786566092485493 58 74 180
-4.85788814390261e-17 -0.6087614290087207 0.7933533402912352 64 74 180
0.10355339059327359 -0.6087614290087207 0.7865660924854931 69 74 180
0.20533495396307277 -0.6087614290087207 0.7663204807600037 74 74 180
0.30360317934095893 -0.6087614290087207 0.7329629131445341 80 74 180
0.3966766701456174 -0.6087614290087207 0.6870641468694502 85 74 180
0.48296291314453416 -0.6087614290087207 0.6294095225512604 90 74 180
0.5609855267969309 -0.6087614290087207 0.560985526796931 96 74 180
0.6294095225512603 -0.6087614290087207 0.4829629131445343 101 74 180
0.6870641468694502 -0.6087614290087207 0.3966766701456175 106 74 180
0.7329629131445341 -0.6087614290087207 0.30360317934095904 112 74 180
0.7663204807600036 -0.6087614290087207 0.20533495396307289 117 74 180
0.786566092485493 -0.6087614290087207 0.10355339059327374 122 74 180
0.7933533402912352 -0.6087614290087207 9.71577628780522e-17 128 74 180
0.786566092485493 -0.6087614290087207 -0.1035533905932739 133 74 180
0.7663204807600038 -0.6087614290087207 -0.20533495396307236 138 74 180
0.7329629131445342 -0.6087614290087207 -0.3036031793409589 143 74 180
0.68706414686945 -0.6087614290087207 -0.3966766701456177 149 74 180
0.6294095225512606 -0.6087614290087207 -0.4829629131445339 154 74 180
0.5609855267969311 -0.6087614290087207 -0.5609855267969309 159 74 180
0.4829629131445343 -0.6087614290087207 -0.6294095225512603 165 74 180
0.3966766701456179 -0.6087614290087207 -0.6870641468694499 170 74 180
0.3036031793409594 -0.6087614290087207 -0.732962913144534 175 74 180
0.20533495396307258 -0.6087614290087207 -0.7663204807600037 181 74 180
0.10355339059327379 -0.6087614290087207 -0.786566092485493 186 74 180
1.457366443170783e-16 -0.6087614290087207 -0.7933533402912352 191 74 180
-0.10355339059327351 -0.6087614290087207 -0.7865660924854931 197 74 180
-0.20533495396307233 -0.6087614290087207 -0.7663204807600038 202 74 180
-0.30360317934095915 -0.6087614290087207 -0.732962913144534 207 74 180
-0.3966766701456177 -0.6087614290087207 -0.68706414686945 213 74 180
-0.48296291314453405 -0.6087614290087207 -0.6294095225512604 218 74 180
-0.5609855267969308 -0.6087614290087207 -0.5609855267969311 223 74 180
-0.6294095225512603 -0.6087614290087207 -0.4829629131445343 228 74 180
-0.6870641468694498 -0.6087614290087207 -0.3966766701456179 234 74 180
-0.732962913144534 -0.6087614290087207 -0.30360317934095943 239 74 180
-0.7663204807600037 -0.6087614290087207 -0.20533495396307264 244 74 180
-0.786566092485493 -0.6087614290087207 -0.10355339059327384 250 74 180
-0.7933533402912352 -0.6087614290087207 -1.943155257561044e-16 255 74 180
-0.7071067811865476 -0.7071067811865475 0 0 64 180
-0.7010573846499779 -0.7071067811865475 0.09229595564125725 5 64 180
-0.6830127018922194 -0.7071067811865475 0.18301270189221933 11 64 180
-0.6532814824381883 -0.7071067811865475 0.2705980500730985 16 64 180
-0.6123724356957946 -0.7071067811865475 0.35355339059327373 21 64 180
-0.560985526796931 -0.7071067811865475 0.43045933457687946 27 64 180
-0.5000000000000001 -0.7071067811865475 0.5 32 64 180
-0.43045933457687946 -0.7071067811865475 0.560985526796931 37 64 180
-0.35355339059327384 -0.7071067811865475 0.6123724356957946 43 64 180
-0.27059805007309856 -0.7071067811865475 0.6532814824381883 48 64 180
-0.18301270189221933 -0.7071067811865475 0.6830127018922194 53 64 180
-0.09229595564125735 -0.7071067811865475 0.7010573846499779 58 64 180
-4.329780281177467e-17 -0.7071067811865475 0.7071067811865476 64 64 180
0.09229595564125712 -0.7071067811865475 0.701057384649978 69 64 180
0.1830127018922194 -0.7071067811865475 0.6830127018922194 74 64 180
0.2705980500730985 -0.7071067811865475 0.6532814824381883 80 64 180
0.3535533905932736 -0.7071067811865475 0.6123724356957946 85 64 180
0.43045933457687946 -0.7071067811865475 0.560985526796931 90 64 180
0.5 -0.7071067811865475 0.5000000000000001 96 64 180
0.5609855267969309 -0.7071067811865475 0.4304593345768796 101 64 180
0.6123724356957946 -0.7071067811865475 0.35355339059327373 106 64 180
0.6532814824381883 -0.7071067811865475 0.2705980500730986 112 64 180
0.6830127018922193 -0.7071067811865475 0.18301270189221952 117 64 180
0.7010573846499779 -0.7071067811865475 0.09229595564125725 122 64 180
0.7071067811865476 -0.7071067811865475 8.659560562354934e-17 128 64 180
0.7010573846499779 -0.7071067811865475 -0.0922959556412574 133 64 180
0.6830127018922195 -0.7071067811865475 -0.18301270189221905 138 64 180
0.6532814824381884 -0.7071067811865475 -0.27059805007309845 143 64 180
0.6123724356957946 -0.7071067811865475 -0.35355339059327384 149 64 180
0.5609855267969311 -0.7071067811865475 -0.43045933457687924 154 64 180
0.5000000000000001 -0.7071067811865475 -0.5 159 64 180
0.4304593345768796 -0.7071067811865475 -0.5609855267969309 165 64 180
0.3535533905932741 -0.7071067811865475 -0.6123724356957945 170 64 180
0.2705980500730989 -0.7071067811865475 -0.6532814824381882 175 64 180
0.18301270189221924 -0.7071067811865475 -0.6830127018922194 181 64 180
0.0922959556412573 -0.7071067811865475 -0.7010573846499779 186 64 180
1.29893408435324e-16 -0.7071067811865475 -0.7071067811865476 191 64 180
-0.09229595564125705 -0.7071067811865475 -0.701057384649978 197 64 180
-0.183012701892219 -0.7071067811865475 -0.6830127018922195 202 64 180
-0.2705980500730987 -0.7071067811865475 -0.6532814824381882 207 64 180
-0.35355339059327384 -0.7071067811865475 -0.6123724356957946 213 64 180
-0.43045933457687935 -0.7071067811865475 -0.560985526796931 218 64 180
-0.4999999999999999 -0.7071067811865475 -0.5000000000000001 223 64 180
-0.5609855267969309 -0.7071067811865475 -0.4304593345768796 228 64 180
-0.6123724356957944 -0.7071067811865475 -0.3535533905932741 234 64 180
-0.6532814824381882 -0.7071067811865475 -0.27059805007309895 239 64 180
-0.6830127018922194 -0.7071067811865475 -0.18301270189221927 244 64 180
-0.7010573846499779 -0.7071067811865475 -0.09229595564125734 250 64 180
-0.7071067811865476 -0.7071067811865475 -1.7319121124709868e-16 255 64 180
-0.6087614290087209 -0.793353340291235 0 0 53 180
-0.603553390593274 -0.793353340291235 0.07945931129894558 5 53 180
-0.5880183863281627 -0.793353340291235 0.1575590517512831 11 53 180
-0.5624222244434799 -0.793353340291235 0.23296291314453424 16 53 180
-0.5272028623656694 -0.793353340291235 0.3043807145043604 21 53 180
-0.4829629131445343 -0.793353340291235 0.3705904774487398 27 53 180
-0.4304593345768796 -0.793353340291235 0.4304593345768795 32 53 180
-0.3705904774487398 -0.793353340291235 0.4829629131445343 37 53 180
-0.3043807145043605 -0.793353340291235 0.5272028623656694 43 53 180
-0.23296291314453427 -0.793353340291235 0.5624222244434799 48 53 180
-0.1575590517512831 -0.793353340291235 0.5880183863281627 53 53 180
-0.07945931129894566 -0.793353340291235 0.603553390593274 58 53 180
-3.7275886773994934e-17 -0.793353340291235 0.6087614290087209 64 53 180
0.07945931129894546 -0.793353340291235 0.6035533905932741 69 53 180
0.15755905175128318 -0.793353340291235 0.5880183863281627 74 53 180
0.2329629131445342 -0.793353340291235 0.5624222244434799 80 53 180
0.30438071450436033 -0.793353340291235 0.5272028623656694 85 53 180
0.3705904774487398 -0.793353340291235 0.4829629131445343 90 53 180
0.4304593345768795 -0.793353340291235 0.4304593345768796 96 53 180
0.48296291314453427 -0.793353340291235 0.3705904774487399 101 53 180
0.5272028623656694 -0.793353340291235 0.3043807145043604 106 53 180
0.5624222244434799 -0.793353340291235 0.2329629131445343 112 53 180
0.5880183863281626 -0.793353340291235 0.15755905175128326 117 53 180
0.603553390593274 -0.793353340291235 0.07945931129894558 122 53 180
0.6087614290087209 -0.793353340291235 7.455177354798987e-17 128 53 180
0.603553390593274 -0.793353340291235 -0.0794593112989457 133 53 180
0.5880183863281628 -0.793353340291235 -0.15755905175128287 138 53 180
0.56242222444348 -0.793353340291235 -0.23296291314453418 143 53 180
0.5272028623656694 -0.793353340291235 -0.3043807145043605 149 53 180
0.4829629131445345 -0.793353340291235 -0.3705904774487396 154 53 180
0.4304593345768797 -0.793353340291235 -0.4304593345768795 159 53 180
0.3705904774487399 -0.793353340291235 -0.4829629131445342 165 53 180
0.3043807145043607 -0.793353340291235 -0.5272028623656693 170 53 180
0.23296291314453457 -0.793353340291235 -0.5624222244434798 175 53 180
0.15755905175128304 -0.793353340291235 -0.5880183863281627 181 53 180
0.07945931129894561 -0.793353340291235 -0.603553390593274 186 53 180
1.118276603219848e-16 -0.793353340291235 -0.6087614290087209 191 53 180
-0.0794593112989454 -0.793353340291235 -0.6035533905932741 197 53 180
-0.15755905175128285 -0.793353340291235 -0.5880183863281628 202 53 180
-0.23296291314453438 -0.793353340291235 -0.5624222244434799 207 53 180
-0.3043807145043605 -0.793353340291235 -0.5272028623656694 213 53 180
-0.3705904774487397 -0.793353340291235 -0.4829629131445343 218 53 180
-0.43045933457687946 -0.793353340291235 -0.4304593345768797 223 53 180
-0.4829629131445342 -0.793353340291235 -0.3705904774487399 228 53 180
-0.5272028623656693 -0.793353340291235 -0.3043807145043607 234 53 180
-0.5624222244434798 -0.793353340291235 -0.2329629131445346 239 53 180
-0.5880183863281627 -0.793353340291235 -0.15755905175128307 244 53 180
-0.603553390593274 -0.793353340291235 -0.07945931129894565 250 53 180
-0.6087614290087209 -0.793353340291235 -1.4910354709597973e-16 255 53 180
-0.49999999999999994 -0.8660254037844387 0 0 42 180
-0.49572243068690514 -0.8660254037844387 0.06526309611002577 5 42 180
-0.4829629131445341 -0.8660254037844387 0.12940952255126034 11 42 180
-0.4619397662556433 -0.8660254037844387 0.19134171618254486 16 42 180
-0.4330127018922193 -0.8660254037844387 0.24999999999999994 21 42 180
-0.3966766701456175 -0.8660254037844387 0.3043807145043603 27 42 180
-0.35355339059327373 -0.8660254037844387 0.3535533905932737 32 42 180
-0.3043807145043603 -0.8660254037844387 0.3966766701456175 37 42 180
-0.25 -0.8660254037844387 0.43301270189221924 43 42 180
-0.1913417161825449 -0.8660254037844387 0.4619397662556433 48 42 180
-0.12940952255126034 -0.8660254037844387 0.4829629131445341 53 42 180
-0.06526309611002584 -0.8660254037844387 0.49572243068690514 58 42 180
-3.0616169978683824e-17 -0.8660254037844387 0.49999999999999994 64 42 180
0.06526309611002568 -0.8660254037844387 0.4957224306869052 69 42 180
0.1294095225512604 -0.8660254037844387 0.4829629131445341 74 42 180
0.19134171618254484 -0.8660254037844387 0.4619397662556433 80 42 180
0.24999999999999986 -0.8660254037844387 0.4330127018922193 85 42 180
0.3043807145043603 -0.8660254037844387 0.3966766701456175 90 42 180
0.3535533905932737 -0.8660254037844387 0.35355339059327373 96 42 180
0.39667667014561747 -0.8660254037844387 0.3043807145043604 101 42 180
0.4330127018922193 -0.8660254037844387 0.24999999999999994 106 42 180
0.4619397662556433 -0.8660254037844387 0.19134171618254492 112 42 180
0.48296291314453405 -0.8660254037844387 0.12940952255126048 117 42 180
0.49572243068690514 -0.8660254037844387 0.06526309611002577 122 42 180
0.49999999999999994 -0.8660254037844387 6.123233995736765e-17 128 42 180
0.49572243068690514 -0.8660254037844387 -0.06526309611002587 133 42 180
0.48296291314453416 -0.8660254037844387 -0.12940952255126015 138 42 180
0.46193976625564337 -0.8660254037844387 -0.1913417161825448 143 42 180
0.43301270189221924 -0.8660254037844387 -0.25 149 42 180
0.39667667014561764 -0.8660254037844387 -0.3043807145043601 154 42 180
0.3535533905932738 -0.8660254037844387 -0.3535533905932737 159 42 180
0.3043807145043604 -0.8660254037844387 -0.3966766701456174 165 42 180
0.25000000000000017 -0.8660254037844387 -0.4330127018922192 170 42 180
0.19134171618254514 -0.8660254037844387 -0.4619397662556432 175 42 180
0.1294095225512603 -0.8660254037844387 -0.4829629131445341 181 42 180
0.0652630961100258 -0.8660254037844387 -0.49572243068690514 186 42 180
9.184850993605147e-17 -0.8660254037844387 -0.49999999999999994 191 42 180
-0.06526309611002562 -0.8660254037844387 -0.4957224306869052 197 42 180
-0.12940952255126012 -0.8660254037844387 -0.48296291314453416 202 42 180
-0.19134171618254497 -0.8660254037844387 -0.46193976625564326 207 42 180
-0.25 -0.8660254037844387 -0.43301270189221924 213 42 180
-0.3043807145043602 -0.8660254037844387 -0.3966766701456175 218 42 180
-0.3535533905932736 -0.8660254037844387 -0.3535533905932738 223 42 180
-0.3966766701456174 -0.8660254037844387 -0.3043807145043604 228 42 180
-0.43301270189221913 -0.8660254037844387 -0.25000000000000017 234 42 180
-0.4619397662556432 -0.8660254037844387 -0.19134171618254517 239 42 180
-0.4829629131445341 -0.8660254037844387 -0.12940952255126031 244 42 180
-0.49572243068690514 -0.8660254037844387 -0.06526309611002583 250 42 180
-0.49999999999999994 -0.8660254037844387 -1.224646799147353e-16 255 42 180
-0.3826834323650899 -0.9238795325112867 0 0 32 180
-0.3794095225512605 -0.9238795325112867 0.04995021125231483 5 32 180
-0.3696438106143862 -0.9238795325112867 0.09904576054128765 11 32 180
-0.35355339059327384 -0.9238795325112867 0.1464466094067263 16 32 180
-0.3314135740355919 -0.9238795325112867 0.19134171618254492 21 32 180
-0.30360317934095904 -0.9238795325112867 0.2329629131445342 27 32 180
-0.2705980500730986 -0.9238795325112867 0.27059805007309856 32 32 180
-0.2329629131445342 -0.9238795325112867 0.30360317934095904 37 32 180
-0.191341716182545 -0.9238795325112867 0.33141357403559185 43 32 180
-0.1464466094067263 -0.9238795325112867 0.35355339059327384 48 32 180
-0.09904576054128765 -0.9238795325112867 0.3696438106143862 53 32 180
-0.04995021125231488 -0.9238795325112867 0.3794095225512605 58 32 180
-2.34326020266315e-17 -0.9238795325112867 0.3826834323650899 64 32 180
0.049950211252314754 -0.9238795325112867 0.37940952255126054 69 32 180
0.09904576054128769 -0.9238795325112867 0.3696438106143862 74 32 180
0.14644660940672627 -0.9238795325112867 0.35355339059327384 80 32 180
0.19134171618254486 -0.9238795325112867 0.3314135740355919 85 32 180
0.2329629131445342 -0.9238795325112867 0.30360317934095904 90 32 180
0.27059805007309856 -0.9238795325112867 0.2705980500730986 96 32 180
0.303603179340959 -0.9238795325112867 0.2329629131445343 101 32 180
0.3314135740355919 -0.9238795325112867 0.19134171618254492 106 32 180
0.35355339059327384 -0.9238795325112867 0.14644660940672632 112 32 180
0.3696438106143862 -0.9238795325112867 0.09904576054128775 117 32 180
0.3794095225512605 -0.9238795325112867 0.04995021125231483 122 32 180
0.3826834323650899 -0.9238795325112867 4.6865204053263e-17 128 32 180
0.3794095225512605 -0.9238795325112867 -0.049950211252314906 133 32 180
0.3696438106143863 -0.9238795325112867 -0.0990457605412875 138 32 180
0.3535533905932739 -0.9238795325112867 -0.14644660940672624 143 32 180
0.33141357403559185 -0.9238795325112867 -0.191341716182545 149 32 180
0.30360317934095915 -0.9238795325112867 -0.2329629131445341 154 32 180
0.2705980500730986 -0.9238795325112867 -0.27059805007309856 159 32 180
0.2329629131445343 -0.9238795325112867 -0.30360317934095893 165 32 180
0.1913417161825451 -0.9238795325112867 -0.33141357403559185 170 32 180
0.1464466094067265 -0.9238795325112867 -0.3535533905932738 175 32 180
0.09904576054128761 -0.9238795325112867 -0.3696438106143862 181 32 180
0.04995021125231485 -0.9238795325112867 -0.3794095225512605 186 32 180
7.029780607989449e-17 -0.9238795325112867 -0.3826834323650899 191 32 180
-0.04995021125231471 -0.9238795325112867 -0.37940952255126054 197 32 180
-0.09904576054128747 -0.9238795325112867 -0.3696438106143863 202 32 180
-0.14644660940672638 -0.9238795325112867 -0.35355339059327384 207 32 180
-0.191341716182545 -0.9238795325112867 -0.33141357403559185 213 32 180
-0.23296291314453418 -0.9238795325112867 -0.30360317934095904 218 32 180
-0.2705980500730985 -0.9238795325112867 -0.2705980500730986 223 32 180
-0.30360317934095893 -0.9238795325112867 -0.2329629131445343 228 32 180
-0.3314135740355918 -0.9238795325112867 -0.1913417161825451 234 32 180
-0.3535533905932738 -0.9238795325112867 -0.14644660940672652 239 32 180
-0.3696438106143862 -0.9238795325112867 -0.09904576054128762 244 32 180
-0.3794095225512605 -0.9238795325112867 -0.04995021125231487 250 32 180
-0.3826834323650899 -0.9238795325112867 -9.3730408106526e-17 255 32 180
-0.258819045102521 -0.9659258262890682 0 0 21 180
-0.2566048122925709 -0.9659258262890682 0.033782664431261857 5 21 180
-0.2500000000000003 -0.9659258262890682 0.06698729810778074 11 21 180
-0.23911761839433476 -0.9659258262890682 0.09904576054128772 16 21 180
-0.2241438680420136 -0.9659258262890682 0.12940952255126048 21 21 180
-0.20533495396307289 -0.9659258262890682 0.1575590517512832 27 21 180
-0.18301270189221952 -0.9659258262890682 0.1830127018922195 32 21 180
-0.1575590517512832 -0.9659258262890682 0.20533495396307289 37 21 180
-0.12940952255126054 -0.9659258262890682 0.22414386804201358 43 21 180
-0.09904576054128773 -0.9659258262890682 0.23911761839433476 48 21 180
-0.06698729810778074 -0.9659258262890682 0.2500000000000003 53 21 180
-0.03378266443126189 -0.9659258262890682 0.2566048122925709 58 21 180
-1.584809575715884e-17 -0.9659258262890682 0.258819045102521 64 21 180
0.03378266443126181 -0.9659258262890682 0.256604812292571 69 21 180
0.06698729810778077 -0.9659258262890682 0.2500000000000003 74 21 180
0.0990457605412877 -0.9659258262890682 0.23911761839433476 80 21 180
0.12940952255126045 -0.9659258262890682 0.2241438680420136 85 21 180
0.1575590517512832 -0.9659258262890682 0.20533495396307289 90 21 180
0.1830127018922195 -0.9659258262890682 0.18301270189221952 96 21 180
0.20533495396307286 -0.9659258262890682 0.15755905175128326 101 21 180
0.2241438680420136 -0.9659258262890682 0.12940952255126048 106 21 180
0.23911761839433476 -0.9659258262890682 0.09904576054128775 112 21 180
0.2500000000000002 -0.9659258262890682 0.06698729810778081 117 21 180
0.2566048122925709 -0.9659258262890682 0.033782664431261857 122 21 180
0.258819045102521 -0.9659258262890682 3.169619151431768e-17 128 21 180
0.2566048122925709 -0.9659258262890682 -0.033782664431261905 133 21 180
0.2500000000000003 -0.9659258262890682 -0.06698729810778063 138 21 180
0.2391176183943348 -0.9659258262890682 -0.09904576054128769 143 21 180
0.22414386804201358 -0.9659258262890682 -0.12940952255126054 149 21 180
0.20533495396307297 -0.9659258262890682 -0.15755905175128312 154 21 180
0.18301270189221955 -0.9659258262890682 -0.1830127018922195 159 21 180
0.15755905175128326 -0.9659258262890682 -0.20533495396307283 165 21 180
0.12940952255126062 -0.9659258262890682 -0.22414386804201356 170 21 180
0.09904576054128787 -0.9659258262890682 -0.2391176183943347 175 21 180
0.0669872981077807 -0.9659258262890682 -0.2500000000000003 181 21 180
0.03378266443126187 -0.9659258262890682 -0.2566048122925709 186 21 180
4.754428727147652e-17 -0.9659258262890682 -0.258819045102521 191 21 180
-0.03378266443126178 -0.9659258262890682 -0.256604812292571 197 21 180
-0.06698729810778062 -0.9659258262890682 -0.2500000000000003 202 21 180
-0.09904576054128778 -0.9659258262890682 -0.23911761839433474 207 21 180
-0.12940952255126054 -0.9659258262890682 -0.22414386804201358 213 21 180
-0.15755905175128318 -0.9659258262890682 -0.20533495396307289 218 21 180
-0.18301270189221946 -0.9659258262890682 -0.18301270189221955 223 21 180
-0.20533495396307283 -0.9659258262890682 -0.15755905175128326 228 21 180
-0.22414386804201353 -0.9659258262890682 -0.12940952255126062 234 21 180
-0.2391176183943347 -0.9659258262890682 -0.09904576054128789 239 21 180
-0.2500000000000003 -0.9659258262890682 -0.06698729810778072 244 21 180
-0.2566048122925709 -0.9659258262890682 -0.033782664431261884 250 21 180
-0.258819045102521 -0.9659258262890682 -6.339238302863536e-17 255 21 180
-0.13052619222005157 -0.9914448613738104 0 0 11 180
-0.12940952255126037 -0.9914448613738104 0.01703708685546585 5 11 180
-0.12607862007251908 -0.9914448613738104 0.03378266443126182 11 11 180
-0.1205904774487396 -0.9914448613738104 0.049950211252314816 16 11 180
-0.11303899832181542 -0.9914448613738104 0.06526309611002577 21 11 180
-0.10355339059327374 -0.9914448613738104 0.07945931129894555 27 11 180
-0.09229595564125725 -0.9914448613738104 0.09229595564125724 32 11 180
-0.07945931129894555 -0.9914448613738104 0.10355339059327374 37 11 180
-0.0652630961100258 -0.9914448613738104 0.11303899832181541 43 11 180
-0.04995021125231482 -0.9914448613738104 0.1205904774487396 48 11 180
-0.03378266443126182 -0.9914448613738104 0.12607862007251908 53 11 180
-0.01703708685546587 -0.9914448613738104 0.12940952255126037 58 11 180
-7.992424175358916e-18 -0.9914448613738104 0.13052619222005157 64 11 180
0.017037086855465827 -0.9914448613738104 0.12940952255126037 69 11 180
0.033782664431261836 -0.9914448613738104 0.12607862007251908 74 11 180
0.04995021125231481 -0.9914448613738104 0.1205904774487396 80 11 180
0.06526309611002576 -0.9914448613738104 0.11303899832181542 85 11 180
0.07945931129894555 -0.9914448613738104 0.10355339059327374 90 11 180
0.09229595564125724 -0.9914448613738104 0.09229595564125725 96 11 180
0.10355339059327373 -0.9914448613738104 0.07945931129894558 101 11 180
0.11303899832181542 -0.9914448613738104 0.06526309611002577 106 11 180
0.1205904774487396 -0.9914448613738104 0.04995021125231483 112 11 180
0.12607862007251905 -0.9914448613738104 0.033782664431261857 117 11 180
0.12940952255126037 -0.9914448613738104 0.01703708685546585 122 11 180
0.13052619222005157 -0.9914448613738104 1.5984848350717833e-17 128 11 180
0.12940952255126037 -0.9914448613738104 -0.01703708685546588 133 11 180
0.1260786200725191 -0.9914448613738104 -0.033782664431261766 138 11 180
0.12059047744873962 -0.9914448613738104 -0.0499502112523148 143 11 180
0.11303899832181541 -0.9914448613738104 -0.0652630961100258 149 11 180
0.10355339059327377 -0.9914448613738104 -0.07945931129894551 154 11 180
0.09229595564125727 -0.9914448613738104 -0.09229595564125724 159 11 180
0.07945931129894558 -0.9914448613738104 -0.10355339059327372 165 11 180
0.06526309611002584 -0.9914448613738104 -0.1130389983218154 170 11 180
0.049950211252314886 -0.9914448613738104 -0.12059047744873957 175 11 180
0.03378266443126181 -0.9914448613738104 -0.12607862007251908 181 11 180
0.017037086855465858 -0.9914448613738104 -0.12940952255126037 186 11 180
2.3977272526076745e-17 -0.9914448613738104 -0.13052619222005157 191 11 180
-0.017037086855465813 -0.9914448613738104 -0.12940952255126037 197 11 180
-0.03378266443126176 -0.9914448613738104 -0.1260786200725191 202 11 180
-0.049950211252314844 -0.9914448613738104 -0.12059047744873959 207 11 180
-0.0652630961100258 -0.9914448613738104 -0.11303899832181541 213 11 180
-0.07945931129894554 -0.9914448613738104 -0.10355339059327374 218 11 180
-0.09229595564125723 -0.9914448613738104 -0.09229595564125727 223 11 180
-0.10355339059327372 -0.9914448613738104 -0.07945931129894558 228 11 180
-0.11303899832181538 -0.9914448613738104 -0.06526309611002584 234 11 180
-0.12059047744873957 -0.9914448613738104 -0.04995021125231489 239 11 180
-0.12607862007251908 -0.9914448613738104 -0.033782664431261815 244 11 180
-0.12940952255126037 -0.9914448613738104 -0.017037086855465865 250 11 180
-0.13052619222005157 -0.9914448613738104 -3.1969696701435666e-17 255 11 180
-1.2246467991473532e-16 -1 0 0 0 180
-1.2141697760125282e-16 -1 1.5984848350717833e-17 5 0 180
-1.1829179713786698e-16 -1 3.169619151431765e-17 11 0 180
-1.1314261122877003e-16 -1 4.6865204053262986e-17 16 0 180
-1.0605752387249069e-16 -1 6.123233995736765e-17 21 0 180
-9.71577628780522e-17 -1 7.455177354798984e-17 27 0 180
-8.659560562354934e-17 -1 8.659560562354932e-17 32 0 180
-7.455177354798984e-17 -1 9.71577628780522e-17 37 0 180
-6.123233995736767e-17 -1 1.0605752387249068e-16 43 0 180
-4.686520405326299e-17 -1 1.1314261122877003e-16 48 0 180
-3.169619151431765e-17 -1 1.1829179713786698e-16 53 0 180
-1.5984848350717848e-17 -1 1.2141697760125282e-16 58 0 180
-7.498798913309288e-33 -1 1.2246467991473532e-16 64 0 180
1.5984848350717808e-17 -1 1.2141697760125282e-16 69 0 180
3.169619151431766e-17 -1 1.1829179713786698e-16 74 0 180
4.6865204053262974e-17 -1 1.1314261122877003e-16 80 0 180
6.123233995736764e-17 -1 1.0605752387249069e-16 85 0 180
7.455177354798984e-17 -1 9.71577628780522e-17 90 0 180
8.659560562354932e-17 -1 8.659560562354934e-17 96 0 180
9.715776287805219e-17 -1 7.455177354798987e-17 101 0 180
1.0605752387249069e-16 -1 6.123233995736765e-17 106 0 180
1.1314261122877003e-16 -1 4.6865204053263e-17 112 0 180
1.1829179713786696e-16 -1 3.169619151431768e-17 117 0 180
1.2141697760125282e-16 -1 1.5984848350717833e-17 122 0 180
1.2246467991473532e-16 -1 1.4997597826618576e-32 128 0 180
1.2141697760125282e-16 -1 -1.5984848350717854e-17 133 0 180
1.1829179713786698e-16 -1 -3.16961915143176e-17 138 0 180
1.1314261122877005e-16 -1 -4.686520405326297e-17 143 0 180
1.0605752387249068e-16 -1 -6.123233995736767e-17 149 0 180
9.715776287805223e-17 -1 -7.45517735479898e-17 154 0 180
8.659560562354935e-17 -1 -8.659560562354932e-17 159 0 180
7.455177354798987e-17 -1 -9.715776287805218e-17 165 0 180
6.123233995736771e-17 -1 -1.0605752387249067e-16 170 0 180
4.6865204053263054e-17 -1 -1.1314261122877e-16 175 0 180
3.169619151431763e-17 -1 -1.1829179713786698e-16 181 0 180
1.598484835071784e-17 -1 -1.2141697760125282e-16 186 0 180
2.2496396739927864e-32 -1 -1.2246467991473532e-16 191 0 180
-1.5984848350717793e-17 -1 -1.2141697760125282e-16 197 0 180
-3.1696191514317594e-17 -1 -1.1829179713786698e-16 202 0 180
-4.686520405326301e-17 -1 -1.1314261122877003e-16 207 0 180
-6.123233995736767e-17 -1 -1.0605752387249068e-16 213 0 180
-7.455177354798983e-17 -1 -9.71577628780522e-17 218 0 180
-8.65956056235493e-17 -1 -8.659560562354935e-17 223 0 180
-9.715776287805218e-17 -1 -7.455177354798987e-17 228 0 180
-1.0605752387249065e-16 -1 -6.123233995736771e-17 234 0 180
-1.1314261122877e-16 -1 -4.686520405326306e-17 239 0 180
-1.1829179713786698e-16 -1 -3.169619151431764e-17 244 0 180
-1.2141697760125282e-16 -1 -1.5984848350717845e-17 250 0 180
-1.2246467991473532e-16 -1 -2.999519565323715e-32 255 0 180
3 0 1 49
3 49 1 50
3 1 2 50
3 50 2 51
3 2 3 51
3 51 3 52
3 3 4 52
3 52 4 53
3 4 5 53
3 53 5 54
3 5 6 54
3 54 6 55
3 6 7 55
3 55 7 56
3 7 8 56
3 56 8 57
3 8 9 57
3 57 9 58
3 9 10 58
3 58 10 59
3 10 11 59
3 59 11 60
3 11 12 60
3 60 12 61
3 12 13 61
3 61 13 62
3 13 14 62
3 62 14 63
3 14 15 63
3 63 15 64
3 15 16 64
3 64 16 65
3 16 17 65
3 65 17 66
3 17 18 66
3 66 18 67
3 18 19 67
3 67 19 68
3 19 20 68
3 68 20 69
3 20 21 69
3 69 21 70
3 21 22 70
3 70 22 71
3 22 23 71
3 71 23 72
3 23 24 72
3 72 24 73
3 24 25 73
3 73 25 74
3 25 26 74
3 74 26 75
3 26 27 75
3 75 27 76
3 27 28 76
3 76 28 77
3 28 29 77
3 77 29 78
3 29 30 78
3 78 30 79
3 30 31 79
3 79 31 80
3 31 32 80
3 80 32 81
3 32 33 81
3 81 33 82
3 33 34 82
3 82 34 83
3 34 35 83
3 83 35 84
3 35 36 84
3 84 36 85
3 36 37 85
3 85 37 86
3 37 38 86
3 86 38 87
3 38 39 87
3 87 39 88
3 39 40 88
3 88 40 89
3 40 41 89
3 89 41 90
3 41 42 90
3 90 42 91
3 42 43 91
3 91 43 92
3 43 44 92
3 92 44 93
3 44 45 93
3 93 45 94
3 45 46 94
3 94 46 95
3 46 47 95
3 95 47 96
3 47 48 96
3 96 48 97
3 49 50 98
3 98 50 99
3 50 51 99
3 99 51 100
3 51 52 100
3 100 52 101
3 52 53 101
3 101 53 102
3 53 54 102
3 102 54 103
3 54 55 103
3 103 55 104
3 55 56 104
3 104 56 105
3 56 57 105
3 105 57 106
3 57 58 106
3 106 58 107
3 58 59 107
3 107 59 108
3 59 60 108
3 108 60 109
3 60 61 109
3 109 61 110
3 61 62 110
3 110 62 111
3 62 63 111
3 111 63 112
3 63 64 112
3 112 64 113
3 64 65 113
3 113 65 114
3 65 66 114
3 114 66 115
3 66 67 115
3 115 67 116
3 67 68 116
3 116 68 117
3 68 69 117
3 117 69 118
3 69 70 118
3 118 70 119
3 70 71 119
3 119 71 120
3 71 72 120
3 120 72 121
3 72 73 121
3 121 73 122
3 73 74 122
3 122 74 123
3 74 75 123
3 123 75 124
3 75 76 124
3 124 76 125
3 76 77 125
3 125 77 126
3 77 78 126
3 126 78 127
3 78 79 127
3 127 79 128
3 79 80 128
3 128 80 129
3 80 81 129
3 129 81 130
3 81 82 130
3 130 82 131
3 82 83 131
3 131 83 132
3 83 84 132
3 132 84 133
3 84 85 133
3 133 85 134
3 85 86 134
3 134 86 135
3 86 87 135
3 135 87 136
3 87 88 136
3 136 88 137
3 88 89 137
3 137 89 138
3 89 90 138
3 138 90 139
3 90 91 139
3 139 91 140
3 91 92 140
3 140 92 141
3 92 93 141
3 141 93 142
3 93 94 142
3 142 94 143
3 94 95 143
3 143 95 144
3 95 96 144
3 144 96 145
3 96 97 145
3 145 97 146
3 98 99 147
3 147 99 148
3 99 100 148
3 148 100 149
3 100 101 149
3 149 101 150
3 101 102 150
3 150 102 151
3 102 103 151
3 151 103 152
3 103 104 152
3 152 104 153
3 104 105 153
3 153 105 154
3 105 106 154
3 154 106 155
3 106 107 155
3 155 107 156
3 107 108 156
3 156 108 157
3 108 109 157
3 157 109 158
3 109 110 158
3 158 110 159
3 110 111 159
3 159 111 160
3 111 112 160
3 160 112 161
3 112 113 161
3 161 113 162
3 113 114 162
3 162 114 163
3 114 115 163
3 163 115 164
3 115 116 164
3 164 116 165
3 116 117 165
3 165 117 166
3 117 118 166
3 166 118 167
3 118 119 167
3 167 119 168
3 119 120 168
3 168 120 169
3 120 121 169
3 169 121 170
3 121 122 170
3 170 122 171
3 122 123 171
3 171 123 172
3 123 124 172
3 172 124 173
3 124 125 173
3 173 125 174
3 125 126 174
3 174 126 175
3 126 127 175
3 175 127 176
3 127 128 176
3 176 128 177
3 128 129 177
3 177 129 178
3 129 130 178
3 178 130 179
3 130 131 179
3 179 131 180
3 131 132 180
3 180 132 181
3 132 133 181
3 181 133 182
3 133 134 182
3 182 134 183
3 134 135 183
3 183 135 184
3 135 136 184
3 184 136 185
3 136 137 185
3 185 137 186
3 137 138 186
3 186 138 187
3 138 139 187
3 187 139 188
3 139 140 188
3 188 140 189
3 140 141 189
3 189 141 190
3 141 142 190
3 190 142 191
3 142 143 191
3 191 143 192
3 143 144 192
3 192 144 193
3 144 145 193
3 193 145 194
3 145 146 194
3 194 146 195
3 147 148 196
3 196 148 197
3 148 149 197
3 197 149 198
3 149 150 198
3 198 150 199
3 150 151 199
3 199 151 200
3 151 152 200
3 200 152 201
3 152 153 201
3 201 153 202
3 153 154 202
3 202 154 203
3 154 155 203
3 203 155 204
3 155 156 204
3 204 156 205
3 156 157 205
3 205 157 206
3 157 158 206
3 206 158 207
3 158 159 207
3 207 159 208
3 159 160 208
3 208 160 209
3 160 161 209
3 209 161 210
3 161 162 210
3 210 162 211
3 162 163 211
3 211 163 212
3 163 164 212
3 212 164 213
3 164 165 213
3 213 165 214
3 165 166 214
3 214 166 215
3 166 167 215
3 215 167 216
3 167 168 216
3 216 168 217
3 168 169 217
3 217 169 218
3 169 170 218
3 218 170 219
3 170 171 219
3 219 171 220
3 171 172 220
3 220 172 221
3 172 173 221
3 221 173 222
3 173 174 222
3 222 174 223
3 174 175 223
3 223 175 224
3 175 176 224
3 224 176 225
3 176 177 225
3 225 177 226
3 177 178 226
3 226 178 227
3 178 179 227
3 227 179 228
3 179 180 228
3 228 180 229
3 180 181 229
3 229 181 230
3 181 182 230
3 230 182 231
3 182 183 231
3 231 183 232
3 183 184 232
3 232 184 233
3 184 185 233
3 233 185 234
3 185 186 234
3 234 186 235
3 186 187 235
3 235 187 236
3 187 188 236
3 236 188 237
3 188 189 237
3 237 189 238
3 189 190 238
3 238 190 239
3 190 191 239
3 239 191 240
3 191 192 240
3 240 192 241
3 192 193 241
3 241 193 242
3 193 194 242
3 242 194 243
3 194 195 243
3 243 195 244
3 196 197 245
3 245 197 246
3 197 198 246
3 246 198 247
3 198 199 247
3 247 199 248
3 199 200 248
3 248 200 249
3 200 201 249
3 249 201 250
3 201 202 250
3 250 202 251
3 202 203 251
3 251 203 252
3 203 204 252
3 252 204 253
3 204 205 253
3 253 205 254
3 205 206 254
3 254 206 255
3 206 207 255
3 255 207 256
3 207 208 256
3 256 208 257
3 208 209 257
3 257 209 258
3 209 210 258
3 258 210 259
3 210 211 259
3 259 211 260
3 211 212 260
3 260 212 261
3 212 213 261
3 261 213 262
3 213 214 262
3 262 214 263
3 214 215 263
3 263 215 264
3 215 216 264
3 264 216 265
3 216 217 265
3 265 217 266
3 217 218 266
3 266 218 267
3 218 219 267
3 267 219 268
3 219 220 268
3 268 220 269
3 220 221 269
3 269 221 270
3 221 222 270
3 270 222 271
3 222 223 271
3 271 223 272
3 223 224 272
3 272 224 273
3 224 225 273
3 273 225 274
3 225 226 274
3 274 226 275
3 226 227 275
3 275 227 276
3 227 228 276
3 276 228 277
3 228 229 277
3 277 229 278
3 229 230 278
3 278 230 279
3 230 231 279
3 279 231 280
3 231 232 280
3 280 232 281
3 232 233 281
3 281 233 282
3 233 234 282
3 282 234 283
3 234 235 283
3 283 235 284
3 235 236 284
3 284 236 285
3 236 237 285
3 285 237 286
3 237 238 286
3 286 238 287
3 238 239 287
3 287 239 288
3 239 240 288
3 288 240 289
3 240 241 289
3 289 241 290
3 241 242 290
3 290 242 291
3 242 243 291
3 291 243 292
3 243 244 292
3 292 244 293
3 245 246 294
3 294 246 295
3 246 247 295
3 295 247 296
3 247 248 296
3 296 248 297
3 248 249 297
3 297 249 298
3 249 250 298
3 298 250 299
3 250 251 299
3 299 251 300
3 251 252 300
3 300 252 301
3 252 253 301
3 301 253 302
3 253 254 302
3 302 254 303
3 254 255 303
3 303 255 304
3 255 256 304
3 304 256 305
3 256 257 305
3 305 257 306
3 257 258 306
3 306 258 307
3 258 259 307
3 307 259 308
3 259 260 308
3 308 260 309
3 260 261 309
3 309 261 310
3 261 262 310
3 310 262 311
3 262 263 311
3 311 263 312
3 263 264 312
3 312 264 313
3 264 265 313
3 313 265 314
3 265 266 314
3 314 266 315
3 266 267 315
3 315 267 316
3 267 268 316
3 316 268 317
3 268 269 317
3 317 269 318
3 269 270 318
3 318 270 319
3 270 271 319
3 319 271 320
3 271 272 320
3 320 272 321
3 272 273 321
3 321 273 322
3 273 274 322
3 322 274 323
3 274 275 323
3 323 275 324
3 275 276 324
3 324 276 325
3 276 277 325
3 325 277 326
3 277 278 326
3 326 278 327
3 278 279 327
3 327 279 328
3 279 280 328
3 328 280 329
3 280 281 329
3 329 281 330
3 281 282 330
3 330 282 331
3 282 283 331
3 331 283 332
3 283 284 332
3 332 284 333
3 284 285 333
3 333 285 334
3 285 286 334
3 334 286 335
3 286 287 335
3 335 287 336
3 287 288 336
3 336 288 337
3 288 289 337
3 337 289 338
3 289 290 338
3 338 290 339
3 290 291 339
3 339 291 340
3 291 292 340
3 340 292 341
3 292 293 341
3 341 293 342
3 294 295 343
3 343 295 344
3 295 296 344
3 344 296 345
3 296 297 345
3 345 297 346
3 297 298 346
3 346 298 347
3 298 299 347
3 347 299 348
3 299 300 348
3 348 300 349
3 300 301 349
3 349 301 350
3 301 302 350
3 350 302 351
3 302 303 351
3 351 303 352
3 303 304 352
3 352 304 353
3 304 305 353
3 353 305 354
3 305 306 354
3 354 306 355
3 306 307 355
3 355 307 356
3 307 308 356
3 356 308 357
3 308 309 357
3 357 309 358
3 309 310 358
3 358 310 359
3 310 311 359
3 359 311 360
3 311 312 360
3 360 312 361
3 312 313 361
3 361 313 362
3 313 314 362
3 362 314 363
3 314 315 363
3 363 315 364
3 315 316 364
3 364 316 365
3 316 317 365
3 365 317 366
3 317 318 366
3 366 318 367
3 318 319 367
3 367 319 368
3 319 320 368
3 368 320 369
3 320 321 369
3 369 321 370
3 321 322 370
3 370 322 371
3 322 323 371
3 371 323 372
3 323 324 372
3 372 324 373
3 324 325 373
3 373 325 374
3 325 326 374
3 374 326 375
3 326 327 375
3 375 327 376
3 327 328 376
3 376 328 377
3 328 329 377
3 377 329 378
3 329 330 378
3 378 330 379
3 330 331 379
3 379 331 380
3 331 332 380
3 380 332 381
3 332 333 381
3 381 333 382
3 333 334 382
3 382 334 383
3 334 335 383
3 383 335 384
3 335 336 384
3 384 336 385
3 336 337 385
3 385 337 386
3 337 338 386
3 386 338 387
3 338 339 387
3 387 339 388
3 339 340 388
3 388 340 389
3 340 341 389
3 389 341 390
3 341 342 390
3 390 342 391
3 343 344 392
3 392 344 393
3 344 345 393
3 393 345 394
3 345 346 394
3 394 346 395
3 346 347 395
3 395 347 396
3 347 348 396
3 396 348 397
3 348 349 397
3 397 349 398
3 349 350 398
3 398 350 399
3 350 351 399
3 399 351 400
3 351 352 400
3 400 352 401
3 352 353 401
3 401 353 402
3 353 354 402
3 402 354 403
3 354 355 403
3 403 355 404
3 355 356 404
3 404 356 405
3 356 357 405
3 405 357 406
3 357 358 406
3 406 358 407
3 358 359 407
3 407 359 408
3 359 360 408
3 408 360 409
3 360 361 409
3 409 361 410
3 361 362 410
3 410 362 411
3 362 363 411
3 411 363 412
3 363 364 412
3 412 364 413
3 364 365 413
3 413 365 414
3 365 366 414
3 414 366 415
3 366 367 415
3 415 367 416
3 367 368 416
3 416 368 417
3 368 369 417
3 417 369 418
3 369 370 418
3 418 370 419
3 370 371 419
3 419 371 420
3 371 372 420
3 420 372 421
3 372 373 421
3 421 373 422
3 373 374 422
3 422 374 423
3 374 375 423
3 423 375 424
3 375 376 424
3 424 376 425
3 376 377 425
3 425 377 426
3 377 378 426
3 426 378 427
3 378 379 427
3 427 379 428
3 379 380 428
3 428 380 429
3 380 381 429
3 429 381 430
3 381 382 430
3 430 382 431
3 382 383 431
3 431 383 432
3 383 384 432
3 432 384 433
3 384 385 433
3 433 385 434
3 385 386 434
3 434 386 435
3 386 387 435
3 435 387 436
3 387 388 436
3 436 388 437
3 388 389 437
3 437 389 438
3 389 390 438
3 438 390 439
3 390 391 439
3 439 391 440
3 392 393 441
3 441 393 442
3 393 394 442
3 442 394 443
3 394 395 443
3 443 395 444
3 395 396 444
3 444 396 445
3 396 397 445
3 445 397 446
3 397 398 446
3 446 398 447
3 398 399 447
3 447 399 448
3 399 400 448
3 448 400 449
3 400 401 449
3 449 401 450
3 401 402 450
3 450 402 451
3 402 403 451
3 451 403 452
3 403 404 452
3 452 404 453
3 404 405 453
3 453 405 454
3 405 406 454
3 454 406 455
3 406 407 455
3 455 407 456
3 407 408 456
3 456 408 457
3 408 409 457
3 457 409 458
3 409 410 458
3 458 410 459
3 410 411 459
3 459 411 460
3 411 412 460
3 460 412 461
3 412 413 461
3 461 413 462
3 413 414 462
3 462 414 463
3 414 415 463
3 463 415 464
3 415 416 464
3 464 416 465
3 416 417 465
3 465 417 466
3 417 418 466
3 466 418 467
3 418 419 467
3 467 419 468
3 419 420 468
3 468 420 469
3 420 421 469
3 469 421 470
3 421 422 470
3 470 422 471
3 422 423 471
3 471 423 472
3 423 424 472
3 472 424 473
3 424 425 473
3 473 425 474
3 425 426 474
3 474 426 475
3 426 427 475
3 475 427 476
3 427 428 476
3 476 428 477
3 428 429 477
3 477 429 478
3 429 430 478
3 478 430 479
3 430 431 479
3 479 431 480
3 431 432 480
3 480 432 481
3 432 433 481
3 481 433 482
3 433 434 482
3 482 434 483
3 434 435 483
3 483 435 484
3 435 436 484
3 484 436 485
3 436 437 485
3 485 437 486
3 437 438 486
3 486 438 487
3 438 439 487
3 487 439 488
3 439 440 488
3 488 440 489
3 441 442 490
3 490 442 491
3 442 443 491
3 491 443 492
3 443 444 492
3 492 444 493
3 444 445 493
3 493 445 494
3 445 446 494
3 494 446 495
3 446 447 495
3 495 447 496
3 447 448 496
3 496 448 497
3 448 449 497
3 497 449 498
3 449 450 498
3 498 450 499
3 450 451 499
3 499 451 500
3 451 452 500
3 500 452 501
3 452 453 501
3 501 453 502
3 453 454 502
3 502 454 503
3 454 455 503
3 503 455 504
3 455 456 504
3 504 456 505
3 456 457 505
3 505 457 506
3 457 458 506
3 506 458 507
3 458 459 507
3 507 459 508
3 459 460 508
3 508 460 509
3 460 461 509
3 509 461 510
3 461 462 510
3 510 462 511
3 462 463 511
3 511 463 512
3 463 464 512
3 512 464 513
3 464 465 513
3 513 465 514
3 465 466 514
3 514 466 515
3 466 467 515
3 515 467 516
3 467 468 516
3 516 468 517
3 468 469 517
3 517 469 518
3 469 470 518
3 518 470 519
3 470 471 519
3 519 471 520
3 471 472 520
3 520 472 521
3 472 473 521
3 521 473 522
3 473 474 522
3 522 474 523
3 474 475 523
3 523 475 524
3 475 476 524
3 524 476 525
3 476 477 525
3 525 477 526
3 477 478 526
3 526 478 527
3 478 479 527
3 527 479 528
3 479 480 528
3 528 480 529
3 480 481 529
3 529 481 530
3 481 482 530
3 530 482 531
3 482 483 531
3 531 483 532
3 483 484 532
3 532 484 533
3 484 485 533
3 533 485 534
3 485 486 534
3 534 486 535
3 486 487 535
3 535 487 536
3 487 488 536
3 536 488 537
3 488 489 537
3 537 489 538
3 490 491 539
3 539 491 540
3 491 492 540
3 540 492 541
3 492 493 541
3 541 493 542
3 493 494 542
3 542 494 543
3 494 495 543
3 543 495 544
3 495 496 544
3 544 496 545
3 496 497 545
3 545 497 546
3 497 498 546
3 546 498 547
3 498 499 547
3 547 499 548
3 499 500 548
3 548 500 549
3 500 501 549
3 549 501 550
3 501 502 550
3 550 502 551
3 502 503 551
3 551 503 552
3 503 504 552
3 552 504 553
3 504 505 553
3 553 505 554
3 505 506 554
3 554 506 555
3 506 507 555
3 555 507 556
3 507 508 556
3 556 508 557
3 508 509 557
3 557 509 558
3 509 510 558
3 558 510 559
3 510 511 559
3 559 511 560
3 511 512 560
3 560 512 561
3 512 513 561
3 561 513 562
3 513 514 562
3 562 514 563
3 514 515 563
3 563 515 564
3 515 516 564
3 564 516 565
3 516 517 565
3 565 517 566
3 517 518 566
3 566 518 567
3 518 519 567
3 567 519 568
3 519 520 568
3 568 520 569
3 520 521 569
3 569 521 570
3 521 522 570
3 570 522 571
3 522 523 571
3 571 523 572
3 523 524 572
3 572 524 573
3 524 525 573
3 573 525 574
3 525 526 574
3 574 526 575
3 526 527 575
3 575 527 576
3 527 528 576
3 576 528 577
3 528 529 577
3 577 529 578
3 529 530 578
3 578 530 579
3 530 531 579
3 579 531 580
3 531 532 580
3 580 532 581
3 532 533 581
3 581 533 582
3 533 534 582
3 582 534 583
3 534 535 583
3 583 535 584
3 535 536 584
3 584 536 585
3 536 537 585
3 585 537 586
3 537 538 586
3 586 538 587
3 539 540 588
3 588 540 589
3 540 541 589
3 589 541 590
3 541 542 590
3 590 542 591
3 542 543 591
3 591 543 592
3 543 544 592
3 592 544 593
3 544 545 593
3 593 545 594
3 545 546 594
3 594 546 595
3 546 547 595
3 595 547 596
3 547 548 596
3 596 548 597
3 548 549 597
3 597 549 598
3 549 550 598
3 598 550 599
3 550 551 599
3 599 551 600
3 551 552 600
3 600 552 601
3 552 553 601
3 601 553 602
3 553 554 602
3 602 554 603
3 554 555 603
3 603 555 604
3 555 556 604
3 604 556 605
3 556 557 605
3 605 557 606
3 557 558 606
3 606 558 607
3 558 559 607
3 607 559 608
3 559 560 608
3 608 560 609
3 560 561 609
3 609 561 610
3 561 562 610
3 610 562 611
3 562 563 611
3 611 563 612
3 563 564 612
3 612 564 613
3 564 565 613
3 613 565 614
3 565 566 614
3 614 566 615
3 566 567 615
3 615 567 616
3 567 568 616
3 616 568 617
3 568 569 617
3 617 569 618
3 569 570 618
3 618 570 619
3 570 571 619
3 619 571 620
3 571 572 620
3 620 572 621
3 572 573 621
3 621 573 622
3 573 574 622
3 622 574 623
3 574 575 623
3 623 575 624
3 575 576 624
3 624 576 625
3 576 577 625
3 625 577 626
3 577 578 626
3 626 578 627
3 578 579 627
3 627 579 628
3 579 580 628
3 628 580 629
3 580 581 629
3 629 581 630
3 581 582 630
3 630 582 631
3 582 583 631
3 631 583 632
3 583 584 632
3 632 584 633
3 584 585 633
3 633 585 634
3 585 586 634
3 634 586 635
3 586 587 635
3 635 587 636
3 588 589 637
3 637 589 638
3 589 590 638
3 638 590 639
3 590 591 639
3 639 591 640
3 591 592 640
3 640 592 641
3 592 593 641
3 641 593 642
3 593 594 642
3 642 594 643
3 594 595 643
3 643 595 644
3 595 596 644
3 644 596 645
3 596 597 645
3 645 597 646
3 597 598 646
3 646 598 647
3 598 599 647
3 647 599 648
3 599 600 648
3 648 600 649
3 600 601 649
3 649 601 650
3 601 602 650
3 650 602 651
3 602 603 651
3 651 603 652
3 603 604 652
3 652 604 653
3 604 605 653
3 653 605 654
3 605 606 654
3 654 606 655
3 606 607 655
3 655 607 656
3 607 608 656
3 656 608 657
3 608 609 657
3 657 609 658
3 609 610 658
3 658 610 659
3 610 611 659
3 659 611 660
3 611 612 660
3 660 612 661
3 612 613 661
3 661 613 662
3 613 614 662
3 662 614 663
3 614 615 663
3 663 615 664
3 615 616 664
3 664 616 665
3 616 617 665
3 665 617 666
3 617 618 666
3 666 618 667
3 618 619 667
3 667 619 668
3 619 620 668
3 668 620 669
3 620 621 669
3 669 621 670
3 621 622 670
3 670 622 671
3 622 623 671
3 671 623 672
3 623 624 672
3 672 624 673
3 624 625 673
3 673 625 674
3 625 626 674
3 674 626 675
3 626 627 675
3 675 627 676
3 627 628 676
3 676 628 677
3 628 629 677
3 677 629 678
3 629 630 678
3 678 630 679
3 630 631 679
3 679 631 680
3 631 632 680
3 680 632 681
3 632 633 681
3 681 633 682
3 633 634 682
3 682 634 683
3 634 635 683
3 683 635 684
3 635 636 684
3 684 636 685
3 637 638 686
3 686 638 687
3 638 639 687
3 687 639 688
3 639 640 688
3 688 640 689
3 640 641 689
3 689 641 690
3 641 642 690
3 690 642 691
3 642 643 691
3 691 643 692
3 643 644 692
3 692 644 693
3 644 645 693
3 693 645 694
3 645 646 694
3 694 646 695
3 646 647 695
3 695 647 696
3 647 648 696
3 696 648 697
3 648 649 697
3 697 649 698
3 649 650 698
3 698 650 699
3 650 651 699
3 699 651 700
3 651 652 700
3 700 652 701
3 652 653 701
3 701 653 702
3 653 654 702
3 702 654 703
3 654 655 703
3 703 655 704
3 655 656 704
3 704 656 705
3 656 657 705
3 705 657 706
3 657 658 706
3 706 658 707
3 658 659 707
3 707 659 708
3 659 660 708
3 708 660 709
3 660 661 709
3 709 661 710
3 661 662 710
3 710 662 711
3 662 663 711
3 711 663 712
3 663 664 712
3 712 664 713
3 664 665 713
3 713 665 714
3 665 666 714
3 714 666 715
3 666 667 715
3 715 667 716
3 667 668 716
3 716 668 717
3 668 669 717
3 717 669 718
3 669 670 718
3 718 670 719
3 670 671 719
3 719 671 720
3 671 672 720
3 720 672 721
3 672 673 721
3 721 673 722
3 673 674 722
3 722 674 723
3 674 675 723
3 723 675 724
3 675 676 724
3 724 676 725
3 676 677 725
3 725 677 726
3 677 678 726
3 726 678 727
3 678 679 727
3 727 679 728
3 679 680 728
3 728 680 729
3 680 681 729
3 729 681 730
3 681 682 730
3 730 682 731
3 682 683 731
3 731 683 732
3 683 684 732
3 732 684 733
3 684 685 733
3 733 685 734
3 686 687 735
3 735 687 736
3 687 688 736
3 736 688 737
3 688 689 737
3 737 689 738
3 689 690 738
3 738 690 739
3 690 691 739
3 739 691 740
3 691 692 740
3 740 692 741
3 692 693 741
3 741 693 742
3 693 694 742
3 742 694 743
3 694 695 743
3 743 695 744
3 695 696 744
3 744 696 745
3 696 697 745
3 745 697 746
3 697 698 746
3 746 698 747
3 698 699 747
3 747 699 748
3 699 700 748
3 748 700 749
3 700 701 749
3 749 701 750
3 701 702 750
3 750 702 751
3 702 703 751
3 751 703 752
3 703 704 752
3 752 704 753
3 704 705 753
3 753 705 754
3 705 706 754
3 754 706 755
3 706 707 755
3 755 707 756
3 707 708 756
3 756 708 757
3 708 709 757
3 757 709 758
3 709 710 758
3 758 710 759
3 710 711 759
3 759 711 760
3 711 712 760
3 760 712 761
3 712 713 761
3 761 713 762
3 713 714 762
3 762 714 763
3 714 715 763
3 763 715 764
3 715 716 764
3 764 716 765
3 716 717 765
3 765 717 766
3 717 718 766
3 766 718 767
3 718 719 767
3 767 719 768
3 719 720 768
3 768 720 769
3 720 721 769
3 769 721 770
3 721 722 770
3 770 722 771
3 722 723 771
3 771 723 772
3 723 724 772
3 772 724 773
3 724 725 773
3 773 725 774
3 725 726 774
3 774 726 775
3 726 727 775
3 775 727 776
3 727 728 776
3 776 728 777
3 728 729 777
3 777 729 778
3 729 730 778
3 778 730 779
3 730 731 779
3 779 731 780
3 731 732 780
3 780 732 781
3 732 733 781
3 781 733 782
3 733 734 782
3 782 734 783
3 735 736 784
3 784 736 785
3 736 737 785
3 785 737 786
3 737 738 786
3 786 738 787
3 738 739 787
3 787 739 788
3 739 740 788
3 788 740 789
3 740 741 789
3 789 741 790
3 741 742 790
3 790 742 791
3 742 743 791
3 791 743 792
3 743 744 792
3 792 744 793
3 744 745 793
3 793 745 794
3 745 746 794
3 794 746 795
3 746 747 795
3 795 747 796
3 747 748 796
3 796 748 797
3 748 749 797
3 797 749 798
3 749 750 798
3 798 750 799
3 750 751 799
3 799 751 800
3 751 752 800
3 800 752 801
3 752 753 801
3 801 753 802
3 753 754 802
3 802 754 803
3 754 755 803
3 803 755 804
3 755 756 804
3 804 756 805
3 756 757 805
3 805 757 806
3 757 758 806
3 806 758 807
3 758 759 807
3 807 759 808
3 759 760 808
3 808 760 809
3 760 761 809
3 809 761 810
3 761 762 810
3 810 762 811
3 762 763 811
3 811 763 812
3 763 764 812
3 812 764 813
3 764 765 813
3 813 765 814
3 765 766 814
3 814 766 815
3 766 767 815
3 815 767 816
3 767 768 816
3 816 768 817
3 768 769 817
3 817 769 818
3 769 770 818
3 818 770 819
3 770 771 819
3 819 771 820
3 771 772 820
3 820 772 821
3 772 773 821
3 821 773 822
3 773 774 822
3 822 774 823
3 774 775 823
3 823 775 824
3 775 776 824
3 824 776 825
3 776 777 825
3 825 777 826
3 777 778 826
3 826 778 827
3 778 779 827
3 827 779 828
3 779 780 828
3 828 780 829
3 780 781 829
3 829 781 830
3 781 782 830
3 830 782 831
3 782 783 831
3 831 783 832
3 784 785 833
3 833 785 834
3 785 786 834
3 834 786 835
3 786 787 835
3 835 787 836
3 787 788 836
3 836 788 837
3 788 789 837
3 837 789 838
3 789 790 838
3 838 790 839
3 790 791 839
3 839 791 840
3 791 792 840
3 840 792 841
3 792 793 841
3 841 793 842
3 793 794 842
3 842 794 843
3 794 795 843
3 843 795 844
3 795 796 844
3 844 796 845
3 796 797 845
3 845 797 846
3 797 798 846
3 846 798 847
3 798 799 847
3 847 799 848
3 799 800 848
3 848 800 849
3 800 801 849
3 849 801 850
3 801 802 850
3 850 802 851
3 802 803 851
3 851 803 852
3 803 804 852
3 852 804 853
3 804 805 853
3 853 805 854
3 805 806 854
3 854 806 855
3 806 807 855
3 855 807 856
3 807 808 856
3 856 808 857
3 808 809 857
3 857 809 858
3 809 810 858
3 858 810 859
3 810 811 859
3 859 811 860
3 811 812 860
3 860 812 861
3 812 813 861
3 861 813 862
3 813 814 862
3 862 814 863
3 814 815 863
3 863 815 864
3 815 816 864
3 864 816 865
3 816 817 865
3 865 817 866
3 817 818 866
3 866 818 867
3 818 819 867
3 867 819 868
3 819 820 868
3 868 820 869
3 820 821 869
3 869 821 870
3 821 822 870
3 870 822 871
3 822 823 871
3 871 823 872
3 823 824 872
3 872 824 873
3 824 825 873
3 873 825 874
3 825 826 874
3 874 826 875
3 826 827 875
3 875 827 876
3 827 828 876
3 876 828 877
3 828 829 877
3 877 829 878
3 829 830 878
3 878 830 879
3 830 831 879
3 879 831 880
3 831 832 880
3 880 832 881
3 833 834 882
3 882 834 883
3 834 835 883
3 883 835 884
3 835 836 884
3 884 836 885
3 836 837 885
3 885 837 886
3 837 838 886
3 886 838 887
3 838 839 887
3 887 839 888
3 839 840 888
3 888 840 889
3 840 841 889
3 889 841 890
3 841 842 890
3 890 842 891
3 842 843 891
3 891 843 892
3 843 844 892
3 892 844 893
3 844 845 893
3 893 845 894
3 845 846 894
3 894 846 895
3 846 847 895
3 895 847 896
3 847 848 896
3 896 848 897
3 848 849 897
3 897 849 898
3 849 850 898
3 898 850 899
3 850 851 899
3 899 851 900
3 851 852 900
3 900 852 901
3 852 853 901
3 901 853 902
3 853 854 902
3 902 854 903
3 854 855 903
3 903 855 904
3 855 856 904
3 904 856 905
3 856 857 905
3 905 857 906
3 857 858 906
3 906 858 907
3 858 859 907
3 907 859 908
3 859 860 908
3 908 860 909
3 860 861 909
3 909 861 910
3 861 862 910
3 910 862 911
3 862 863 911
3 911 863 912
3 863 864 912
3 912 864 913
3 864 865 913
3 913 865 914
3 865 866 914
3 914 866 915
3 866 867 915
3 915 867 916
3 867 868 916
3 916 868 917
3 868 869 917
3 917 869 918
3 869 870 918
3 918 870 919
3 870 871 919
3 919 871 920
3 871 872 920
3 920 872 921
3 872 873 921
3 921 873 922
3 873 874 922
3 922 874 923
3 874 875 923
3 923 875 924
3 875 876 924
3 924 876 925
3 876 877 925
3 925 877 926
3 877 878 926
3 926 878 927
3 878 879 927
3 927 879 928
3 879 880 928
3 928 880 929
3 880 881 929
3 929 881 930
3 882 883 931
3 931 883 932
3 883 884 932
3 932 884 933
3 884 885 933
3 933 885 934
3 885 886 934
3 934 886 935
3 886 887 935
3 935 887 936
3 887 888 936
3 936 888 937
3 888 889 937
3 937 889 938
3 889 890 938
3 938 890 939
3 890 891 939
3 939 891 940
3 891 892 940
3 940 892 941
3 892 893 941
3 941 893 942
3 893 894 942
3 942 894 943
3 894 895 943
3 943 895 944
3 895 896 944
3 944 896 945
3 896 897 945
3 945 897 946
3 897 898 946
3 946 898 947
3 898 899 947
3 947 899 948
3 899 900 948
3 948 900 949
3 900 901 949
3 949 901 950
3 901 902 950
3 950 902 951
3 902 903 951
3 951 903 952
3 903 904 952
3 952 904 953
3 904 905 953
3 953 905 954
3 905 906 954
3 954 906 955
3 906 907 955
3 955 907 956
3 907 908 956
3 956 908 957
3 908 909 957
3 957 909 958
3 909 910 958
3 958 910 959
3 910 911 959
3 959 911 960
3 911 912 960
3 960 912 961
3 912 913 961
3 961 913 962
3 913 914 962
3 962 914 963
3 914 915 963
3 963 915 964
3 915 916 964
3 964 916 965
3 916 917 965
3 965 917 966
3 917 918 966
3 966 918 967
3 918 919 967
3 967 919 968
3 919 920 968
3 968 920 969
3 920 921 969
3 969 921 970
3 921 922 970
3 970 922 971
3 922 923 971
3 971 923 972
3 923 924 972
3 972 924 973
3 924 925 973
3 973 925 974
3 925 926 974
3 974 926 975
3 926 927 975
3 975 927 976
3 927 928 976
3 976 928 977
3 928 929 977
3 977 929 978
3 929 930 978
3 978 930 979
3 931 932 980
3 980 932 981
3 932 933 981
3 981 933 982
3 933 934 982
3 982 934 983
3 934 935 983
3 983 935 984
3 935 936 984
3 984 936 985
3 936 937 985
3 985 937 986
3 937 938 986
3 986 938 987
3 938 939 987
3 987 939 988
3 939 940 988
3 988 940 989
3 940 941 989
3 989 941 990
3 941 942 990
3 990 942 991
3 942 943 991
3 991 943 992
3 943 944 992
3 992 944 993
3 944 945 993
3 993 945 994
3 945 946 994
3 994 946 995
3 946 947 995
3 995 947 996
3 947 948 996
3 996 948 997
3 948 949 997
3 997 949 998
3 949 950 998
3 998 950 999
3 950 951 999
3 999 951 1000
3 951 952 1000
3 1000 952 1001
3 952 953 1001
3 1001 953 1002
3 953 954 1002
3 1002 954 1003
3 954 955 1003
3 1003 955 1004
3 955 956 1004
3 1004 956 1005
3 956 957 1005
3 1005 957 1006
3 957 958 1006
3 1006 958 1007
3 958 959 1007
3 1007 959 1008
3 959 960 1008
3 1008 960 1009
3 960 961 1009
3 1009 961 1010
3 961 962 1010
3 1010 962 1011
3 962 963 1011
3 1011 963 1012
3 963 964 1012
3 1012 964 1013
3 964 965 1013
3 1013 965 1014
3 965 966 1014
3 1014 966 1015
3 966 967 1015
3 1015 967 1016
3 967 968 1016
3 1016 968 1017
3 968 969 1017
3 1017 969 1018
3 969 970 1018
3 1018 970 1019
3 970 971 1019
3 1019 971 1020
3 971 972 1020
3 1020 972 1021
3 972 973 1021
3 1021 973 1022
3 973 974 1022
3 1022 974 1023
3 974 975 1023
3 1023 975 1024
3 975 976 1024
3 1024 976 1025
3 976 977 1025
3 1025 977 1026
3 977 978 1026
3 1026 978 1027
3 978 979 1027
3 1027 979 1028
3 980 981 1029
3 1029 981 1030
3 981 982 1030
3 1030 982 1031
3 982 983 1031
3 1031 983 1032
3 983 984 1032
3 1032 984 1033
3 984 985 1033
3 1033 985 1034
3 985 986 1034
3 1034 986 1035
3 986 987 1035
3 1035 987 1036
3 987 988 1036
3 1036 988 1037
3 988 989 1037
3 1037 989 1038
3 989 990 1038
3 1038 990 1039
3 990 991 1039
3 1039 991 1040
3 991 992 1040
3 1040 992 1041
3 992 993 1041
3 1041 993 1042
3 993 994 1042
3 1042 994 1043
3 994 995 1043
3 1043 995 1044
3 995 996 1044
3 1044 996 1045
3 996 997 1045
3 1045 997 1046
3 997 998 1046
3 1046 998 1047
3 998 999 1047
3 1047 999 1048
3 999 1000 1048
3 1048 1000 1049
3 1000 1001 1049
3 1049 1001 1050
3 1001 1002 1050
3 1050 1002 1051
3 1002 1003 1051
3 1051 1003 1052
3 1003 1004 1052
3 1052 1004 1053
3 1004 1005 1053
3 1053 1005 1054
3 1005 1006 1054
3 1054 1006 1055
3 1006 1007 1055
3 1055 1007 1056
3 1007 1008 1056
3 1056 1008 1057
3 1008 1009 1057
3 1057 1009 1058
3 1009 1010 1058
3 1058 1010 1059
3 1010 1011 1059
3 1059 1011 1060
3 1011 1012 1060
3 1060 1012 1061
3 1012 1013 1061
3 1061 1013 1062
3 1013 1014 1062
3 1062 1014 1063
3 1014 1015 1063
3 1063 1015 1064
3 1015 1016 1064
3 1064 1016 1065
3 1016 1017 1065
3 1065 1017 1066
3 1017 1018 1066
3 1066 1018 1067
3 1018 1019 1067
3 1067 1019 1068
3 1019 1020 1068
3 1068 1020 1069
3 1020 1021 1069
3 1069 1021 1070
3 1021 1022 1070
3 1070 1022 1071
3 1022 1023 1071
3 1071 1023 1072
3 1023 1024 1072
3 1072 1024 1073
3 1024 1025 1073
3 1073 1025 1074
3 1025 1026 1074
3 1074 1026 1075
3 1026 1027 1075
3 1075 1027 1076
3 1027 1028 1076
3 1076 1028 1077
3 1029 1030 1078
3 1078 1030 1079
3 1030 1031 1079
3 1079 1031 1080
3 1031 1032 1080
3 1080 1032 1081
3 1032 1033 1081
3 1081 1033 1082
3 1033 1034 1082
3 1082 1034 1083
3 1034 1035 1083
3 1083 1035 1084
3 1035 1036 1084
3 1084 1036 1085
3 1036 1037 1085
3 1085 1037 1086
3 1037 1038 1086
3 1086 1038 1087
3 1038 1039 1087
3 1087 1039 1088
3 1039 1040 1088
3 1088 1040 1089
3 1040 1041 1089
3 1089 1041 1090
3 1041 1042 1090
3 1090 1042 1091
3 1042 1043 1091
3 1091 1043 1092
3 1043 1044 1092
3 1092 1044 1093
3 1044 1045 1093
3 1093 1045 1094
3 1045 1046 1094
3 1094 1046 1095
3 1046 1047 1095
3 1095 1047 1096
3 1047 1048 1096
3 1096 1048 1097
3 1048 1049 1097
3 1097 1049 1098
3 1049 1050 1098
3 1098 1050 1099
3 1050 1051 1099
3 1099 1051 1100
3 1051 1052 1100
3 1100 1052 1101
3 1052 1053 1101
3 1101 1053 1102
3 1053 1054 1102
3 1102 1054 1103
3 1054 1055 1103
3 1103 1055 1104
3 1055 1056 1104
3 1104 1056 1105
3 1056 1057 1105
3 1105 1057 1106
3 1057 1058 1106
3 1106 1058 1107
3 1058 1059 1107
3 1107 1059 1108
3 1059 1060 1108
3 1108 1060 1109
3 1060 1061 1109
3 1109 1061 1110
3 1061 1062 1110
3 1110 1062 1111
3 1062 1063 1111
3 1111 1063 1112
3 1063 1064 1112
3 1112 1064 1113
3 1064 1065 1113
3 1113 1065 1114
3 1065 1066 1114
3 1114 1066 1115
3 1066 1067 1115
3 1115 1067 1116
3 1067 1068 1116
3 1116 1068 1117
3 1068 1069 1117
3 1117 1069 1118
3 1069 1070 1118
3 1118 1070 1119
3 1070 1071 1119
3 1119 1071 1120
3 1071 1072 1120
3 1120 1072 1121
3 1072 1073 1121
3 1121 1073 1122
3 1073 1074 1122
3 1122 1074 1123
3 1074 1075 1123
3 1123 1075 1124
3 1075 1076 1124
3 1124 1076 1125
3 1076 1077 1125
3 1125 1077 1126
3 1078 1079 1127
3 1127 1079 1128
3 1079 1080 1128
3 1128 1080 1129
3 1080 1081 1129
3 1129 1081 1130
3 1081 1082 1130
3 1130 1082 1131
3 1082 1083 1131
3 1131 1083 1132
3 1083 1084 1132
3 1132 1084 1133
3 1084 1085 1133
3 1133 1085 1134
3 1085 1086 1134
3 1134 1086 1135
3 1086 1087 1135
3 1135 1087 1136
3 1087 1088 1136
3 1136 1088 1137
3 1088 1089 1137
3 1137 1089 1138
3 1089 1090 1138
3 1138 1090 1139
3 1090 1091 1139
3 1139 1091 1140
3 1091 1092 1140
3 1140 1092 1141
3 1092 1093 1141
3 1141 1093 1142
3 1093 1094 1142
3 1142 1094 1143
3 1094 1095 1143
3 1143 1095 1144
3 1095 1096 1144
3 1144 1096 1145
3 1096 1097 1145
3 1145 1097 1146
3 1097 1098 1146
3 1146 1098 1147
3 1098 1099 1147
3 1147 1099 1148
3 1099 1100 1148
3 1148 1100 1149
3 1100 1101 1149
3 1149 1101 1150
3 1101 1102 1150
3 1150 1102 1151
3 1102 1103 1151
3 1151 1103 1152
3 1103 1104 1152
3 1152 1104 1153
3 1104 1105 1153
3 1153 1105 1154
3 1105 1106 1154
3 1154 1106 1155
3 1106 1107 1155
3 1155 1107 1156
3 1107 1108 1156
3 1156 1108 1157
3 1108 1109 1157
3 1157 1109 1158
3 1109 1110 1158
3 1158 1110 1159
3 1110 1111 1159
3 1159 1111 1160
3 1111 1112 1160
3 1160 1112 1161
3 1112 1113 1161
3 1161 1113 1162
3 1113 1114 1162
3 1162 1114 1163
3 1114 1115 1163
3 1163 1115 1164
3 1115 1116 1164
3 1164 1116 1165
3 1116 1117 1165
3 1165 1117 1166
3 1117 1118 1166
3 1166 1118 1167
3 1118 1119 1167
3 1167 1119 1168
3 1119 1120 1168
3 1168 1120 1169
3 1120 1121 1169
3 1169 1121 1170
3 1121 1122 1170
3 1170 1122 1171
3 1122 1123 1171
3 1171 1123 1172
3 1123 1124 1172
3 1172 1124 1173
3 1124 1125 1173
3 1173 1125 1174
3 1125 1126 1174
3 1174 1126 1175
3 1127 1128 1176
3 1176 1128 1177
3 1128 1129 1177
3 1177 1129 1178
3 1129 1130 1178
3 1178 1130 1179
3 1130 1131 1179
3 1179 1131 1180
3 1131 1132 1180
3 1180 1132 1181
3 1132 1133 1181
3 1181 1133 1182
3 1133 1134 1182
3 1182 1134 1183
3 1134 1135 1183
3 1183 1135 1184
3 1135 1136 1184
3 1184 1136 1185
3 1136 1137 1185
3 1185 1137 1186
3 1137 1138 1186
3 1186 1138 1187
3 1138 1139 1187
3 1187 1139 1188
3 1139 1140 1188
3 1188 1140 1189
3 1140 1141 1189
3 1189 1141 1190
3 1141 1142 1190
3 1190 1142 1191
3 1142 1143 1191
3 1191 1143 1192
3 1143 1144 1192
3 1192 1144 1193
3 1144 1145 1193
3 1193 1145 1194
3 1145 1146 1194
3 1194 1146 1195
3 1146 1147 1195
3 1195 1147 1196
3 1147 1148 1196
3 1196 1148 1197
3 1148 1149 1197
3 1197 1149 1198
3 1149 1150 1198
3 1198 1150 1199
3 1150 1151 1199
3 1199 1151 1200
3 1151 1152 1200
3 1200 1152 1201
3 1152 1153 1201
3 1201 1153 1202
3 1153 1154 1202
3 1202 1154 1203
3 1154 1155 1203
3 1203 1155 1204
3 1155 1156 1204
3 1204 1156 1205
3 1156 1157 1205
3 1205 1157 1206
3 1157 1158 1206
3 1206 1158 1207
3 1158 1159 1207
3 1207 1159 1208
3 1159 1160 1208
3 1208 1160 1209
3 1160 1161 1209
3 1209 1161 1210
3 1161 1162 1210
3 1210 1162 1211
3 1162 1163 1211
3 1211 1163 1212
3 1163 1164 1212
3 1212 1164 1213
3 1164 1165 1213
3 1213 1165 1214
3 1165 1166 1214
3 1214 1166 1215
3 1166 1167 1215
3 1215 1167 1216
3 1167 1168 1216
3 1216 1168 1217
3 1168 1169 1217
3 1217 1169 1218
3 1169 1170 1218
3 1218 1170 1219
3 1170 1171 1219
3 1219 1171 1220
3 1171 1172 1220
3 1220 1172 1221
3 1172 1173 1221
3 1221 1173 1222
3 1173 1174 1222
3 1222 1174 1223
3 1174 1175 1223
3 1223 1175 1224
